ticker,name,as_of,fiscal_year,sector,roe,roe_3y_avg,opm,debt_ratio,is_financial,is_holding,per,pbr,ev_ebitda,fcf_yield,sector_per_median,sector_pbr_median,net_income_y1,net_income_y2,audit_opinion,verified,source,is_etf,is_spac,is_managed,is_halted,close,market_cap,volume,trading_value,avg_trading_value_20d,high_52w,low_52w,return_6m,volatility_1y,beta_kospi200,dividend_yield,payout_ratio,buyback_3y,verified_sh,source_sh,is_held,sector_group,sector_source,governance_red,gate_pass,gate_fail_reason
005830,DB손해보험,2026-07-28,2025,insurance,12.5,11.8,9.6,0.0,True,False,8.2,0.92,,,10.5,1.05,5200000000000.0,4800000000000.0,unqualified,True,manual,False,False,False,False,159000.0,10414555491000.0,237504,37763136000.0,36080363050.0,205500.0,119300.0,0.2335,43.19,,3.2,35.0,True,True,manual,False,,,False,True,
021240,코웨이,2026-07-28,2025,consumer,18.2,17.5,14.1,45.3,False,False,12.4,1.8,8.2,4.1,18.0,2.2,850000000000.0,780000000000.0,unqualified,True,manual,False,False,False,False,91200.0,6453989251200.0,197217,17986190400.0,18293075372.55,113200.0,70900.0,0.1813,39.01,,2.1,28.0,False,True,manual,False,,,False,True,
005440,현대지에프홀딩스,2026-07-28,2025,holding,8.5,8.0,6.2,35.0,False,True,9.8,0.55,6.5,3.2,12.0,0.75,120000000000.0,95000000000.0,unqualified,True,manual,False,False,False,False,11720.0,2149415172280.0,366581,4296329320.0,3900301711.25,18750.0,7290.0,0.3708,61.33,,2.8,30.0,True,True,manual,False,,,False,True,
192400,쿠쿠홀딩스,2026-07-28,2025,holding,9.2,8.8,7.5,28.0,False,True,11.0,0.62,7.0,2.8,12.0,0.75,95000000000.0,88000000000.0,unqualified,True,manual,False,False,False,False,25900.0,921060591500.0,19914,515772600.0,358303942.5,34750.0,23600.0,-0.0478,29.83,,2.5,25.0,False,True,manual,False,,,False,False,low_liquidity
006040,동원산업,2026-07-28,2025,consumer,11.0,10.5,8.2,55.0,False,False,9.5,0.85,5.5,5.0,18.0,2.2,180000000000.0,165000000000.0,unqualified,True,manual,False,False,False,False,34950.0,1542721624050.0,39871,1393491450.0,1750607126.25,50000.0,30050.0,-0.1568,40.14,,3.5,40.0,True,True,manual,False,,,False,True,
036530,SNT홀딩스,2026-07-28,2025,holding,7.8,7.2,5.8,40.0,False,True,8.5,0.48,5.8,4.5,12.0,0.75,65000000000.0,60000000000.0,unqualified,True,manual,False,False,False,False,47950.0,781771333700.0,19410,930709500.0,929080696.25,88200.0,46450.0,-0.1558,49.51,,3.8,45.0,True,True,manual,False,,,False,False,low_liquidity
002380,KCC,2026-07-28,2025,materials,6.5,5.8,4.2,85.0,False,False,14.0,0.72,9.5,2.0,15.0,1.1,350000000000.0,280000000000.0,unqualified,True,manual,False,False,False,False,380500.0,3269596928000.0,24896,9472928000.0,11697135162.5,680000.0,350500.0,-0.1313,62.63,,2.0,22.0,False,True,manual,False,,,False,True,
271560,오리온,2026-07-28,2025,consumer,15.0,14.2,12.5,38.0,False,False,13.5,1.6,7.8,3.5,18.0,2.2,420000000000.0,400000000000.0,unqualified,True,manual,False,False,False,False,129900.0,5134789561200.0,120786,15690101400.0,14124600760.0,146000.0,99300.0,0.1276,31.06,,2.4,32.0,True,True,manual,False,,,False,True,
030190,NICE평가정보,2026-07-28,2025,data_service,16.5,15.8,18.0,25.0,False,False,15.0,2.1,10.0,2.2,20.0,2.5,85000000000.0,78000000000.0,unqualified,True,manual,False,False,False,False,14100.0,830652530700.0,56319,794097900.0,1084941637.1,18200.0,13060.0,-0.1429,37.49,,1.8,20.0,False,True,manual,False,,,False,True,
453340,현대그린푸드,2026-07-28,2025,consumer,8.0,7.5,5.5,62.0,False,False,11.5,0.95,6.0,3.8,18.0,2.2,45000000000.0,42000000000.0,unqualified,True,manual,False,False,False,False,18440.0,598776064280.0,32264,594948160.0,839291243.5,19300.0,14830.0,0.2244,29.03,,2.2,28.0,False,True,manual,False,,,False,False,low_liquidity
000660,SK하이닉스,2026-07-28,2025,semiconductor,22.0,18.0,28.0,48.0,False,False,14.5,2.4,6.8,3.0,18.0,2.0,18000000000000.0,12000000000000.0,unqualified,True,manual,False,False,False,False,1550000.0,1104688665750000.0,7376718,11433912900000.0,12363570611050.85,2919000.0,245000.0,1.0861,82.05,,1.2,15.0,True,True,manual,False,,,False,True,
005930,삼성전자,2026-07-28,2026,반도체/IT하드웨어,10.0,10.0,,80.0,False,False,46.93,4.84,,,,,,,unqualified,stub,liquid_stub,False,False,False,False,220000.0,1286181293760000.0,40359563,8879103860000.0,7808425403917.75,362500.0,64700.0,0.5152,66.59,,,,,,,False,semiconductor,manual,False,True,
402340,SK스퀘어,2026-07-28,2026,기타금융,10.0,10.0,,80.0,False,False,27.46,8.74,,,,,,,unqualified,stub,liquid_stub,False,False,False,False,925000.0,122061507050000.0,1138805,1053394625000.0,1444879073004.0,1970000.0,135200.0,1.1663,88.85,,,,,,,False,financial,krx_official,False,True,
005935,삼성전자우,2026-07-28,2026,전기·전자,10.0,10.0,,80.0,False,False,,,,,,,,,unqualified,stub,liquid_stub,False,False,False,False,158200.0,126935124314600.0,4138740,654748668000.0,764042234535.4,235000.0,53900.0,0.4771,62.98,,,,,,,False,electronics,krx_official,False,True,
009150,삼성전기,2026-07-28,2026,전기·전자,10.0,10.0,,80.0,False,False,212.95,15.76,,,,,,,unqualified,stub,liquid_stub,False,False,False,False,1114000.0,83208777344000.0,929816,1035815024000.0,1504500174186.4,2270000.0,134500.0,2.9504,82.74,,,,,,,False,electronics,krx_official,False,True,
005380,현대차,2026-07-28,2026,운송장비·부품,10.0,10.0,,80.0,False,False,14.16,1.16,,,,,,,unqualified,stub,liquid_stub,False,False,False,False,364000.0,74531826824000.0,898415,327023060000.0,402020493003.25,750000.0,206500.0,-0.2401,65.86,,,,,,,False,auto,krx_official,False,True,
032830,삼성생명,2026-07-28,2026,보험,10.0,10.0,,80.0,False,False,33.14,1.22,,,,,,,unqualified,stub,liquid_stub,False,False,False,False,285000.0,57000000000000.0,422594,120439290000.0,158581112351.85,497000.0,119700.0,0.6267,61.31,,,,,,,False,insurance,krx_official,False,True,
373220,LG에너지솔루션,2026-07-28,2026,전기·전자,10.0,10.0,,80.0,False,False,,4.19,,,,,,,unqualified,stub,liquid_stub,False,False,False,False,314000.0,73476000000000.0,337138,105861332000.0,117098613275.0,514000.0,311000.0,-0.2208,61.51,,,,,,,False,electronics,krx_official,False,True,
028260,삼성물산,2026-07-28,2026,유통,10.0,10.0,,80.0,False,False,30.53,1.49,,,,,,,unqualified,stub,liquid_stub,False,False,False,False,305000.0,49461112205000.0,520908,158876940000.0,236113587397.1,535000.0,159000.0,0.0304,68.98,,,,,,,False,distribution,krx_official,False,True,
329180,HD현대중공업,2026-07-28,2026,운송장비·부품,10.0,10.0,,80.0,False,False,37.45,6.6,,,,,,,unqualified,stub,liquid_stub,False,False,False,False,451000.0,47337512475000.0,357603,161278953000.0,156087155951.4,745000.0,400500.0,-0.2964,58.73,,,,,,,False,auto,krx_official,False,True,
034020,두산에너빌리티,2026-07-28,2026,기계·장비,10.0,10.0,,80.0,False,False,675.76,7.34,,,,,,,unqualified,stub,liquid_stub,False,False,False,False,64700.0,41444306146200.0,2148321,138996368700.0,201455222962.5,136400.0,57400.0,-0.3211,66.84,,,,,,,False,industrials,krx_official,False,True,
207940,삼성바이오로직스,2026-07-28,2026,제약,10.0,10.0,,80.0,False,False,47.81,7.9,,,,,,,unqualified,stub,liquid_stub,False,False,False,False,1549000.0,71704683099000.0,155654,241108046000.0,91450123202.0,1965000.0,1243000.0,-0.1932,38.64,,,,,,,False,healthcare,krx_official,False,True,
034730,SK,2026-07-28,2026,기타금융,10.0,10.0,,80.0,False,False,24.31,1.54,,,,,,,unqualified,stub,liquid_stub,False,False,False,False,541000.0,39223962323000.0,289124,156416084000.0,174916304533.75,858000.0,178900.0,0.8339,67.5,,,,,,,False,financial,krx_official,False,True,
105560,KB금융,2026-07-28,2026,은행/금융지주,10.0,10.0,,80.0,False,False,9.97,0.93,,,,,,,unqualified,stub,liquid_stub,False,False,False,False,165200.0,58594413656800.0,1297643,214370623600.0,275757680350.2,186200.0,106000.0,0.2412,40.88,,,,,,,False,financial,manual,False,True,
012450,한화에어로스페이스,2026-07-28,2026,운송장비·부품,10.0,10.0,,80.0,False,False,37.61,5.7,,,,,,,unqualified,stub,liquid_stub,False,False,False,False,875000.0,45117975875000.0,172897,151284875000.0,220869356729.85,1537000.0,813000.0,-0.3316,61.06,,,,,,,False,auto,krx_official,False,True,
000270,기아,2026-07-28,2026,자동차,10.0,10.0,,80.0,False,False,7.09,0.87,,,,,,,unqualified,stub,liquid_stub,False,False,False,False,121800.0,47552303156400.0,1115783,135902369400.0,158849615024.55,206000.0,97800.0,-0.2569,55.13,,,,,,,False,auto,manual,False,True,
012330,현대모비스,2026-07-28,2026,운송장비·부품,10.0,10.0,,80.0,False,False,12.48,0.93,,,,,,,unqualified,stub,liquid_stub,False,False,False,False,440000.0,39922336520000.0,386385,170009400000.0,180028577080.0,768000.0,283500.0,-0.0244,67.01,,,,,,,False,auto,krx_official,False,True,
055550,신한지주,2026-07-28,2026,은행/금융지주,10.0,10.0,,80.0,False,False,9.96,0.8,,,,,,,unqualified,stub,liquid_stub,False,False,False,False,100900.0,47892625024900.0,1253310,126458979000.0,147771590948.05,109200.0,64000.0,0.232,37.49,,,,,,,False,financial,manual,False,True,
006400,삼성SDI,2026-07-28,2026,전기·전자,10.0,10.0,,80.0,False,False,,1.72,,,,,,,unqualified,stub,liquid_stub,False,False,False,False,382000.0,30783672460000.0,468562,178990684000.0,213183501012.5,712000.0,176100.0,0.1718,71.56,,,,,,,False,electronics,krx_official,False,True,
010120,LS ELECTRIC,2026-07-28,2026,전기·전자,10.0,10.0,,80.0,False,False,120.53,16.7,,,,,,,unqualified,stub,liquid_stub,False,False,False,False,175500.0,26325000000000.0,785630,137878065000.0,213539705647.5,318500.0,51900.0,0.6714,82.14,,,,,,,False,electronics,krx_official,False,True,
267260,HD현대일렉트릭,2026-07-28,2026,전기·전자,10.0,10.0,,80.0,False,False,46.62,16.84,,,,,,,unqualified,stub,liquid_stub,False,False,False,False,705000.0,25413230175000.0,199093,140360565000.0,138663754075.0,1420000.0,446500.0,-0.2295,64.24,,,,,,,False,electronics,krx_official,False,True,
068270,셀트리온,2026-07-28,2026,제약,10.0,10.0,,80.0,False,False,36.08,2.14,,,,,,,unqualified,stub,liquid_stub,False,False,False,False,177400.0,41255027444400.0,1305336,231566606400.0,108445020385.0,236861.0,159400.0,-0.1009,41.06,,,,,,,False,healthcare,krx_official,False,True,
298040,효성중공업,2026-07-28,2026,전기·전자,10.0,10.0,,80.0,False,False,64.77,14.32,,,,,,,unqualified,stub,liquid_stub,False,False,False,False,2324000.0,21670249552000.0,39547,91907228000.0,149537673325.0,4601000.0,1040000.0,-0.0085,70.88,,,,,,,False,electronics,krx_official,False,True,
066570,LG전자,2026-07-28,2026,전기·전자,10.0,10.0,,80.0,False,False,37.9,1.52,,,,,,,unqualified,stub,liquid_stub,False,False,False,False,157500.0,25654330485000.0,949737,149583577500.0,292581870520.0,392500.0,72200.0,0.5,86.16,,,,,,,False,electronics,krx_official,False,True,
042660,한화오션,2026-07-28,2026,운송장비·부품,10.0,10.0,,80.0,False,False,26.08,5.19,,,,,,,unqualified,stub,liquid_stub,False,False,False,False,81000.0,24819484914000.0,1481045,119964645000.0,215861339210.0,149900.0,76800.0,-0.4494,71.51,,,,,,,False,auto,krx_official,False,True,
086790,하나금융지주,2026-07-28,2026,은행/금융지주,10.0,10.0,,80.0,False,False,8.28,0.7,,,,,,,unqualified,stub,liquid_stub,False,False,False,False,123000.0,33747233004000.0,1127195,138644985000.0,129694061877.8,136800.0,81200.0,0.2263,39.53,,,,,,,False,financial,manual,False,True,
035420,NAVER,2026-07-28,2026,IT 서비스,10.0,10.0,,80.0,False,False,15.57,1.1,,,,,,,unqualified,stub,liquid_stub,False,False,False,False,210000.0,32958290820000.0,2281917,479202570000.0,226006117772.5,287000.0,183200.0,-0.1393,54.66,,,,,,,False,it_services,krx_official,False,True,
000810,삼성화재,2026-07-28,2026,보험,10.0,10.0,,80.0,False,False,13.61,1.29,,,,,,,unqualified,stub,liquid_stub,False,False,False,False,609000.0,27190311057000.0,94760,57708840000.0,72402068680.0,730000.0,417500.0,0.2156,59.56,,,,,,,False,insurance,krx_official,False,True,
009540,HD한국조선해양,2026-07-28,2026,기타금융,10.0,10.0,,80.0,False,False,11.89,1.94,,,,,,,unqualified,stub,liquid_stub,False,False,False,False,354000.0,25053683064000.0,200941,71133114000.0,76201318487.4,479500.0,327000.0,-0.2009,53.38,,,,,,,False,financial,krx_official,False,True,
000150,두산,2026-07-28,2026,전기·전자,10.0,10.0,,80.0,False,False,361.94,17.52,,,,,,,unqualified,stub,liquid_stub,False,False,False,False,1046000.0,16938751410000.0,80750,84464500000.0,106161757425.0,2203000.0,508000.0,0.2191,84.12,,,,,,,False,electronics,krx_official,False,True,
042700,한미반도체,2026-07-28,2026,기계·장비,10.0,10.0,,80.0,False,False,114.36,35.45,,,,,,,unqualified,stub,liquid_stub,False,False,False,False,179500.0,17108539900000.0,705041,126554859500.0,221837744112.5,409500.0,81500.0,0.043,97.88,,,,,,,False,industrials,krx_official,False,True,
005490,POSCO홀딩스,2026-07-28,2026,금속,10.0,10.0,,80.0,False,False,37.02,0.44,,,,,,,unqualified,stub,liquid_stub,False,False,False,False,299000.0,23693216573000.0,367586,109908214000.0,95189038987.5,535000.0,263000.0,-0.1636,50.65,,,,,,,False,materials_metal,krx_official,False,True,
006800,미래에셋증권,2026-07-28,2026,증권,10.0,10.0,,80.0,False,False,15.8,1.85,,,,,,,unqualified,stub,liquid_stub,False,False,False,False,33050.0,18493685384000.0,1859322,61450592100.0,82126555708.75,83800.0,17713.0,0.0812,82.96,,,,,,,False,financial_brokerage,krx_official,False,True,
011070,LG이노텍,2026-07-28,2026,전기·전자,10.0,10.0,,80.0,False,False,68.72,4.07,,,,,,,unqualified,stub,liquid_stub,False,False,False,False,514000.0,12164892998000.0,280740,144300360000.0,201594267575.0,1530000.0,151900.0,0.8357,83.87,,,,,,,False,electronics,krx_official,False,True,
015760,한국전력,2026-07-28,2026,전력/유틸리티,10.0,10.0,,80.0,False,False,2.72,0.48,,,,,,,unqualified,stub,liquid_stub,False,False,False,False,33650.0,21602091191050.0,1447961,48723887650.0,60578943568.75,67900.0,33000.0,-0.4855,55.39,,,,,,,False,utilities,manual,False,True,
010130,고려아연,2026-07-28,2026,금속,10.0,10.0,,80.0,False,False,25.47,2.02,,,,,,,unqualified,stub,liquid_stub,False,False,False,False,950000.0,19829320550000.0,17637,16755150000.0,17127423725.0,2115000.0,759000.0,-0.4139,75.29,,,,,,,False,materials_metal,krx_official,False,True,
010140,삼성중공업,2026-07-28,2026,운송장비·부품,10.0,10.0,,80.0,False,False,38.03,5.0,,,,,,,unqualified,stub,liquid_stub,False,False,False,False,20700.0,18216000000000.0,3471198,71853798600.0,87238792770.0,34400.0,17900.0,-0.329,58.04,,,,,,,False,auto,krx_official,False,True,
316140,우리금융지주,2026-07-28,2026,기타금융,10.0,10.0,,80.0,False,False,7.27,0.6,,,,,,,unqualified,stub,liquid_stub,False,False,False,False,31750.0,23116847403500.0,3209832,101912166000.0,72116437588.75,40800.0,23600.0,0.118,36.26,,,,,,,False,financial,krx_official,False,True,
051910,LG화학,2026-07-28,2026,화학,10.0,10.0,,80.0,False,False,,0.69,,,,,,,unqualified,stub,liquid_stub,False,False,False,False,240500.0,16977458491500.0,223661,53790470500.0,57744037662.5,429500.0,240500.0,-0.2906,62.19,,,,,,,False,materials,krx_official,False,True,
064350,현대로템,2026-07-28,2026,운송장비·부품,10.0,10.0,,80.0,False,False,27.44,6.86,,,,,,,unqualified,stub,liquid_stub,False,False,False,False,122600.0,13380845121800.0,950984,116590638400.0,100519130072.85,269000.0,122600.0,-0.4389,68.41,,,,,,,False,auto,krx_official,False,True,
017670,SK텔레콤,2026-07-28,2026,통신,10.0,10.0,,80.0,False,False,49.26,1.49,,,,,,,unqualified,stub,liquid_stub,False,False,False,False,82200.0,17655742356600.0,2492935,204919257000.0,126082649335.0,125200.0,52100.0,0.3215,50.28,,,,,,,False,telecom,krx_official,False,True,
196170,알테오젠,2026-07-28,2026,일반서비스,10.0,10.0,,80.0,False,False,125.52,40.33,,,,,,,unqualified,stub,liquid_stub,False,False,False,False,296500.0,15888350699500.0,307992,91319628000.0,140705539500.0,559000.0,268000.0,-0.3836,67.69,,,,,,,False,services,krx_official,False,True,
079550,LIG디펜스앤에어로스페이스,2026-07-28,2026,금속,10.0,10.0,,80.0,False,False,69.72,12.36,,,,,,,unqualified,stub,liquid_stub,False,False,False,False,697000.0,15334000000000.0,147002,102460394000.0,115991113023.45,1020000.0,364500.0,0.2673,86.13,,,,,,,False,materials_metal,krx_official,False,True,
138040,메리츠금융지주,2026-07-28,2026,기타금융,10.0,10.0,,80.0,False,False,8.11,1.71,,,,,,,unqualified,stub,liquid_stub,False,False,False,False,118100.0,19763712941300.0,250263,29556060300.0,32310032940.0,146200.0,100600.0,0.1048,38.14,,,,,,,False,financial,krx_official,False,True,
033780,KT&G,2026-07-28,2026,음식료·담배,10.0,10.0,,80.0,False,False,16.89,1.93,,,,,,,unqualified,stub,liquid_stub,False,False,False,False,181700.0,18862359855200.0,279802,50840023400.0,47236261277.55,189000.0,129100.0,0.2445,31.05,,,,,,,False,consumer_staples,krx_official,False,True,
011200,HMM,2026-07-28,2026,운송·창고,10.0,10.0,,80.0,False,False,9.53,0.66,,,,,,,unqualified,stub,liquid_stub,False,False,False,False,20000.0,18864759400000.0,1142467,22849340000.0,27472953562.5,25250.0,18310.0,-0.0453,39.87,,,,,,,False,transport,krx_official,False,True,
267250,HD현대,2026-07-28,2026,기타금융,10.0,10.0,,80.0,False,False,15.49,1.47,,,,,,,unqualified,stub,liquid_stub,False,False,False,False,194600.0,15372054341000.0,165010,32110946000.0,33738985047.5,310500.0,127900.0,-0.2501,58.77,,,,,,,False,financial,krx_official,False,True,
096770,SK이노베이션,2026-07-28,2026,화학,10.0,10.0,,80.0,False,False,,0.73,,,,,,,unqualified,stub,liquid_stub,False,False,False,False,112700.0,19052249207600.0,702722,79196769400.0,90356165815.0,149800.0,89500.0,0.0339,58.05,,,,,,,False,materials,krx_official,False,True,
024110,기업은행,2026-07-28,2026,은행,10.0,10.0,,80.0,False,False,6.36,0.44,,,,,,,unqualified,stub,liquid_stub,False,False,False,False,20400.0,16267487727600.0,1605710,32756484000.0,23101930976.95,28550.0,18650.0,-0.0169,30.72,,,,,,,False,financial,krx_official,False,True,
003670,포스코퓨처엠,2026-07-28,2026,전기·전자,10.0,10.0,,80.0,False,False,3390.2,3.78,,,,,,,unqualified,stub,liquid_stub,False,False,False,False,132900.0,11820952638000.0,224077,29779833300.0,44031731725.0,296000.0,129600.0,-0.3517,71.02,,,,,,,False,electronics,krx_official,False,True,
272210,한화시스템,2026-07-28,2026,전기·전자,10.0,10.0,,80.0,False,False,63.49,3.16,,,,,,,unqualified,stub,liquid_stub,False,False,False,False,61200.0,11561866606800.0,962808,58923849600.0,51818492107.5,162700.0,45350.0,-0.3238,90.8,,,,,,,False,electronics,krx_official,False,True,
003550,LG,2026-07-28,2026,기타금융,10.0,10.0,,80.0,False,False,20.63,0.53,,,,,,,unqualified,stub,liquid_stub,False,False,False,False,93100.0,14075975572400.0,343771,32005080100.0,34772535502.5,165800.0,71300.0,0.0437,60.36,,,,,,,False,financial,krx_official,False,True,
307950,현대오토에버,2026-07-28,2026,IT 서비스,10.0,10.0,,80.0,False,False,82.66,8.17,,,,,,,unqualified,stub,liquid_stub,False,False,False,False,341500.0,9365289853000.0,75537,25795885500.0,37456708862.5,938000.0,148600.0,-0.268,99.61,,,,,,,False,it_services,krx_official,False,True,
035720,카카오,2026-07-28,2026,IT 서비스,10.0,10.0,,80.0,False,False,30.64,1.34,,,,,,,unqualified,stub,liquid_stub,False,False,False,False,35650.0,15792275145500.0,1964556,70036421400.0,65716029020.0,67700.0,33150.0,-0.3958,48.62,,,,,,,False,it_services,krx_official,False,True,
247540,에코프로비엠,2026-07-28,2026,전기·전자,10.0,10.0,,80.0,False,False,374.44,8.54,,,,,,,unqualified,stub,liquid_stub,False,False,False,False,101800.0,9959138181200.0,319884,32564191200.0,63222808685.0,246000.0,101800.0,-0.3641,77.57,,,,,,,False,electronics,krx_official,False,True,
018260,삼성에스디에스,2026-07-28,2026,IT 서비스,10.0,10.0,,80.0,False,False,19.51,1.49,,,,,,,unqualified,stub,liquid_stub,False,False,False,False,200500.0,15514248900000.0,319894,64138747000.0,64864661724.5,362000.0,145900.0,0.1151,70.32,,,,,,,False,it_services,krx_official,False,True,
086520,에코프로,2026-07-28,2026,금융,10.0,10.0,,80.0,False,False,,7.07,,,,,,,unqualified,stub,liquid_stub,False,False,False,False,72700.0,9870926250400.0,658093,47843361100.0,103642736495.0,185000.0,46100.0,-0.2604,92.86,,,,,,,False,other,krx_official,False,True,
086280,현대글로비스,2026-07-28,2026,운송·창고,10.0,10.0,,80.0,False,False,8.08,1.35,,,,,,,unqualified,stub,liquid_stub,False,False,False,False,190800.0,14310000000000.0,156535,29866878000.0,39286769290.0,290500.0,140300.0,-0.2647,56.78,,,,,,,False,transport,krx_official,False,True,
047810,한국항공우주,2026-07-28,2026,운송장비·부품,10.0,10.0,,80.0,False,False,73.62,7.48,,,,,,,unqualified,stub,liquid_stub,False,False,False,False,143000.0,13938940301000.0,356618,50996374000.0,66886081660.0,202000.0,86600.0,-0.137,62.13,,,,,,,False,auto,krx_official,False,True,
278470,에이피알,2026-07-28,2026,화학,10.0,10.0,,80.0,False,False,45.78,29.85,,,,,,,unqualified,stub,liquid_stub,False,False,False,False,333500.0,12485624692500.0,189500,63198250000.0,95728416324.65,459000.0,167500.0,0.3502,62.39,,,,,,,False,materials,krx_official,False,True,
000720,현대건설,2026-07-28,2026,건설,10.0,10.0,,80.0,False,False,34.68,1.57,,,,,,,unqualified,stub,liquid_stub,False,False,False,False,94300.0,10500848639500.0,331845,31292983500.0,53271180292.5,188700.0,54400.0,-0.1236,80.99,,,,,,,False,construction,krx_official,False,True,
030200,KT,2026-07-28,2026,통신/인프라,10.0,10.0,,80.0,False,False,7.36,0.72,,,,,,,unqualified,stub,liquid_stub,False,False,False,False,53900.0,13583968821500.0,322196,17366364400.0,23533526267.35,68900.0,48250.0,-0.0236,32.22,,,,,,,False,defensive_telecom,manual,False,True,
071050,한국금융지주,2026-07-28,2026,증권/금융지주,10.0,10.0,,80.0,False,False,6.01,1.01,,,,,,,unqualified,stub,liquid_stub,False,False,False,False,193700.0,10794124650400.0,247178,47878378600.0,55140162975.0,292500.0,125300.0,0.0585,65.35,,,,,,,False,financial,manual,False,True,
006260,LS,2026-07-28,2026,기타금융,10.0,10.0,,80.0,False,False,36.5,2.0,,,,,,,unqualified,stub,liquid_stub,False,False,False,False,268000.0,8361600000000.0,147308,39478544000.0,53065803875.0,553000.0,150800.0,0.2072,72.79,,,,,,,False,financial,krx_official,False,True,
010950,S-Oil,2026-07-28,2026,화학,10.0,10.0,,80.0,False,False,66.82,1.33,,,,,,,unqualified,stub,liquid_stub,False,False,False,False,129500.0,14579471564000.0,346010,44808295000.0,67137045307.5,151200.0,57800.0,0.4294,61.62,,,,,,,False,materials,krx_official,False,True,
005940,NH투자증권,2026-07-28,2026,증권/금융지주,10.0,10.0,,80.0,False,False,9.98,1.14,,,,,,,unqualified,stub,liquid_stub,False,False,False,False,27500.0,10153167887500.0,938493,25808557500.0,22644091015.0,39200.0,18660.0,0.2009,57.28,,,,,,,False,financial,manual,False,True,
259960,크래프톤,2026-07-28,2026,IT 서비스,10.0,10.0,,80.0,False,False,13.46,1.4,,,,,,,unqualified,stub,liquid_stub,False,False,False,False,244000.0,11257631252000.0,101373,24735012000.0,25279086450.0,354000.0,204000.0,0.0209,43.39,,,,,,,False,it_services,krx_official,False,True,
016360,삼성증권,2026-07-28,2026,증권/금융지주,10.0,10.0,,80.0,False,False,9.58,1.2,,,,,,,unqualified,stub,liquid_stub,False,False,False,False,93000.0,8304900000000.0,784562,72964266000.0,53337378205.0,149500.0,66900.0,0.1232,61.82,,,,,,,False,financial,manual,False,True,
277810,레인보우로보틱스,2026-07-28,2026,기계·장비,10.0,10.0,,80.0,False,False,6890.41,72.91,,,,,,,unqualified,stub,liquid_stub,False,False,False,False,400500.0,7769643129000.0,136694,54745947000.0,62120574050.0,880000.0,253500.0,-0.2342,88.65,,,,,,,False,industrials,krx_official,False,True,
0126Z0,삼성에피스홀딩스,2026-07-28,2026,금융업,10.0,10.0,,80.0,False,False,,1.64,,,,,,,unqualified,stub,liquid_stub,False,False,False,False,367000.0,9132078983000.0,52458,19252086000.0,21876899212.5,743000.0,335500.0,-0.4193,84.84,,,,,,,False,holding_company,name_infer,False,True,
323410,카카오뱅크,2026-07-28,2026,은행,10.0,10.0,,80.0,False,False,20.09,1.43,,,,,,,unqualified,stub,liquid_stub,False,False,False,False,21300.0,10162665308100.0,618144,13166467200.0,20716084539.5,29750.0,19750.0,-0.0162,40.75,,,,,,,False,financial,krx_official,False,True,
003490,대한항공,2026-07-28,2026,항공/운송,10.0,10.0,,80.0,False,False,12.14,0.87,,,,,,,unqualified,stub,liquid_stub,False,False,False,False,25250.0,9297571690250.0,2237105,56486901250.0,84752294718.75,30000.0,21000.0,0.0327,44.85,,,,,,,False,industrial_transport,manual,False,True,
443060,HD현대마린솔루션,2026-07-28,2026,일반서비스,10.0,10.0,,80.0,False,False,34.01,11.12,,,,,,,unqualified,stub,liquid_stub,False,False,False,False,192000.0,8608024320000.0,84933,16307136000.0,26563636634.1,280500.0,159100.0,0.0052,60.81,,,,,,,False,services,krx_official,False,True,
039490,키움증권,2026-07-28,2026,증권/금융지주,10.0,10.0,,80.0,False,False,7.24,1.27,,,,,,,unqualified,stub,liquid_stub,False,False,False,False,272000.0,7134101952000.0,164361,44706192000.0,36747773625.0,495500.0,195800.0,-0.1513,69.57,,,,,,,False,financial,manual,False,True,
028050,삼성E&A,2026-07-28,2026,일반서비스,10.0,10.0,,80.0,False,False,14.24,1.85,,,,,,,unqualified,stub,liquid_stub,False,False,False,False,44150.0,8653400000000.0,1994992,88078896800.0,116684742133.75,64400.0,23250.0,0.7179,64.41,,,,,,,False,services,krx_official,False,True,
047050,포스코인터내셔널,2026-07-28,2026,유통,10.0,10.0,,80.0,False,False,13.96,1.28,,,,,,,unqualified,stub,liquid_stub,False,False,False,False,50400.0,8866508515200.0,295601,14898290400.0,23905039326.25,87300.0,45650.0,-0.2038,55.62,,,,,,,False,distribution,krx_official,False,True,
352820,하이브,2026-07-28,2026,오락·문화,10.0,10.0,,80.0,False,False,,2.55,,,,,,,unqualified,stub,liquid_stub,False,False,False,False,188800.0,8138570636800.0,536454,101282515200.0,61795154249.25,404500.0,177800.0,-0.4897,52.34,,,,,,,False,media,krx_official,False,True,
007660,이수페타시스,2026-07-28,2026,전기·전자,10.0,10.0,,80.0,False,False,47.45,10.5,,,,,,,unqualified,stub,liquid_stub,False,False,False,False,71400.0,5241418236600.0,934493,66722800200.0,111817426150.0,161400.0,55300.0,-0.3653,85.74,,,,,,,False,electronics,krx_official,False,True,
036930,주성엔지니어링,2026-07-28,2026,기계·장비,10.0,10.0,,80.0,False,False,235.85,14.25,,,,,,,unqualified,stub,liquid_stub,False,False,False,False,128800.0,5986768384800.0,1043845,134447236000.0,433346515932.5,250500.0,26300.0,3.1282,109.64,,,,,,,False,industrials,krx_official,False,True,
950160,코오롱티슈진,2026-07-28,2026,제약,10.0,10.0,,80.0,False,False,,,,,,,,,unqualified,stub,liquid_stub,False,False,False,False,14560.0,1237165529600.0,5064508,73739236480.0,65038469385.0,138800.0,14560.0,-0.8038,102.84,,,,,,,False,healthcare,krx_official,False,True,
047040,대우건설,2026-07-28,2026,건설,10.0,10.0,,80.0,False,False,,2.38,,,,,,,unqualified,stub,liquid_stub,False,False,False,False,13430.0,5518489578340.0,2959768,39749684240.0,75856797381.0,37150.0,3360.0,1.6753,98.57,,,,,,,False,construction,krx_official,False,True,
003230,삼양식품,2026-07-28,2026,음식료·담배,10.0,10.0,,80.0,False,False,20.55,6.43,,,,,,,unqualified,stub,liquid_stub,False,False,False,False,1183000.0,8911556745000.0,63824,75503792000.0,60279982500.0,1630000.0,1022000.0,-0.0327,49.63,,,,,,,False,consumer_staples,krx_official,False,True,
064400,LG씨엔에스,2026-07-28,2026,IT 서비스,10.0,10.0,,80.0,False,False,17.59,2.64,,,,,,,unqualified,stub,liquid_stub,False,False,False,False,61800.0,5987551586400.0,828318,51190052400.0,80814127050.0,143700.0,55400.0,-0.1146,74.12,,,,,,,False,it_services,krx_official,False,True,
000880,한화,2026-07-28,2026,화학,10.0,10.0,,80.0,False,False,26.01,0.8,,,,,,,unqualified,stub,liquid_stub,False,False,False,False,86800.0,6120087369200.0,124311,10790194800.0,16403695395.0,150900.0,76600.0,-0.3034,68.12,,,,,,,False,materials,krx_official,False,True,
240810,원익IPS,2026-07-28,2026,기계·장비,10.0,10.0,,80.0,False,False,86.91,7.53,,,,,,,unqualified,stub,liquid_stub,False,False,False,False,89500.0,4393009139500.0,1011169,90499625500.0,282912256015.0,183300.0,27300.0,0.1965,111.04,,,,,,,False,industrials,krx_official,False,True,
005387,현대차2우B,2026-07-28,2026,운송장비·부품,10.0,10.0,,80.0,False,False,,,,,,,,,unqualified,stub,liquid_stub,False,False,False,False,182200.0,6370428046000.0,210638,38378243600.0,33026624492.8,323500.0,162000.0,-0.375,52.81,,,,,,,False,auto,krx_official,False,True,
161390,한국타이어앤테크놀로지,2026-07-28,2026,타이어/화학,10.0,10.0,,80.0,False,False,6.9,0.62,,,,,,,unqualified,stub,liquid_stub,False,False,False,False,66700.0,8262467102300.0,238769,15925892300.0,27344319591.75,76700.0,38100.0,0.0183,51.82,,,,,,,False,materials,manual,False,True,
180640,한진칼,2026-07-28,2026,기타금융,10.0,10.0,,80.0,False,False,47.38,2.21,,,,,,,unqualified,stub,liquid_stub,False,False,False,False,109000.0,7277088411000.0,93494,10190846000.0,15350993840.0,173000.0,93900.0,-0.1641,68.36,,,,,,,False,financial,krx_official,False,True,
001440,대한전선,2026-07-28,2026,전기·전자,10.0,10.0,,80.0,False,False,76.6,4.03,,,,,,,unqualified,stub,liquid_stub,False,False,False,False,25150.0,4929213789400.0,1824169,45877850350.0,74029626416.25,72300.0,14840.0,-0.1002,82.21,,,,,,,False,electronics,krx_official,False,True,
353200,대덕전자,2026-07-28,2026,전기·전자,10.0,10.0,,80.0,False,False,151.95,8.06,,,,,,,unqualified,stub,liquid_stub,False,False,False,False,91300.0,4511765252500.0,987805,90186596500.0,147391626675.0,190900.0,19530.0,0.8463,92.91,,,,,,,False,electronics,krx_official,False,True,
000990,DB하이텍,2026-07-28,2026,전기·전자,10.0,10.0,,80.0,False,False,24.04,3.0,,,,,,,unqualified,stub,liquid_stub,False,False,False,False,84800.0,3689189062400.0,496626,42113884800.0,68055152560.0,220500.0,43000.0,0.0012,82.78,,,,,,,False,electronics,krx_official,False,True,
062040,산일전기,2026-07-28,2026,전기·전자,10.0,10.0,,80.0,False,False,45.3,11.52,,,,,,,unqualified,stub,liquid_stub,False,False,False,False,145800.0,4463790930000.0,213386,31111678800.0,54804580161.0,333500.0,92700.0,-0.0088,82.75,,,,,,,False,electronics,krx_official,False,True,
058470,리노공업,2026-07-28,2026,전기·전자,10.0,10.0,,80.0,False,False,42.41,8.81,,,,,,,unqualified,stub,liquid_stub,False,False,False,False,61600.0,4694649960000.0,548718,33801028800.0,72713488265.0,127000.0,44400.0,-0.045,68.42,,,,,,,False,electronics,krx_official,False,True,
028300,HLB,2026-07-28,2026,제약,10.0,10.0,,80.0,False,False,,15.04,,,,,,,unqualified,stub,liquid_stub,False,False,False,False,30400.0,4049225979200.0,574078,17451971200.0,45496778767.5,68200.0,25650.0,-0.4165,79.75,,,,,,,False,healthcare,krx_official,False,True,
004170,신세계,2026-07-28,2026,유통,10.0,10.0,,80.0,False,False,422.64,1.32,,,,,,,unqualified,stub,liquid_stub,False,False,False,False,465500.0,4396731755500.0,130392,60697476000.0,51467935900.0,776000.0,161200.0,0.6478,62.86,,,,,,,False,distribution,krx_official,False,True,
326030,SK바이오팜,2026-07-28,2026,일반서비스,10.0,10.0,,80.0,False,False,24.11,7.92,,,,,,,unqualified,stub,liquid_stub,False,False,False,False,79500.0,6225903375000.0,111172,8838174000.0,9760137492.5,140700.0,74600.0,-0.3331,48.64,,,,,,,False,services,krx_official,False,True,
034220,LG디스플레이,2026-07-28,2026,전기·전자,10.0,10.0,,80.0,False,False,26.89,0.92,,,,,,,unqualified,stub,liquid_stub,False,False,False,False,9000.0,4500000000000.0,4959313,44633817000.0,47143001081.0,16690.0,9000.0,-0.2783,66.61,,,,,,,False,electronics,krx_official,False,True,
009830,한화솔루션,2026-07-28,2026,화학,10.0,10.0,,80.0,False,False,,0.68,,,,,,,unqualified,stub,liquid_stub,False,False,False,False,23950.0,4116826237200.0,2707000,64832650000.0,88447236505.0,55179.0,23950.0,-0.0964,86.3,,,,,,,False,materials,krx_official,False,True,
032640,LG유플러스,2026-07-28,2026,통신,10.0,10.0,,80.0,False,False,11.63,0.68,,,,,,,unqualified,stub,liquid_stub,False,False,False,False,14620.0,6205133441840.0,743175,10865218500.0,13872724212.5,17810.0,13900.0,-0.0525,35.16,,,,,,,False,telecom,krx_official,False,True,
078930,GS,2026-07-28,2026,지주/에너지,10.0,10.0,,80.0,False,False,7.71,0.42,,,,,,,unqualified,stub,liquid_stub,False,False,False,False,87500.0,8128355812500.0,362822,31746925000.0,40098008385.0,95300.0,43650.0,0.4391,49.46,,,,,,,False,holding_company,manual,False,True,
454910,두산로보틱스,2026-07-28,2026,기계·장비,10.0,10.0,,80.0,False,False,,16.51,,,,,,,unqualified,stub,liquid_stub,False,False,False,False,60400.0,3915126792000.0,473667,28609486800.0,44235415330.0,166700.0,58500.0,-0.4886,81.47,,,,,,,False,industrials,krx_official,False,True,
241560,두산밥캣,2026-07-28,2026,기계/산업재,10.0,10.0,,80.0,False,False,14.9,0.83,,,,,,,unqualified,stub,liquid_stub,False,False,False,False,60400.0,5789706326000.0,178069,10755367600.0,12560819187.5,76700.0,52300.0,-0.0082,50.44,,,,,,,False,industrial,manual,False,True,
267270,HD건설기계,2026-07-28,2026,기계·장비,10.0,10.0,,80.0,False,False,21.39,1.17,,,,,,,unqualified,stub,liquid_stub,False,False,False,False,122800.0,5884808951600.0,244487,30023003600.0,34138025109.9,198100.0,73200.0,0.0604,70.24,,,,,,,False,industrials,krx_official,False,True,
039030,이오테크닉스,2026-07-28,2026,기계·장비,10.0,10.0,,80.0,False,False,98.1,8.24,,,,,,,unqualified,stub,liquid_stub,False,False,False,False,270000.0,3326278500000.0,134902,36423540000.0,66792894275.0,612000.0,194500.0,-0.0674,89.3,,,,,,,False,industrials,krx_official,False,True,
090430,아모레퍼시픽,2026-07-28,2026,화학,10.0,10.0,,80.0,False,False,28.16,1.22,,,,,,,unqualified,stub,liquid_stub,False,False,False,False,118800.0,6948939769200.0,149915,17809902000.0,39652453322.5,165100.0,96200.0,-0.0206,47.25,,,,,,,False,materials,krx_official,False,True,
000500,가온전선,2026-07-28,2026,전기·전자,10.0,10.0,,80.0,False,False,106.69,11.34,,,,,,,unqualified,stub,liquid_stub,False,False,False,False,151800.0,4520240742600.0,268232,40717617600.0,59115193905.0,313406.0,29840.0,1.9533,119.37,,,,,,,False,electronics,krx_official,False,True,
000100,유한양행,2026-07-28,2026,제약,10.0,10.0,,80.0,False,False,26.86,2.26,,,,,,,unqualified,stub,liquid_stub,False,False,False,False,70700.0,5631085390700.0,229612,16233568400.0,19102454427.5,135800.0,66400.0,-0.3417,43.85,,,,,,,False,healthcare,krx_official,False,True,
011790,SKC,2026-07-28,2026,화학,10.0,10.0,,80.0,False,False,,4.6,,,,,,,unqualified,stub,liquid_stub,False,False,False,False,71800.0,3561157796400.0,270918,19451912400.0,22688877447.5,174100.0,71800.0,-0.3173,79.05,,,,,,,False,materials,krx_official,False,True,
377300,카카오페이,2026-07-28,2026,기타금융,10.0,10.0,,80.0,False,False,115.97,2.76,,,,,,,unqualified,stub,liquid_stub,False,False,False,False,41950.0,5674581743750.0,258015,10823729250.0,9230515757.6,70900.0,37450.0,-0.2203,69.35,,,,,,,False,financial,krx_official,False,True,
029780,삼성카드,2026-07-28,2026,기타금융,10.0,10.0,,80.0,False,False,7.69,0.56,,,,,,,unqualified,stub,liquid_stub,False,False,False,False,47450.0,5497504377950.0,98524,4674963800.0,4684000936.25,67400.0,45200.0,-0.1147,31.02,,,,,,,False,financial,krx_official,False,True,
298380,에이비엘바이오,2026-07-28,2026,제약,10.0,10.0,,80.0,False,False,,32.81,,,,,,,unqualified,stub,liquid_stub,False,False,False,False,68800.0,3851937454400.0,305173,20995902400.0,30195117507.5,245500.0,68800.0,-0.6577,92.54,,,,,,,False,healthcare,krx_official,False,True,
138930,BNK금융지주,2026-07-28,2026,은행/금융지주,10.0,10.0,,80.0,False,False,6.66,0.48,,,,,,,unqualified,stub,liquid_stub,False,False,False,False,17270.0,5359347859910.0,1096233,18931943910.0,16939635433.75,22650.0,13810.0,0.1251,35.22,,,,,,,False,financial,manual,False,True,
036570,NC,2026-07-28,2026,IT 서비스,10.0,10.0,,80.0,False,False,13.51,1.39,,,,,,,unqualified,stub,liquid_stub,False,False,False,False,225000.0,4847404950000.0,58116,13076100000.0,20011580650.0,338000.0,187000.0,-0.0385,55.46,,,,,,,False,it_services,krx_official,False,True,
000250,삼천당제약,2026-07-28,2026,제약,10.0,10.0,,80.0,False,False,988.94,18.83,,,,,,,unqualified,stub,liquid_stub,False,False,False,False,139500.0,3272317344000.0,221729,30931195500.0,44603541507.5,1184000.0,139500.0,-0.4927,111.45,,,,,,,False,healthcare,krx_official,False,True,
005385,현대차우,2026-07-28,2026,운송장비·부품,10.0,10.0,,80.0,False,False,,,,,,,,,unqualified,stub,liquid_stub,False,False,False,False,181600.0,4238718336000.0,141217,25645007200.0,21152891112.5,321500.0,158900.0,-0.3606,52.48,,,,,,,False,auto,krx_official,False,True,
141080,리가켐바이오,2026-07-28,2026,일반서비스,10.0,10.0,,80.0,False,False,,9.91,,,,,,,unqualified,stub,liquid_stub,False,False,False,False,90600.0,3353959270800.0,263640,23885784000.0,49097122617.5,213500.0,90600.0,-0.4565,77.26,,,,,,,False,services,krx_official,False,True,
088980,맥쿼리인프라,2026-07-28,2026,기타금융,10.0,10.0,,80.0,False,False,,,,,,,,,unqualified,stub,liquid_stub,False,False,False,False,9990.0,4784430710070.0,1711408,17096965920.0,14964703173.5,11830.0,9940.0,-0.1252,11.66,,,,,,,False,financial,krx_official,False,True,
128940,한미약품,2026-07-28,2026,제약,10.0,10.0,,80.0,False,False,28.19,3.83,,,,,,,unqualified,stub,liquid_stub,False,False,False,False,374500.0,4797716129500.0,51038,19113731000.0,39526533175.0,626000.0,270000.0,-0.1584,68.06,,,,,,,False,healthcare,krx_official,False,True,
319660,피에스케이,2026-07-28,2026,기계·장비,10.0,10.0,,80.0,False,False,58.89,8.58,,,,,,,unqualified,stub,liquid_stub,False,False,False,False,125500.0,3635322607000.0,452239,56755994500.0,118417576442.5,211500.0,19410.0,2.1336,96.7,,,,,,,False,industrials,krx_official,False,True,
023530,롯데쇼핑,2026-07-28,2026,유통,10.0,10.0,,80.0,False,False,95.94,0.33,,,,,,,unqualified,stub,liquid_stub,False,False,False,False,122700.0,3471030238500.0,51233,6286289100.0,21856172987.5,203500.0,64100.0,0.6252,55.11,,,,,,,False,distribution,krx_official,False,True,
440110,파두,2026-07-28,2026,전기·전자,10.0,10.0,,80.0,False,False,,229.67,,,,,,,unqualified,stub,liquid_stub,False,False,False,False,56300.0,2820710340100.0,1074954,60519910200.0,50198470365.0,128300.0,11230.0,1.6494,99.93,,,,,,,False,electronics,krx_official,False,True,
222800,심텍,2026-07-28,2026,전기·전자,10.0,10.0,,80.0,False,False,,7.82,,,,,,,unqualified,stub,liquid_stub,False,False,False,False,75500.0,2828526790500.0,798196,60263798000.0,89051552397.5,157300.0,21650.0,0.533,101.33,,,,,,,False,electronics,krx_official,False,True,
175330,JB금융지주,2026-07-28,2026,기타금융,10.0,10.0,,80.0,False,False,6.85,0.78,,,,,,,unqualified,stub,liquid_stub,False,False,False,False,27300.0,5092045795200.0,344717,9410774100.0,14684333030.0,37500.0,21750.0,0.1568,44.76,,,,,,,False,financial,krx_official,False,True,
001040,CJ,2026-07-28,2026,기타금융,10.0,10.0,,80.0,False,False,37.23,1.02,,,,,,,unqualified,stub,liquid_stub,False,False,False,False,125400.0,3658795549200.0,74868,9388447200.0,16225784150.0,232000.0,125400.0,-0.3383,56.24,,,,,,,False,financial,krx_official,False,True,
066970,엘앤에프,2026-07-28,2026,전기·전자,10.0,10.0,,80.0,False,False,,6.45,,,,,,,unqualified,stub,liquid_stub,False,False,False,False,71600.0,2912921416000.0,334099,23921488400.0,29967578900.0,213000.0,53300.0,-0.3752,88.85,,,,,,,False,electronics,krx_official,False,True,
087010,펩트론,2026-07-28,2026,제약,10.0,10.0,,80.0,False,False,,30.85,,,,,,,unqualified,stub,liquid_stub,False,False,False,False,143000.0,3334381050000.0,271574,38835082000.0,44315154577.5,386000.0,103600.0,-0.4187,96.98,,,,,,,False,healthcare,krx_official,False,True,
403870,HPSP,2026-07-28,2026,기계·장비,10.0,10.0,,80.0,False,False,58.82,13.91,,,,,,,unqualified,stub,liquid_stub,False,False,False,False,32700.0,2691210000000.0,1834336,59982787200.0,169331076201.25,83500.0,24500.0,-0.0325,90.67,,,,,,,False,industrials,krx_official,False,True,
082740,한화엔진,2026-07-28,2026,기계·장비,10.0,10.0,,80.0,False,False,25.83,8.03,,,,,,,unqualified,stub,liquid_stub,False,False,False,False,42750.0,3567365320500.0,760903,32528603250.0,39587743471.25,89500.0,27000.0,-0.2185,76.15,,,,,,,False,industrials,krx_official,False,True,
347850,디앤디파마텍,2026-07-28,2026,일반서비스,10.0,10.0,,80.0,False,False,,52.63,,,,,,,unqualified,stub,liquid_stub,False,False,False,False,55500.0,2543987299500.0,838371,46529590500.0,107255281865.0,111200.0,30030.0,-0.3813,107.28,,,,,,,False,services,krx_official,False,True,
088350,한화생명,2026-07-28,2026,생명보험,10.0,10.0,,80.0,False,False,6.93,0.26,,,,,,,unqualified,stub,liquid_stub,False,False,False,False,4295.0,3730336350000.0,2671371,11473538445.0,11540855404.15,6600.0,2940.0,0.3464,65.46,,,,,,,False,insurance,manual,False,True,
080220,제주반도체,2026-07-28,2026,전기·전자,10.0,10.0,,80.0,False,False,94.46,16.43,,,,,,,unqualified,stub,liquid_stub,False,False,False,False,62400.0,2149232779200.0,1526365,95245176000.0,157897465190.0,134000.0,13700.0,1.094,101.65,,,,,,,False,electronics,krx_official,False,True,
095340,ISC,2026-07-28,2026,유통,10.0,10.0,,80.0,False,False,69.41,7.26,,,,,,,unqualified,stub,liquid_stub,False,False,False,False,121000.0,2564844018000.0,174415,21104215000.0,47887631012.5,271000.0,55500.0,0.2185,86.16,,,,,,,False,distribution,krx_official,False,True,
052690,한전기술,2026-07-28,2026,일반서비스,10.0,10.0,,80.0,False,False,46.79,6.39,,,,,,,unqualified,stub,liquid_stub,False,False,False,False,88800.0,3393936000000.0,97316,8641660800.0,11985721612.8,194800.0,83800.0,-0.3863,75.14,,,,,,,False,services,krx_official,False,True,
018880,한온시스템,2026-07-28,2026,기계·장비,10.0,10.0,,80.0,False,False,,1.08,,,,,,,unqualified,stub,liquid_stub,False,False,False,False,3355.0,3443110861960.0,4273538,14337719990.0,17764834493.85,5730.0,2800.0,0.0387,76.3,,,,,,,False,industrials,krx_official,False,True,
069960,현대백화점,2026-07-28,2026,유통,10.0,10.0,,80.0,False,False,20.02,0.91,,,,,,,unqualified,stub,liquid_stub,False,False,False,False,127400.0,2747369788800.0,92096,11733030400.0,25921117358.2,207000.0,69000.0,0.364,59.72,,,,,,,False,distribution,krx_official,False,True,
010060,OCI홀딩스,2026-07-28,2026,기타금융,10.0,10.0,,80.0,False,False,,1.03,,,,,,,unqualified,stub,liquid_stub,False,False,False,False,184500.0,3444657804000.0,291117,53711086500.0,59459190810.0,388000.0,84800.0,0.6016,104.37,,,,,,,False,financial,krx_official,False,True,
084370,유진테크,2026-07-28,2026,기계·장비,10.0,10.0,,80.0,False,False,84.99,7.97,,,,,,,unqualified,stub,liquid_stub,False,False,False,False,100100.0,2293895804200.0,171373,17154437300.0,42372928037.5,206500.0,41650.0,0.2607,95.23,,,,,,,False,industrials,krx_official,False,True,
004020,현대제철,2026-07-28,2026,금속,10.0,10.0,,80.0,False,False,,0.2,,,,,,,unqualified,stub,liquid_stub,False,False,False,False,25800.0,3442901253000.0,446530,11520474000.0,14030981947.5,46500.0,25250.0,-0.1848,60.34,,,,,,,False,materials_metal,krx_official,False,True,
336260,두산퓨얼셀,2026-07-28,2026,전기·전자,10.0,10.0,,80.0,False,False,,12.85,,,,,,,unqualified,stub,liquid_stub,False,False,False,False,23550.0,1542377247300.0,2211528,52081484400.0,25044873610.0,101500.0,22000.0,-0.3803,102.04,,,,,,,False,electronics,krx_official,False,True,
108490,로보티즈,2026-07-28,2026,기계·장비,10.0,10.0,,80.0,False,False,661.04,11.72,,,,,,,unqualified,stub,liquid_stub,False,False,False,False,180600.0,2647781656800.0,124563,22496077800.0,37125951337.5,405000.0,73913.0,-0.3094,105.77,,,,,,,False,industrials,krx_official,False,True,
178320,서진시스템,2026-07-28,2026,전기·전자,10.0,10.0,,80.0,False,False,,4.32,,,,,,,unqualified,stub,liquid_stub,False,False,False,False,33050.0,2103656857850.0,917190,30313129500.0,51271584323.75,80800.0,18650.0,0.1576,83.43,,,,,,,False,electronics,krx_official,False,True,
214370,케어젠,2026-07-28,2026,제약,10.0,10.0,,80.0,False,False,169.1,15.98,,,,,,,unqualified,stub,liquid_stub,False,False,False,False,54800.0,2943582000000.0,72145,3953546000.0,5194304095.0,150100.0,45950.0,-0.2865,91.99,,,,,,,False,healthcare,krx_official,False,True,
103590,일진전기,2026-07-28,2026,전기·전자,10.0,10.0,,80.0,False,False,33.78,5.96,,,,,,,unqualified,stub,liquid_stub,False,False,False,False,55000.0,2622696450000.0,202195,11120725000.0,21760763570.0,144100.0,33900.0,-0.1228,74.66,,,,,,,False,electronics,krx_official,False,True,
310210,보로노이,2026-07-28,2026,일반서비스,10.0,10.0,,80.0,False,False,,32.74,,,,,,,unqualified,stub,liquid_stub,False,False,False,False,117100.0,2157093127900.0,94342,11047448200.0,12217401977.5,363500.0,108500.0,-0.3933,83.04,,,,,,,False,services,krx_official,False,True,
067310,하나마이크론,2026-07-28,2026,전기·전자,10.0,10.0,,80.0,False,False,77.94,8.27,,,,,,,unqualified,stub,liquid_stub,False,False,False,False,30050.0,1998050613450.0,1684000,50604200000.0,71728005873.75,56800.0,10650.0,0.1558,86.83,,,,,,,False,electronics,krx_official,False,True,
022100,포스코DX,2026-07-28,2026,일반서비스,10.0,10.0,,80.0,False,False,63.99,5.85,,,,,,,unqualified,stub,liquid_stub,False,False,False,False,18020.0,2739665816580.0,254170,4580143400.0,8022496587.25,42850.0,17510.0,-0.5679,75.6,,,,,,,False,services,krx_official,False,True,
450080,에코프로머티,2026-07-28,2026,전기·전자,10.0,10.0,,80.0,False,False,135.8,3.1,,,,,,,unqualified,stub,liquid_stub,False,False,False,False,31550.0,2234177598500.0,329915,10408818250.0,14882501528.45,86400.0,31550.0,-0.487,78.15,,,,,,,False,electronics,krx_official,False,True,
012510,더존비즈온,2026-07-28,2026,IT 서비스,10.0,10.0,,80.0,False,False,38.66,5.68,,,,,,,unqualified,stub,liquid_stub,False,False,False,False,120000.0,3494865960000.0,0,0.0,631674795.0,120300.0,64200.0,0.3043,44.11,,,,,,,False,it_services,manual,False,False,low_liquidity
095610,테스,2026-07-28,2026,기계·장비,10.0,10.0,,80.0,False,False,48.61,7.14,,,,,,,unqualified,stub,liquid_stub,False,False,False,False,122100.0,2363856000000.0,512512,62577715200.0,111739693730.0,217500.0,23900.0,1.5098,99.68,,,,,,,False,industrials,krx_official,False,True,
051900,LG생활건강,2026-07-28,2026,화학,10.0,10.0,,80.0,False,False,,0.69,,,,,,,unqualified,stub,liquid_stub,False,False,False,False,255500.0,3826246126500.0,68483,17497406500.0,12309846512.5,331500.0,215000.0,-0.0537,36.4,,,,,,,False,materials,krx_official,False,True,
004800,효성,2026-07-28,2026,지주/복합기업,10.0,10.0,,80.0,False,False,9.0,1.22,,,,,,,unqualified,stub,liquid_stub,False,False,False,False,139300.0,2331938695100.0,28611,3985512300.0,4426194832.5,276000.0,76800.0,-0.1261,77.31,,,,,,,False,holding_company,manual,False,True,
111770,영원무역,2026-07-28,2026,유통,10.0,10.0,,80.0,False,False,7.54,0.91,,,,,,,unqualified,stub,liquid_stub,False,False,False,False,86400.0,3828510835200.0,41726,3605126400.0,6565597015.0,98000.0,55600.0,0.041,49.91,,,,,,,False,,,False,True,
214450,파마리서치,2026-07-28,2026,제약,10.0,10.0,,80.0,False,False,20.83,5.55,,,,,,,unqualified,stub,liquid_stub,False,False,False,False,375500.0,3901312824000.0,369146,138614323000.0,66347128862.5,711000.0,259000.0,-0.1154,68.48,,,,,,,False,,,False,True,
001450,현대해상,2026-07-28,2026,손해보험,10.0,10.0,,80.0,False,False,2.84,0.56,,,,,,,unqualified,stub,liquid_stub,False,False,False,False,38450.0,3277795212500.0,444986,17109711700.0,16590025146.55,41250.0,25750.0,0.3856,45.4,,,,,,,False,,,False,True,
035250,강원랜드,2026-07-28,2026,오락·문화,10.0,10.0,,80.0,False,False,9.12,0.72,,,,,,,unqualified,stub,liquid_stub,False,False,False,False,14350.0,3070046175000.0,442112,6344307200.0,6192546409.8,20100.0,14110.0,-0.2001,22.59,,,,,,,False,,,False,True,
011780,금호석유화학,2026-07-28,2026,화학,10.0,10.0,,80.0,False,False,10.58,0.49,,,,,,,unqualified,stub,liquid_stub,False,False,False,False,115400.0,2903155305000.0,63177,7290625800.0,8888828032.5,153400.0,103600.0,-0.1896,50.93,,,,,,,False,,,False,True,
036460,한국가스공사,2026-07-28,2026,전기·가스,10.0,10.0,,80.0,False,False,21.87,0.26,,,,,,,unqualified,stub,liquid_stub,False,False,False,False,34050.0,3143257650000.0,128727,4383154350.0,5076606288.75,45750.0,31700.0,-0.1654,31.03,,,,,,,False,,,False,True,
031210,서울보증보험,2026-07-28,2026,보험,10.0,10.0,,80.0,False,False,10.94,0.57,,,,,,,unqualified,stub,liquid_stub,False,False,False,False,41700.0,2911560636600.0,36080,1504536000.0,1364499507.5,62000.0,40050.0,-0.1429,36.78,,,,,,,False,,,False,True,
383220,F&F,2026-07-28,2026,섬유·의류,10.0,10.0,,80.0,False,False,7.2,1.52,,,,,,,unqualified,stub,liquid_stub,False,False,False,False,76700.0,2938152652500.0,41017,3146003900.0,4920396650.0,86100.0,59500.0,0.1782,44.5,,,,,,,False,,,False,True,
251270,넷마블,2026-07-28,2026,IT 서비스,10.0,10.0,,80.0,False,False,13.0,0.54,,,,,,,unqualified,stub,liquid_stub,False,False,False,False,36750.0,3011095484250.0,101408,3726744000.0,5852584768.75,68000.0,34900.0,-0.2794,44.92,,,,,,,False,,,False,True,
145020,휴젤,2026-07-28,2026,제약,10.0,10.0,,80.0,False,False,18.18,2.7,,,,,,,unqualified,stub,liquid_stub,False,False,False,False,237500.0,2972353587500.0,37256,8848300000.0,12117730300.0,360000.0,214000.0,0.0,56.12,,,,,,,False,,,False,True,
139130,iM금융지주,2026-07-28,2026,은행/금융지주,10.0,10.0,,80.0,False,False,7.24,0.47,,,,,,,unqualified,stub,liquid_stub,False,False,False,False,16750.0,2652587084000.0,690428,11564669000.0,9890604982.5,21650.0,13220.0,0.1812,38.54,,,,,,,False,,,False,True,
214150,클래시스,2026-07-28,2026,의료·정밀기기,10.0,10.0,,80.0,False,False,21.72,5.16,,,,,,,unqualified,stub,liquid_stub,False,False,False,False,43200.0,2818180468800.0,115800,5002560000.0,10676849447.5,75600.0,42000.0,-0.2653,56.16,,,,,,,False,,,False,True,
131290,티에스이,2026-07-28,2026,의료·정밀기기,10.0,10.0,,80.0,False,False,73.03,7.28,,,,,,,unqualified,stub,liquid_stub,False,False,False,False,176400.0,1951236075600.0,215510,38015964000.0,36583353292.5,284500.0,36400.0,1.6526,86.92,,,,,,,False,,,False,True,
097950,CJ제일제당,2026-07-28,2026,음식료·담배,10.0,10.0,,80.0,False,False,,0.42,,,,,,,unqualified,stub,liquid_stub,False,False,False,False,187300.0,2819649037800.0,45366,8497051800.0,9826152765.0,254500.0,177500.0,-0.1207,30.9,,,,,,,False,,,False,True,
012750,에스원,2026-07-28,2026,일반서비스,10.0,10.0,,80.0,False,False,13.61,1.38,,,,,,,unqualified,stub,liquid_stub,False,False,False,False,72300.0,2747340569400.0,63833,4615125900.0,4837296601.8,94100.0,68200.0,-0.0883,45.24,,,,,,,False,,,False,True,
302440,SK바이오사이언스,2026-07-28,2026,제약,10.0,10.0,,80.0,False,False,,1.51,,,,,,,unqualified,stub,liquid_stub,False,False,False,False,33800.0,2651831491400.0,62322,2106483600.0,3197145377.5,60100.0,32750.0,-0.324,44.33,,,,,,,False,,,False,True,
483650,달바글로벌,2026-07-28,2026,화학,10.0,10.0,,80.0,False,False,32.3,13.29,,,,,,,unqualified,stub,liquid_stub,False,False,False,False,256000.0,3198442240000.0,156281,40007936000.0,35983578401.1,260000.0,121200.0,0.7902,65.69,,,,,,,False,,,False,True,
028670,팬오션,2026-07-28,2026,해운,10.0,10.0,,80.0,False,False,8.88,0.47,,,,,,,unqualified,stub,liquid_stub,False,False,False,False,5060.0,2704921730720.0,1176218,5951663080.0,9170653135.3,6200.0,3550.0,0.1333,49.66,,,,,,,False,,,False,True,
031980,피에스케이홀딩스,2026-07-28,2026,기계·장비,10.0,10.0,,80.0,False,False,29.35,5.31,,,,,,,unqualified,stub,liquid_stub,False,False,False,False,94200.0,2031177609000.0,176267,16604351400.0,35939244732.5,166500.0,30600.0,0.5912,96.72,,,,,,,False,,,False,True,
017800,현대엘리베이터,2026-07-28,2026,기계·장비,10.0,10.0,,80.0,False,False,9.3,1.8,,,,,,,unqualified,stub,liquid_stub,False,False,False,False,68000.0,2658282180000.0,144722,9841096000.0,7839156562.5,111700.0,66400.0,-0.2657,40.45,,,,,,,False,,,False,True,
014680,한솔케미칼,2026-07-28,2026,화학,10.0,10.0,,80.0,False,False,17.8,2.4,,,,,,,unqualified,stub,liquid_stub,False,False,False,False,198800.0,2189364321200.0,56445,11221266000.0,14133731097.65,338000.0,159500.0,-0.2383,63.8,,,,,,,False,,,False,True,
009420,한올바이오파마,2026-07-28,2026,제약,10.0,10.0,,80.0,False,False,,15.77,,,,,,,unqualified,stub,liquid_stub,False,False,False,False,45200.0,2361276837600.0,179614,8118552800.0,23569215927.5,70700.0,25700.0,-0.0869,91.98,,,,,,,False,,,False,True,
081660,미스토홀딩스,2026-07-28,2026,유통,10.0,10.0,,80.0,False,False,11.76,1.31,,,,,,,unqualified,stub,liquid_stub,False,False,False,False,44150.0,2344004736000.0,122704,5417381600.0,7526326682.85,54200.0,35850.0,-0.0243,41.73,,,,,,,False,,,False,True,
026960,동서,2026-07-28,2026,유통,10.0,10.0,,80.0,False,False,17.3,1.46,,,,,,,unqualified,stub,liquid_stub,False,False,False,False,26050.0,2597185000000.0,229713,5984023650.0,2459319467.5,31200.0,22950.0,0.0019,30.51,,,,,,,False,,,False,True,
279570,케이뱅크,2026-07-28,2026,은행,10.0,10.0,,80.0,False,False,21.19,1.08,,,,,,,unqualified,stub,liquid_stub,False,False,False,False,5780.0,2344917972780.0,1184552,6846710560.0,11958032565.75,8330.0,5290.0,0.0,56.1,,,,,,,False,,,False,True,
011170,롯데케미칼,2026-07-28,2026,화학,10.0,10.0,,80.0,False,False,,0.2,,,,,,,unqualified,stub,liquid_stub,False,False,False,False,57200.0,2446753966800.0,77961,4459369200.0,6363265171.4,118000.0,56600.0,-0.2218,65.78,,,,,,,False,,,False,True,
009970,영원무역홀딩스,2026-07-28,2026,기타금융,10.0,10.0,,80.0,False,False,6.0,0.73,,,,,,,unqualified,stub,liquid_stub,False,False,False,False,201000.0,2603717217000.0,8915,1791915000.0,2541033942.5,250000.0,120700.0,0.0859,50.18,,,,,,,False,,,False,True,
226950,올릭스,2026-07-28,2026,일반서비스,10.0,10.0,,80.0,False,False,,17.47,,,,,,,unqualified,stub,liquid_stub,False,False,False,False,107000.0,2253724950000.0,204483,21879681000.0,40282646957.5,207000.0,36800.0,-0.2286,100.4,,,,,,,False,,,False,True,
089970,브이엠,2026-07-28,2026,기계·장비,10.0,10.0,,80.0,False,False,82.91,13.79,,,,,,,unqualified,stub,liquid_stub,False,False,False,False,62900.0,1655953518500.0,768639,48347393100.0,74235472715.0,119700.0,10500.0,1.3736,98.74,,,,,,,False,,,False,True,
237690,에스티팜,2026-07-28,2026,제약,10.0,10.0,,80.0,False,False,43.31,4.09,,,,,,,unqualified,stub,liquid_stub,False,False,False,False,98500.0,2056348843000.0,156906,15455241000.0,15423711850.0,168700.0,82700.0,-0.2044,62.67,,,,,,,False,,,False,True,
005850,에스엘,2026-07-28,2026,자동차부품,10.0,10.0,,80.0,False,False,7.72,0.94,,,,,,,unqualified,stub,liquid_stub,False,False,False,False,51600.0,2396743632000.0,63661,3284907600.0,5897452358.9,76200.0,31650.0,0.0341,70.39,,,,,,,False,,,False,True,
003690,코리안리,2026-07-28,2026,생명/손해보험,10.0,10.0,,80.0,False,False,8.57,0.65,,,,,,,unqualified,stub,liquid_stub,False,False,False,False,13600.0,2403406021600.0,448890,6104904000.0,4146098454.75,14540.0,10290.0,0.2121,35.43,,,,,,,False,,,False,True,
161890,한국콜마,2026-07-28,2026,화학,10.0,10.0,,80.0,False,False,19.32,2.66,,,,,,,unqualified,stub,liquid_stub,False,False,False,False,98900.0,2334542115300.0,221545,21910800500.0,46612407020.0,117800.0,61100.0,0.5239,47.93,,,,,,,False,,,False,True,
000240,한국앤컴퍼니,2026-07-28,2026,기타금융,10.0,10.0,,80.0,False,False,6.76,0.49,,,,,,,unqualified,stub,liquid_stub,False,False,False,False,24950.0,2368634238000.0,84897,2118180150.0,2300276175.0,34650.0,21300.0,-0.0673,51.79,,,,,,,False,,,False,True,
001720,신영증권,2026-07-28,2026,증권,10.0,10.0,,80.0,False,False,10.37,0.62,,,,,,,unqualified,stub,liquid_stub,False,False,False,False,133700.0,2198028000000.0,10343,1382859100.0,1709512890.0,255000.0,119000.0,-0.1591,67.75,,,,,,,False,,,False,True,
064760,티씨케이,2026-07-28,2026,비금속,10.0,10.0,,80.0,False,False,34.21,4.52,,,,,,,unqualified,stub,liquid_stub,False,False,False,False,166400.0,1860254822400.0,68634,11420697600.0,17488429912.5,348500.0,92000.0,-0.006,77.15,,,,,,,False,,,False,True,
007340,DN오토모티브,2026-07-28,2026,자동차부품,10.0,10.0,,80.0,False,False,7.18,1.01,,,,,,,unqualified,stub,liquid_stub,False,False,False,False,36650.0,2144423202250.0,126906,4651104900.0,6970994106.25,51200.0,22100.0,0.466,63.86,,,,,,,False,,,False,True,
489790,한화비전,2026-07-28,2026,전기·전자,10.0,10.0,,80.0,False,False,50.44,2.65,,,,,,,unqualified,stub,liquid_stub,False,False,False,False,37050.0,1870594849500.0,315070,11673343500.0,12917179572.5,92700.0,35950.0,-0.2983,84.11,,,,,,,False,,,False,True,
257720,실리콘투,2026-07-28,2026,유통,10.0,10.0,,80.0,False,False,12.45,4.92,,,,,,,unqualified,stub,liquid_stub,False,False,False,False,36500.0,2393533198000.0,458364,16730286000.0,20932479451.25,54200.0,30400.0,-0.1648,60.54,,,,,,,False,,,False,True,
004990,롯데지주,2026-07-28,2026,기타금융,10.0,10.0,,80.0,False,False,,0.28,,,,,,,unqualified,stub,liquid_stub,False,False,False,False,22650.0,2257384526400.0,113301,2566267650.0,3674702217.5,38600.0,22200.0,-0.2256,46.14,,,,,,,False,,,False,True,
375500,DL이앤씨,2026-07-28,2026,건설,10.0,10.0,,80.0,False,False,6.64,0.46,,,,,,,unqualified,stub,liquid_stub,False,False,False,False,57500.0,2224883322500.0,275948,15867010000.0,22406604647.5,102500.0,38700.0,0.3083,73.11,,,,,,,False,,,False,True,
006360,GS건설,2026-07-28,2026,건설,10.0,10.0,,80.0,False,False,24.32,0.46,,,,,,,unqualified,stub,liquid_stub,False,False,False,False,25500.0,2182327995000.0,2562543,65344846500.0,88622197586.25,43100.0,18070.0,0.3557,78.93,,,,,,,False,,,False,True,
007070,GS리테일,2026-07-28,2026,유통,10.0,10.0,,80.0,False,False,51.06,0.68,,,,,,,unqualified,stub,liquid_stub,False,False,False,False,24500.0,2048381667500.0,164109,4020670500.0,4435745695.0,29450.0,15700.0,0.1611,43.4,,,,,,,False,,,False,True,
008930,한미사이언스,2026-07-28,2026,기타금융,10.0,10.0,,80.0,False,False,18.56,2.28,,,,,,,unqualified,stub,liquid_stub,False,False,False,False,33950.0,2321893122500.0,137128,4655495600.0,7042499166.25,51900.0,26100.0,-0.1597,53.98,,,,,,,False,,,False,True,
005290,동진쎄미켐,2026-07-28,2026,화학,10.0,10.0,,80.0,False,False,22.06,2.02,,,,,,,unqualified,stub,liquid_stub,False,False,False,False,36500.0,1860409599000.0,470205,17162482500.0,22543457176.25,66000.0,28000.0,-0.0748,73.7,,,,,,,False,,,False,True,
357780,솔브레인,2026-07-28,2026,화학,10.0,10.0,,80.0,False,False,27.22,2.03,,,,,,,unqualified,stub,liquid_stub,False,False,False,False,248000.0,1929084368000.0,44300,10986400000.0,25028893412.5,501000.0,201000.0,-0.1987,83.99,,,,,,,False,,,False,True,
030000,제일기획,2026-07-28,2026,일반서비스,10.0,10.0,,80.0,False,False,9.15,1.21,,,,,,,unqualified,stub,liquid_stub,False,False,False,False,18820.0,2165075854500.0,280967,5287798940.0,5815617698.1,23150.0,17980.0,-0.0995,26.91,,,,,,,False,,,False,True,
282330,BGF리테일,2026-07-28,2026,유통,10.0,10.0,,80.0,False,False,10.97,1.63,,,,,,,unqualified,stub,liquid_stub,False,False,False,False,124000.0,2143204344000.0,45208,5605792000.0,7662111284.4,147800.0,102000.0,0.0526,39.77,,,,,,,False,,,False,True,
139480,이마트,2026-07-28,2026,유통,10.0,10.0,,80.0,False,False,15.26,0.19,,,,,,,unqualified,stub,liquid_stub,False,False,False,False,79300.0,2188348446700.0,75848,6014746400.0,9512947140.0,127600.0,71200.0,-0.056,47.9,,,,,,,False,,,False,True,
085620,미래에셋생명,2026-07-28,2026,보험,10.0,10.0,,80.0,False,False,15.59,0.83,,,,,,,unqualified,stub,liquid_stub,False,False,False,False,14930.0,2018237400000.0,152250,2273092500.0,4448431666.0,34550.0,6730.0,0.657,98.36,,,,,,,False,,,False,True,
004370,농심,2026-07-28,2026,음식료·담배,10.0,10.0,,80.0,False,False,11.88,0.72,,,,,,,unqualified,stub,liquid_stub,False,False,False,False,377000.0,2293156034000.0,40165,15142205000.0,8426009350.0,522000.0,329500.0,-0.0927,37.21,,,,,,,False,,,False,True,
263750,펄어비스,2026-07-28,2026,IT 서비스,10.0,10.0,,80.0,False,False,,2.57,,,,,,,unqualified,stub,liquid_stub,False,False,False,False,33450.0,2102128789500.0,304365,10181009250.0,8922348032.5,72000.0,29500.0,-0.1959,72.26,,,,,,,False,,,False,True,
018670,SK가스,2026-07-28,2026,유통,10.0,10.0,,80.0,False,False,8.6,0.69,,,,,,,unqualified,stub,liquid_stub,False,False,False,False,229000.0,2119908876000.0,13339,3054631000.0,3451868625.0,290000.0,203000.0,0.0066,48.85,,,,,,,False,,,False,True,
319400,현대무벡스,2026-07-28,2026,기계·장비,10.0,10.0,,80.0,False,False,179.9,12.74,,,,,,,unqualified,stub,liquid_stub,False,False,False,False,20850.0,2322190413150.0,1883578,39272601300.0,32201416253.0,46350.0,4405.0,-0.4647,110.98,,,,,,,False,,,False,True,
204320,HL만도,2026-07-28,2026,운송장비·부품,10.0,10.0,,80.0,False,False,20.28,0.75,,,,,,,unqualified,stub,liquid_stub,False,False,False,False,40900.0,1920546208000.0,501724,20520511600.0,35095023332.5,76900.0,32850.0,-0.3569,70.6,,,,,,,False,,,False,True,
192820,코스맥스,2026-07-28,2026,화학,10.0,10.0,,80.0,False,False,16.35,3.6,,,,,,,unqualified,stub,liquid_stub,False,False,False,False,184600.0,2095119361400.0,81186,14986935600.0,15587158830.0,266000.0,144900.0,0.0016,54.93,,,,,,,False,,,False,True,
475150,SK이터닉스,2026-07-28,2026,건설,10.0,10.0,,80.0,False,False,62.79,7.07,,,,,,,unqualified,stub,liquid_stub,False,False,False,False,48700.0,1659063094800.0,7289994,355022707800.0,457948302682.5,80900.0,17560.0,1.435,112.1,,,,,,,False,,,False,True,
051600,한전KPS,2026-07-28,2026,건설,10.0,10.0,,80.0,False,False,15.63,1.44,,,,,,,unqualified,stub,liquid_stub,False,False,False,False,44250.0,1991250000000.0,85624,3788862000.0,4822255165.0,67500.0,42550.0,-0.2613,52.92,,,,,,,False,,,False,True,
002790,아모레퍼시픽홀딩스,2026-07-28,2026,화학,10.0,10.0,,80.0,False,False,18.3,0.64,,,,,,,unqualified,stub,liquid_stub,False,False,False,False,24250.0,1854110865000.0,85955,2084408750.0,2965999283.75,35050.0,20450.0,-0.0673,46.44,,,,,,,False,,,False,True,
462870,시프트업,2026-07-28,2026,IT 서비스,10.0,10.0,,80.0,False,False,9.7,2.01,,,,,,,unqualified,stub,liquid_stub,False,False,False,False,30100.0,1768130889000.0,66291,1995359100.0,3095070332.5,44550.0,28200.0,-0.1263,40.11,,,,,,,False,,,False,True,
420770,기가비스,2026-07-28,2026,기계·장비,10.0,10.0,,80.0,False,False,119.36,8.74,,,,,,,unqualified,stub,liquid_stub,False,False,False,False,100000.0,1267575800000.0,128488,12848800000.0,23552373812.5,192200.0,23700.0,0.9417,85.97,,,,,,,False,,,False,True,
071970,HD현대마린엔진,2026-07-28,2026,기계·장비,10.0,10.0,,80.0,False,False,11.1,3.75,,,,,,,unqualified,stub,liquid_stub,False,False,False,False,54700.0,1855505776500.0,352663,19290666100.0,16884825420.0,115500.0,49400.0,-0.4181,73.94,,,,,,,False,,,False,True,
281820,케이씨텍,2026-07-28,2026,의료·정밀기기,10.0,10.0,,80.0,False,False,34.33,3.43,,,,,,,unqualified,stub,liquid_stub,False,False,False,False,65200.0,1290872697200.0,201725,13152470000.0,30652265355.0,117500.0,26600.0,0.6869,88.42,,,,,,,False,,,False,True,
008770,호텔신라,2026-07-28,2026,유통,10.0,10.0,,80.0,False,False,,1.57,,,,,,,unqualified,stub,liquid_stub,False,False,False,False,46400.0,1821112814400.0,175098,8124547200.0,12767270261.8,69400.0,40400.0,0.0022,46.49,,,,,,,False,,,False,True,
089030,테크윙,2026-07-28,2026,기계·장비,10.0,10.0,,80.0,False,False,186.5,8.15,,,,,,,unqualified,stub,liquid_stub,False,False,False,False,38950.0,1443239472750.0,702994,27381616300.0,74244096416.25,71100.0,26650.0,-0.1668,87.87,,,,,,,False,,,False,True,
140860,파크시스템스,2026-07-28,2026,의료·정밀기기,10.0,10.0,,80.0,False,False,49.97,7.66,,,,,,,unqualified,stub,liquid_stub,False,False,False,False,254000.0,1778627126000.0,33663,8550402000.0,10499146675.0,339500.0,208000.0,0.0855,71.83,,,,,,,False,,,False,True,
073240,금호타이어,2026-07-28,2026,화학,10.0,10.0,,80.0,False,False,4.98,0.85,,,,,,,unqualified,stub,liquid_stub,False,False,False,False,5920.0,1700580899040.0,2563975,15178732000.0,52997991618.35,7800.0,4305.0,-0.0311,65.55,,,,,,,False,,,False,True,
068760,셀트리온제약,2026-07-28,2026,제약,10.0,10.0,,80.0,False,False,44.51,3.96,,,,,,,unqualified,stub,liquid_stub,False,False,False,False,39900.0,1771653046800.0,77453,3090374700.0,3198265406.25,75700.0,38000.0,-0.3502,42.57,,,,,,,False,,,False,True,
395400,SK리츠,2026-07-28,2026,부동산,10.0,10.0,,80.0,False,False,,,,,,,,,unqualified,stub,liquid_stub,False,False,False,False,5600.0,1685698672000.0,347070,1943592000.0,1344332415.0,7090.0,4705.0,-0.0158,35.35,,,,,,,False,,,False,True,
098460,고영,2026-07-28,2026,기계·장비,10.0,10.0,,80.0,False,False,111.38,4.91,,,,,,,unqualified,stub,liquid_stub,False,False,False,False,24250.0,1653952165250.0,999579,24239790750.0,30529866733.75,43500.0,13640.0,-0.189,91.97,,,,,,,False,,,False,True,
103140,풍산,2026-07-28,2026,금속,10.0,10.0,,80.0,False,False,11.23,0.72,,,,,,,unqualified,stub,liquid_stub,False,False,False,False,60100.0,1684259107800.0,119380,7174738000.0,6790645485.0,165000.0,59800.0,-0.518,57.34,,,,,,,False,,,False,True,
439260,대한조선,2026-07-28,2026,운송장비·부품,10.0,10.0,,80.0,False,False,6.1,1.57,,,,,,,unqualified,stub,liquid_stub,False,False,False,False,46350.0,1765412635500.0,70276,3257292600.0,3363065097.5,108700.0,43450.0,-0.3416,63.67,,,,,,,False,,,False,True,
290650,엘앤씨바이오,2026-07-28,2026,제약,10.0,10.0,,80.0,False,False,,7.73,,,,,,,unqualified,stub,liquid_stub,False,False,False,False,52600.0,1418606430400.0,187422,9858397200.0,19064114542.5,118300.0,29200.0,-0.0259,92.44,,,,,,,False,,,False,True,
457190,이수스페셜티케미컬,2026-07-28,2026,화학,10.0,10.0,,80.0,False,False,2123.08,12.55,,,,,,,unqualified,stub,liquid_stub,False,False,False,False,52100.0,1574403231200.0,93420,4867182000.0,7296928347.5,130100.0,40950.0,-0.376,82.37,,,,,,,False,,,False,True,
112610,씨에스윈드,2026-07-28,2026,금속,10.0,10.0,,80.0,False,False,46.89,1.41,,,,,,,unqualified,stub,liquid_stub,False,False,False,False,37650.0,1587753322950.0,409878,15431906700.0,22427618147.5,76900.0,37650.0,-0.0772,70.93,,,,,,,False,,,False,True,
000120,CJ대한통운,2026-07-28,2026,운송·창고,10.0,10.0,,80.0,False,False,6.35,0.35,,,,,,,unqualified,stub,liquid_stub,False,False,False,False,73100.0,1667582346400.0,39664,2899438400.0,3659890227.5,145700.0,71300.0,-0.2456,43.86,,,,,,,False,,,False,True,
00680K,미래에셋증권2우B,2026-07-28,2026,unknown,10.0,10.0,,80.0,False,False,,,,,,,,,unqualified,stub,liquid_stub,False,False,False,False,10610.0,1448265000000.0,362398,3845042780.0,6864474330.0,23800.0,7632.0,-0.1544,72.24,,,,,,,False,unknown,unknown,False,True,
035900,JYP Ent.,2026-07-28,2026,오락·문화,10.0,10.0,,80.0,False,False,9.28,2.4,,,,,,,unqualified,stub,liquid_stub,False,False,False,False,45000.0,1598962140000.0,226109,10174905000.0,10122091982.5,85000.0,43750.0,-0.3525,44.62,,,,,,,False,,,False,True,
131970,두산테스나,2026-07-28,2026,일반서비스,10.0,10.0,,80.0,False,False,1053.85,3.62,,,,,,,unqualified,stub,liquid_stub,False,False,False,False,66400.0,1283328603200.0,672711,44668010400.0,25389142105.0,190100.0,27200.0,0.26,91.96,,,,,,,False,,,False,True,
140410,메지온,2026-07-28,2026,일반서비스,10.0,10.0,,80.0,False,False,,91.87,,,,,,,unqualified,stub,liquid_stub,False,False,False,False,56900.0,1741481058600.0,178747,10170704300.0,7763758465.0,172700.0,36450.0,-0.4091,85.6,,,,,,,False,,,False,True,
032820,우리기술,2026-07-28,2026,전기·전자,10.0,10.0,,80.0,False,False,1852.0,12.26,,,,,,,unqualified,stub,liquid_stub,False,False,False,False,9030.0,1549594829580.0,1971987,17807042610.0,29781500358.75,29300.0,3360.0,0.1316,110.96,,,,,,,False,,,False,True,
020150,롯데에너지머티리얼즈,2026-07-28,2026,전기·전자,10.0,10.0,,80.0,False,False,,0.95,,,,,,,unqualified,stub,liquid_stub,False,False,False,False,26550.0,1390303042650.0,274954,7300028700.0,7066622622.5,78500.0,22350.0,-0.2248,92.54,,,,,,,False,,,False,True,
007810,코리아써키트,2026-07-28,2026,전기·전자,10.0,10.0,,80.0,False,False,38.01,4.08,,,,,,,unqualified,stub,liquid_stub,False,False,False,False,47300.0,1134377926000.0,262694,12425426200.0,22272925152.5,141900.0,11290.0,-0.2156,99.08,,,,,,,False,,,False,True,
041510,에스엠,2026-07-28,2026,오락·문화,10.0,10.0,,80.0,False,False,4.52,1.56,,,,,,,unqualified,stub,liquid_stub,False,False,False,False,70100.0,1604917769000.0,106499,7465579900.0,8076949777.5,153000.0,66500.0,-0.3818,57.22,,,,,,,False,,,False,True,
000155,두산우,2026-07-28,2026,전기·전자,10.0,10.0,,80.0,False,False,,,,,,,,,unqualified,stub,liquid_stub,False,False,False,False,370000.0,1478690940000.0,10222,3782140000.0,3986599100.0,736000.0,321000.0,-0.2952,74.96,,,,,,,False,,,False,True,
120110,코오롱인더,2026-07-28,2026,화학,10.0,10.0,,80.0,False,False,228.89,0.4,,,,,,,unqualified,stub,liquid_stub,False,False,False,False,50100.0,1500296203200.0,165065,8269756500.0,9960768138.75,100900.0,34000.0,0.1465,66.59,,,,,,,False,,,False,True,
001800,오리온홀딩스,2026-07-28,2026,기타금융,10.0,10.0,,80.0,False,False,12.68,0.62,,,,,,,unqualified,stub,liquid_stub,False,False,False,False,25400.0,1527978960800.0,61345,1558163000.0,2214137517.5,28300.0,18690.0,0.2038,40.82,,,,,,,False,,,False,True,
023590,다우기술,2026-07-28,2026,IT서비스/소프트웨어,10.0,10.0,,80.0,False,False,3.01,0.44,,,,,,,unqualified,stub,liquid_stub,False,False,False,False,34950.0,1512891554400.0,72165,2522166750.0,1922725492.5,61500.0,31400.0,-0.137,54.75,,,,,,,False,,,False,True,
011210,현대위아,2026-07-28,2026,운송장비·부품,10.0,10.0,,80.0,False,False,15.07,0.41,,,,,,,unqualified,stub,liquid_stub,False,False,False,False,53300.0,1449497923900.0,136810,7291973000.0,6009566178.65,101300.0,47950.0,-0.3902,62.49,,,,,,,False,,,False,True,
010170,대한광통신,2026-07-28,2026,전기·전자,10.0,10.0,,80.0,False,False,,19.79,,,,,,,unqualified,stub,liquid_stub,False,False,False,False,8450.0,1313853827000.0,4714661,39838885450.0,93362314757.5,29100.0,848.0,1.6121,143.8,,,,,,,False,,,False,True,
001740,SK네트웍스,2026-07-28,2026,유통,10.0,10.0,,80.0,False,False,29.18,0.72,,,,,,,unqualified,stub,liquid_stub,False,False,False,False,6970.0,1398139406330.0,1262443,8799227710.0,18584363888.25,14290.0,4295.0,0.5136,78.72,,,,,,,False,,,False,True,
007390,네이처셀,2026-07-28,2026,제약,10.0,10.0,,80.0,False,False,,23.11,,,,,,,unqualified,stub,liquid_stub,False,False,False,False,23250.0,1498115052000.0,286897,6670355250.0,10994880705.0,37800.0,16900.0,0.1567,97.17,,,,,,,False,,,False,True,
096530,씨젠,2026-07-28,2026,제약,10.0,10.0,,80.0,False,False,26.22,1.25,,,,,,,unqualified,stub,liquid_stub,False,False,False,False,26200.0,1368321042800.0,224379,5878729800.0,6386312207.5,32550.0,21850.0,0.0871,48.45,,,,,,,False,,,False,True,
001120,LX인터내셔널,2026-07-28,2026,유통,10.0,10.0,,80.0,False,False,9.31,0.48,,,,,,,unqualified,stub,liquid_stub,False,False,False,False,36600.0,1418616000000.0,105297,3853870200.0,3691953991.25,56700.0,29150.0,-0.0279,41.81,,,,,,,False,,,False,True,
020560,아시아나항공,2026-07-28,2026,운송·창고,10.0,10.0,,80.0,False,False,,1.89,,,,,,,unqualified,stub,liquid_stub,False,False,False,False,6880.0,1417216091680.0,119387,821382560.0,1038513268.75,9870.0,6670.0,-0.1123,34.75,,,,,,,False,,,False,True,
006280,녹십자,2026-07-28,2026,제약,10.0,10.0,,80.0,False,False,,1.13,,,,,,,unqualified,stub,liquid_stub,False,False,False,False,120600.0,1409396482800.0,19206,2316243600.0,5078629597.5,180300.0,117900.0,-0.2391,45.25,,,,,,,False,,,False,True,
069620,대웅제약,2026-07-28,2026,제약,10.0,10.0,,80.0,False,False,7.11,1.38,,,,,,,unqualified,stub,liquid_stub,False,False,False,False,125900.0,1458749792500.0,12425,1564307500.0,6046641775.0,194000.0,107300.0,-0.2365,45.16,,,,,,,False,,,False,True,
183300,코미코,2026-07-28,2026,기계·장비,10.0,10.0,,80.0,False,False,27.01,4.97,,,,,,,unqualified,stub,liquid_stub,False,False,False,False,54400.0,1117664864000.0,207113,11266947200.0,14375733445.0,139200.0,30304.0,0.1231,92.24,,,,,,,False,,,False,True,
058610,에스피지,2026-07-28,2026,전기·전자,10.0,10.0,,80.0,False,False,151.46,5.36,,,,,,,unqualified,stub,liquid_stub,False,False,False,False,68000.0,1508060480000.0,319018,21693224000.0,23603726665.0,158100.0,23150.0,-0.3609,103.43,,,,,,,False,,,False,True,
060370,LS마린솔루션,2026-07-28,2026,건설,10.0,10.0,,80.0,False,False,120.23,2.09,,,,,,,unqualified,stub,liquid_stub,False,False,False,False,27600.0,1441792370400.0,120640,3329664000.0,4449558992.5,50100.0,21950.0,-0.0628,77.86,,,,,,,False,,,False,True,
415640,KB발해인프라,2026-07-28,2026,기타금융,10.0,10.0,,80.0,False,False,,,,,,,,,unqualified,stub,liquid_stub,False,False,False,False,10670.0,1307560997160.0,126891,1353926970.0,1399496274.0,11150.0,8140.0,0.0734,19.01,,,,,,,False,,,False,True,
089860,롯데렌탈,2026-07-28,2026,일반서비스,10.0,10.0,,80.0,False,False,10.32,0.84,,,,,,,unqualified,stub,liquid_stub,False,False,False,False,38950.0,1414250662600.0,58952,2296180400.0,3260177451.25,40000.0,27300.0,0.2855,31.8,,,,,,,False,,,False,True,
009155,삼성전기우,2026-07-28,2026,전기·전자,10.0,10.0,,80.0,False,False,,,,,,,,,unqualified,stub,liquid_stub,False,False,False,False,387500.0,1126456300000.0,44178,17118975000.0,35371995287.5,954000.0,61900.0,2.12,90.34,,,,,,,False,,,False,True,
322000,HD현대에너지솔루션,2026-07-28,2026,전기·전자,10.0,10.0,,80.0,False,False,31.5,3.14,,,,,,,unqualified,stub,liquid_stub,False,False,False,False,111700.0,1251040000000.0,417673,46654074100.0,68276553095.0,244000.0,42000.0,0.9875,115.38,,,,,,,False,,,False,True,
097230,HJ중공업,2026-07-28,2026,건설,10.0,10.0,,80.0,False,False,25.37,1.95,,,,,,,unqualified,stub,liquid_stub,False,False,False,False,14550.0,1313797255200.0,410080,5966664000.0,11036731488.75,33350.0,7360.0,-0.4238,88.82,,,,,,,False,,,False,True,
192080,더블유게임즈,2026-07-28,2026,게임/엔터,10.0,10.0,,80.0,False,False,9.13,0.99,,,,,,,unqualified,stub,liquid_stub,False,False,False,False,60100.0,1272525426800.0,42274,2540667400.0,3857015247.5,74600.0,47300.0,0.1925,34.09,,,,,,,False,,,False,True,
0009K0,에임드바이오,2026-07-28,2026,unknown,10.0,10.0,,80.0,False,False,185.65,6.68,,,,,,,unqualified,stub,liquid_stub,False,False,False,False,19900.0,1286956103900.0,120189,2391761100.0,3842057760.25,72500.0,19350.0,-0.6427,109.37,,,,,,,False,unknown,unknown,False,True,
083650,비에이치아이,2026-07-28,2026,기계·장비,10.0,10.0,,80.0,False,False,19.41,7.13,,,,,,,unqualified,stub,liquid_stub,False,False,False,False,39850.0,1233133343750.0,149436,5955024600.0,9902145358.75,109500.0,35450.0,-0.3773,87.8,,,,,,,False,,,False,True,
229640,LS에코에너지,2026-07-28,2026,기타금융,10.0,10.0,,80.0,False,False,29.7,5.97,,,,,,,unqualified,stub,liquid_stub,False,False,False,False,39500.0,1209682720500.0,117365,4635917500.0,5854901037.5,93400.0,32450.0,0.026,81.5,,,,,,,False,,,False,True,
298020,효성티앤씨,2026-07-28,2026,화학,10.0,10.0,,80.0,False,False,114.42,0.79,,,,,,,unqualified,stub,liquid_stub,False,False,False,False,312500.0,1352400625000.0,27385,8557812500.0,6523501187.5,535000.0,200000.0,0.0702,66.34,,,,,,,False,,,False,True,
294870,IPARK현대산업개발,2026-07-28,2026,건설,10.0,10.0,,80.0,False,False,7.68,0.38,,,,,,,unqualified,stub,liquid_stub,False,False,False,False,19950.0,1314851233500.0,251847,5024347650.0,4327748108.0,24400.0,17210.0,-0.0197,47.21,,,,,,,False,,,False,True,
007310,오뚜기,2026-07-28,2026,음식료·담배,10.0,10.0,,80.0,False,False,15.31,0.51,,,,,,,unqualified,stub,liquid_stub,False,False,False,False,316000.0,1266474280000.0,6484,2048944000.0,1535641500.0,433000.0,295000.0,-0.1856,24.38,,,,,,,False,,,False,True,
005070,코스모신소재,2026-07-28,2026,화학,10.0,10.0,,80.0,False,False,,2.4,,,,,,,unqualified,stub,liquid_stub,False,False,False,False,31300.0,1039616072300.0,131289,4109345700.0,4858251388.75,65500.0,31300.0,-0.3218,72.7,,,,,,,False,,,False,True,
030530,원익홀딩스,2026-07-28,2026,화학,10.0,10.0,,80.0,False,False,43.87,1.2,,,,,,,unqualified,stub,liquid_stub,False,False,False,False,14920.0,1152390676520.0,490939,7324809880.0,11204896522.25,48700.0,5660.0,-0.6518,107.02,,,,,,,False,,,False,True,
082920,비츠로셀,2026-07-28,2026,전기·전자,10.0,10.0,,80.0,False,False,21.23,3.66,,,,,,,unqualified,stub,liquid_stub,False,False,False,False,29600.0,1342048519200.0,276134,8173566400.0,11130988951.25,64100.0,12843.0,0.48,71.11,,,,,,,False,,,False,True,
012630,HDC,2026-07-28,2026,기타금융,10.0,10.0,,80.0,False,False,3.33,0.34,,,,,,,unqualified,stub,liquid_stub,False,False,False,False,20050.0,1197821506050.0,58654,1176012700.0,1451918853.5,30150.0,15990.0,0.192,52.51,,,,,,,False,,,False,True,
003540,대신증권,2026-07-28,2026,증권,10.0,10.0,,80.0,False,False,10.53,0.48,,,,,,,unqualified,stub,liquid_stub,False,False,False,False,24400.0,1163053474400.0,133259,3251519600.0,2379490345.0,49000.0,23650.0,-0.1223,54.54,,,,,,,False,,,False,True,
181710,NHN,2026-07-28,2026,IT 서비스,10.0,10.0,,80.0,False,False,35.19,0.76,,,,,,,unqualified,stub,liquid_stub,False,False,False,False,36150.0,1184025974850.0,169159,6115097850.0,5302802965.0,59600.0,24800.0,0.1852,66.24,,,,,,,False,,,False,True,
039200,오스코텍,2026-07-28,2026,제약,10.0,10.0,,80.0,False,False,22.08,6.37,,,,,,,unqualified,stub,liquid_stub,False,False,False,False,30250.0,1157309824000.0,101883,3081960750.0,5514795877.5,62000.0,28000.0,-0.3202,70.92,,,,,,,False,,,False,True,
000815,삼성화재우,2026-07-28,2026,보험,10.0,10.0,,80.0,False,False,,,,,,,,,unqualified,stub,liquid_stub,False,False,False,False,383500.0,1153192170000.0,8515,3265502500.0,4871056193.0,452000.0,320500.0,0.0268,31.26,,,,,,,False,,,False,True,
043260,성호전자,2026-07-28,2026,전기·전자,10.0,10.0,,80.0,False,False,12.01,4.56,,,,,,,unqualified,stub,liquid_stub,False,False,False,False,15020.0,1074774814920.0,962689,14459588780.0,48951766673.5,53200.0,1027.0,0.1209,129.89,,,,,,,False,,,False,True,
004000,롯데정밀화학,2026-07-28,2026,화학,10.0,10.0,,80.0,False,False,10.84,0.47,,,,,,,unqualified,stub,liquid_stub,False,False,False,False,44550.0,1149390000000.0,45832,2041815600.0,2741957537.5,71200.0,40350.0,-0.0022,44.79,,,,,,,False,,,False,True,
001430,세아베스틸지주,2026-07-28,2026,금속,10.0,10.0,,80.0,False,False,20.45,0.59,,,,,,,unqualified,stub,liquid_stub,False,False,False,False,33900.0,1215725834100.0,83915,2844718500.0,4342469980.0,90300.0,23500.0,-0.5394,82.36,,,,,,,False,,,False,True,
361610,SK아이이테크놀로지,2026-07-28,2026,전기·전자,10.0,10.0,,80.0,False,False,,0.44,,,,,,,unqualified,stub,liquid_stub,False,False,False,False,13450.0,1100036495000.0,131957,1774821650.0,2474330723.25,34300.0,13260.0,-0.4631,67.43,,,,,,,False,,,False,True,
093370,후성,2026-07-28,2026,화학,10.0,10.0,,80.0,False,False,212.6,3.41,,,,,,,unqualified,stub,liquid_stub,False,False,False,False,8100.0,868768173000.0,5058152,40971031200.0,62024324838.0,22400.0,4605.0,0.0658,102.38,,,,,,,False,,,False,True,
078600,대주전자재료,2026-07-28,2026,전기·전자,10.0,10.0,,80.0,False,False,53.09,4.36,,,,,,,unqualified,stub,liquid_stub,False,False,False,False,67600.0,1061599728800.0,140153,9474342800.0,10779271637.5,182800.0,59100.0,0.0696,88.8,,,,,,,False,,,False,True,
017960,한국카본,2026-07-28,2026,금속,10.0,10.0,,80.0,False,False,10.84,1.92,,,,,,,unqualified,stub,liquid_stub,False,False,False,False,20200.0,1043865017200.0,447696,9043459200.0,7215306610.0,52200.0,20200.0,-0.4435,67.23,,,,,,,False,,,False,True,
218410,RFHIC,2026-07-28,2026,전기·전자,10.0,10.0,,80.0,False,False,38.28,3.24,,,,,,,unqualified,stub,liquid_stub,False,False,False,False,40000.0,1062137680000.0,245102,9804080000.0,14118338225.0,112500.0,24000.0,0.1494,92.25,,,,,,,False,,,False,True,
127120,제이에스링크,2026-07-28,2026,일반서비스,10.0,10.0,,80.0,False,False,,15.09,,,,,,,unqualified,stub,liquid_stub,False,False,False,False,32200.0,1119038807600.0,90026,2898837200.0,4418693328.75,48900.0,12890.0,0.5941,88.25,,,,,,,False,,,False,True,
458870,씨어스,2026-07-28,2026,의료·정밀기기,10.0,10.0,,80.0,False,False,68.15,27.93,,,,,,,unqualified,stub,liquid_stub,False,False,False,False,25150.0,957202461000.0,166854,4196378100.0,8506548925.0,63034.0,10472.0,-0.4488,87.35,,,,,,,False,,,False,True,
003570,SNT다이내믹스,2026-07-28,2026,운송장비·부품,10.0,10.0,,80.0,False,False,12.18,0.9,,,,,,,unqualified,stub,liquid_stub,False,False,False,False,31600.0,1050785225200.0,53131,1678939600.0,2107613743.75,74600.0,31600.0,-0.4104,62.01,,,,,,,False,,,False,True,
066575,LG전자우,2026-07-28,2026,전기·전자,10.0,10.0,,80.0,False,False,,,,,,,,,unqualified,stub,liquid_stub,False,False,False,False,56000.0,962152744000.0,118151,6616456000.0,7395433177.5,124400.0,36050.0,0.0626,77.29,,,,,,,False,,,False,True,
195940,HK이노엔,2026-07-28,2026,제약,10.0,10.0,,80.0,False,False,14.11,0.8,,,,,,,unqualified,stub,liquid_stub,False,False,False,False,38100.0,1079368847100.0,99324,3784244400.0,4956262678.75,57600.0,37300.0,-0.1911,44.83,,,,,,,False,,,False,True,
003380,하림지주,2026-07-28,2026,금융,10.0,10.0,,80.0,False,False,4.03,0.29,,,,,,,unqualified,stub,liquid_stub,False,False,False,False,9240.0,1034931938040.0,445064,4112391360.0,5618267178.25,19610.0,7130.0,-0.1683,76.27,,,,,,,False,,,False,True,
166090,하나머티리얼즈,2026-07-28,2026,전기·전자,10.0,10.0,,80.0,False,False,26.81,2.21,,,,,,,unqualified,stub,liquid_stub,False,False,False,False,48150.0,952295003100.0,157295,7573754250.0,9843049246.25,81100.0,23600.0,-0.074,81.9,,,,,,,False,,,False,True,
000080,하이트진로,2026-07-28,2026,음식료·담배,10.0,10.0,,80.0,False,False,25.02,0.93,,,,,,,unqualified,stub,liquid_stub,False,False,False,False,15230.0,1068134895530.0,122293,1862522390.0,1731071793.5,21450.0,14260.0,-0.1553,20.99,,,,,,,False,,,False,True,
300720,한일시멘트,2026-07-28,2026,비금속,10.0,10.0,,80.0,False,False,13.2,0.55,,,,,,,unqualified,stub,liquid_stub,False,False,False,False,13880.0,1020807500920.0,98352,1365125760.0,1553773238.25,21300.0,13060.0,-0.1821,36.45,,,,,,,False,,,False,True,
031330,에스에이엠티,2026-07-28,2026,유통,10.0,10.0,,80.0,False,False,13.1,2.04,,,,,,,unqualified,stub,liquid_stub,False,False,False,False,8920.0,891955997640.0,1188393,10600465560.0,10655877404.75,18860.0,2875.0,1.197,82.52,,,,,,,False,,,False,True,
323280,태성,2026-07-28,2026,기계·장비,10.0,10.0,,80.0,False,False,,7.8,,,,,,,unqualified,stub,liquid_stub,False,False,False,False,29250.0,893235915000.0,297669,8706818250.0,9125502036.25,89700.0,23600.0,-0.3456,95.49,,,,,,,False,,,False,True,
003090,대웅,2026-07-28,2026,제약,10.0,10.0,,80.0,False,False,3.81,0.57,,,,,,,unqualified,stub,liquid_stub,False,False,False,False,16630.0,966901127400.0,36065,599760950.0,1096635219.75,29350.0,15850.0,-0.2526,48.03,,,,,,,False,,,False,True,
036540,SFA반도체,2026-07-28,2026,전기·전자,10.0,10.0,,80.0,False,False,,1.95,,,,,,,unqualified,stub,liquid_stub,False,False,False,False,4520.0,743360569560.0,1872474,8463582480.0,14819256493.45,11010.0,3055.0,-0.139,83.11,,,,,,,False,,,False,True,
000210,DL,2026-07-28,2026,화학,10.0,10.0,,80.0,False,False,,0.25,,,,,,,unqualified,stub,liquid_stub,False,False,False,False,44700.0,936728014800.0,40863,1826576100.0,4462662343.75,76800.0,34600.0,0.2065,64.91,,,,,,,False,,,False,True,
003240,태광산업,2026-07-28,2026,화학,10.0,10.0,,80.0,False,False,8.79,0.18,,,,,,,unqualified,stub,liquid_stub,False,False,False,False,843000.0,938596200000.0,1053,887679000.0,2201036975.0,1570000.0,709000.0,0.1166,62.03,,,,,,,False,,,False,True,
077970,STX엔진,2026-07-28,2026,기계·장비,10.0,10.0,,80.0,False,False,12.91,2.71,,,,,,,unqualified,stub,liquid_stub,False,False,False,False,21850.0,877235176550.0,211331,4617582350.0,4942589387.5,66500.0,20050.0,-0.4118,84.9,,,,,,,False,,,False,True,
003530,한화투자증권,2026-07-28,2026,증권,10.0,10.0,,80.0,False,False,9.25,0.46,,,,,,,unqualified,stub,liquid_stub,False,False,False,False,3930.0,843172755750.0,1411302,5546416860.0,4941356011.2,9560.0,3930.0,-0.2202,77.6,,,,,,,False,,,False,True,
185750,종근당,2026-07-28,2026,제약,10.0,10.0,,80.0,False,False,11.44,0.88,,,,,,,unqualified,stub,liquid_stub,False,False,False,False,67500.0,931687650000.0,12983,876352500.0,1540370240.0,97700.0,64100.0,-0.2087,34.12,,,,,,,False,,,False,True,
280360,롯데웰푸드,2026-07-28,2026,음식료·담배,10.0,10.0,,80.0,False,False,12.17,0.4,,,,,,,unqualified,stub,liquid_stub,False,False,False,False,100800.0,927821059200.0,9248,932198400.0,1811048302.5,135600.0,91900.0,-0.0861,31.73,,,,,,,False,,,False,True,
005300,롯데칠성,2026-07-28,2026,음식료·담배,10.0,10.0,,80.0,False,False,21.03,0.65,,,,,,,unqualified,stub,liquid_stub,False,False,False,False,99700.0,925104734800.0,13414,1337375800.0,1844182790.0,148200.0,95900.0,-0.2343,34.05,,,,,,,False,,,False,True,
034230,파라다이스,2026-07-28,2026,오락·문화,10.0,10.0,,80.0,False,False,9.07,0.5,,,,,,,unqualified,stub,liquid_stub,False,False,False,False,9910.0,917957175620.0,390982,3874631620.0,9925171407.75,23650.0,9670.0,-0.4311,60.19,,,,,,,False,,,False,True,
475830,오름테라퓨틱,2026-07-28,2026,제약,10.0,10.0,,80.0,False,False,,6.85,,,,,,,unqualified,stub,liquid_stub,False,False,False,False,43750.0,950232062500.0,68757,3008118750.0,4843486560.0,143700.0,20750.0,-0.6037,98.39,,,,,,,False,,,False,True,
006120,SK디스커버리,2026-07-28,2026,기타금융,10.0,10.0,,80.0,False,False,7.46,0.33,,,,,,,unqualified,stub,liquid_stub,False,False,False,False,49750.0,866334112250.0,40696,2024626000.0,2283824122.5,68200.0,43100.0,-0.2027,52.4,,,,,,,False,,,False,True,
195870,해성디에스,2026-07-28,2026,전기·전자,10.0,10.0,,80.0,False,False,37.69,1.59,,,,,,,unqualified,stub,liquid_stub,False,False,False,False,46100.0,783700000000.0,161743,7456352300.0,12402342387.5,102400.0,22000.0,-0.1049,90.1,,,,,,,False,,,False,True,
009450,경동나비엔,2026-07-28,2026,전기·전자,10.0,10.0,,80.0,False,False,10.1,1.18,,,,,,,unqualified,stub,liquid_stub,False,False,False,False,61300.0,893054689600.0,26930,1650809000.0,1949298547.5,92900.0,53600.0,0.0811,48.22,,,,,,,False,,,False,True,
252990,샘씨엔에스,2026-07-28,2026,전기·전자,10.0,10.0,,80.0,False,False,58.71,5.42,,,,,,,unqualified,stub,liquid_stub,False,False,False,False,11210.0,675042535690.0,945102,10594593420.0,11065729356.0,16320.0,4325.0,0.5901,82.41,,,,,,,False,,,False,True,
491000,리브스메드,2026-07-28,2026,의료·정밀기기,10.0,10.0,,80.0,False,False,,4.89,,,,,,,unqualified,stub,liquid_stub,False,False,False,False,34500.0,862651489500.0,149975,5174137500.0,5524240263.75,91300.0,33050.0,-0.425,112.62,,,,,,,False,,,False,True,
051915,LG화학우,2026-07-28,2026,화학,10.0,10.0,,80.0,False,False,,,,,,,,,unqualified,stub,liquid_stub,False,False,False,False,112300.0,863452240000.0,19924,2237465200.0,2542751442.5,208000.0,112300.0,-0.3402,55.17,,,,,,,False,,,False,True,
032350,롯데관광개발,2026-07-28,2026,일반서비스,10.0,10.0,,80.0,False,False,30.87,2.35,,,,,,,unqualified,stub,liquid_stub,False,False,False,False,11350.0,904883948300.0,450985,5118679750.0,9032536945.0,26550.0,10990.0,-0.4758,60.17,,,,,,,False,,,False,True,
347700,스피어,2026-07-28,2026,IT 서비스,10.0,10.0,,80.0,False,False,3586.0,12.08,,,,,,,unqualified,stub,liquid_stub,False,False,False,False,14810.0,763475671220.0,851676,12613321560.0,33297030159.0,53100.0,7320.0,-0.2497,121.12,,,,,,,False,,,False,True,
006340,대원전선,2026-07-28,2026,전기·전자,10.0,10.0,,80.0,False,False,96.81,7.16,,,,,,,unqualified,stub,liquid_stub,False,False,False,False,13600.0,1066436057600.0,14059486,191209009600.0,205854086131.5,18040.0,2770.0,2.6026,107.12,,,,,,,False,,,False,True,
437730,삼현,2026-07-28,2026,운송장비·부품,10.0,10.0,,80.0,False,False,86.64,6.38,,,,,,,unqualified,stub,liquid_stub,False,False,False,False,30650.0,971836928550.0,176703,5415946950.0,6367039805.0,73200.0,11170.0,-0.5634,103.68,,,,,,,False,,,False,True,
071055,한국금융지주우,2026-07-28,2026,기타금융,10.0,10.0,,80.0,False,False,,,,,,,,,unqualified,stub,liquid_stub,False,False,False,False,136200.0,797893786200.0,38368,5225721600.0,3020671072.5,193200.0,86900.0,-0.0116,52.37,,,,,,,False,,,False,True,
001820,삼화콘덴서,2026-07-28,2026,전기·전자,10.0,10.0,,80.0,False,False,65.52,3.0,,,,,,,unqualified,stub,liquid_stub,False,False,False,False,68100.0,707899500000.0,586663,39951750300.0,77047982952.5,190100.0,25300.0,1.3085,107.93,,,,,,,False,,,False,True,
101490,에스앤에스텍,2026-07-28,2026,전기·전자,10.0,10.0,,80.0,False,False,14.16,2.72,,,,,,,unqualified,stub,liquid_stub,False,False,False,False,39500.0,842727720500.0,409371,16170154500.0,9437492225.0,105100.0,38500.0,-0.4087,81.69,,,,,,,False,,,False,True,
241710,코스메카코리아,2026-07-28,2026,화학,10.0,10.0,,80.0,False,False,18.21,3.28,,,,,,,unqualified,stub,liquid_stub,False,False,False,False,83200.0,888576000000.0,68448,5694873600.0,8427189947.5,103000.0,58400.0,0.1604,63.24,,,,,,,False,,,False,True,
003470,유안타증권,2026-07-28,2026,증권,10.0,10.0,,80.0,False,False,9.8,0.47,,,,,,,unqualified,stub,liquid_stub,False,False,False,False,4170.0,803476025340.0,606081,2527357770.0,1943013490.0,7830.0,3360.0,0.0597,61.74,,,,,,,False,,,False,True,
204270,제이앤티씨,2026-07-28,2026,전기·전자,10.0,10.0,,80.0,False,False,,3.29,,,,,,,unqualified,stub,liquid_stub,False,False,False,False,12560.0,726576732960.0,333462,4188282720.0,6073139389.5,29450.0,12560.0,-0.3615,87.92,,,,,,,False,,,False,True,
009240,한샘,2026-07-28,2026,유통,10.0,10.0,,80.0,False,False,12.71,1.48,,,,,,,unqualified,stub,liquid_stub,False,False,False,False,38100.0,896642656800.0,51580,1965198000.0,1632436992.5,51400.0,28550.0,-0.1514,38.72,,,,,,,False,,,False,True,
086450,동국제약,2026-07-28,2026,제약,10.0,10.0,,80.0,False,False,12.34,1.25,,,,,,,unqualified,stub,liquid_stub,False,False,False,False,17460.0,789723133200.0,261030,4557583800.0,5293739530.25,29900.0,16420.0,0.048,55.49,,,,,,,False,,,False,True,
099320,쎄트렉아이,2026-07-28,2026,운송장비·부품,10.0,10.0,,80.0,False,False,53.15,3.26,,,,,,,unqualified,stub,liquid_stub,False,False,False,False,68600.0,751257670800.0,53595,3676617000.0,4343617910.0,214000.0,45500.0,-0.4911,94.24,,,,,,,False,,,False,True,
376900,로킷헬스케어,2026-07-28,2026,제약,10.0,10.0,,80.0,False,False,,82.97,,,,,,,unqualified,stub,liquid_stub,False,False,False,False,39150.0,621458839350.0,176278,6901283700.0,15270023572.5,147900.0,14200.0,-0.4334,122.67,,,,,,,False,,,False,True,
293490,카카오게임즈,2026-07-28,2026,IT 서비스,10.0,10.0,,80.0,False,False,,0.57,,,,,,,unqualified,stub,liquid_stub,False,False,False,False,7480.0,802194582200.0,301005,2251517400.0,3284190336.0,17760.0,6930.0,-0.478,46.99,,,,,,,False,,,False,True,
388210,씨엠티엑스,2026-07-28,2026,전기·전자,10.0,10.0,,80.0,False,False,,4.65,,,,,,,unqualified,stub,liquid_stub,False,False,False,False,69400.0,670017997200.0,71336,4950718400.0,5776411882.5,164400.0,68900.0,-0.3976,98.64,,,,,,,False,,,False,True,
100090,SK오션플랜트,2026-07-28,2026,금속,10.0,10.0,,80.0,False,False,20.75,0.99,,,,,,,unqualified,stub,liquid_stub,False,False,False,False,12630.0,789098769270.0,2451305,30959982150.0,46084159170.0,30300.0,12630.0,-0.3672,92.2,,,,,,,False,,,False,True,
085660,차바이오텍,2026-07-28,2026,제약,10.0,10.0,,80.0,False,False,,2.34,,,,,,,unqualified,stub,liquid_stub,False,False,False,False,8460.0,786550277160.0,303583,2568312180.0,2646490374.25,23850.0,8460.0,-0.4696,58.27,,,,,,,False,,,False,True,
019210,와이지-원,2026-07-28,2026,금속,10.0,10.0,,80.0,False,False,28.94,1.85,,,,,,,unqualified,stub,liquid_stub,False,False,False,False,18060.0,671718727680.0,643249,11617076940.0,22473597394.0,26700.0,4950.0,2.1908,83.82,,,,,,,False,,,False,True,
365550,ESR켄달스퀘어리츠,2026-07-28,2026,부동산,10.0,10.0,,80.0,False,False,,,,,,,,,unqualified,stub,liquid_stub,False,False,False,False,3335.0,820706815000.0,413302,1378362170.0,1180756704.25,4690.0,3155.0,-0.2463,26.44,,,,,,,False,,,False,True,
083450,GST,2026-07-28,2026,기계·장비,10.0,10.0,,80.0,False,False,17.05,2.57,,,,,,,unqualified,stub,liquid_stub,False,False,False,False,38200.0,704026000000.0,166927,6376611400.0,7666287672.5,66500.0,18240.0,0.4174,78.56,,,,,,,False,,,False,True,
456040,OCI,2026-07-28,2026,화학,10.0,10.0,,80.0,False,False,,0.68,,,,,,,unqualified,stub,liquid_stub,False,False,False,False,66900.0,598921915500.0,69855,4673299500.0,5572970270.0,150000.0,52600.0,-0.0511,65.83,,,,,,,False,,,False,True,
232140,와이씨,2026-07-28,2026,기계·장비,10.0,10.0,,80.0,False,False,39.58,2.11,,,,,,,unqualified,stub,liquid_stub,False,False,False,False,8180.0,671130963000.0,813886,6657587480.0,7251250225.0,23700.0,8180.0,-0.4339,77.0,,,,,,,False,,,False,True,
038500,삼표시멘트,2026-07-28,2026,비금속,10.0,10.0,,80.0,False,False,19.0,0.99,,,,,,,unqualified,stub,liquid_stub,False,False,False,False,6740.0,727355902440.0,494529,3333125460.0,7159004670.25,20200.0,2950.0,0.2598,108.58,,,,,,,False,,,False,True,
499790,GS피앤엘,2026-07-28,2026,기타금융,10.0,10.0,,80.0,False,False,39.33,0.89,,,,,,,unqualified,stub,liquid_stub,False,False,False,False,35400.0,702011771400.0,50088,1773115200.0,5338187211.25,64600.0,33700.0,-0.1376,71.3,,,,,,,False,,,False,True,
004490,세방전지,2026-07-28,2026,전기·전자,10.0,10.0,,80.0,False,False,5.06,0.44,,,,,,,unqualified,stub,liquid_stub,False,False,False,False,49600.0,687456000000.0,39387,1953595200.0,2167617205.0,74400.0,49250.0,-0.2164,39.76,,,,,,,False,,,False,True,
214320,이노션,2026-07-28,2026,광고/미디어,10.0,10.0,,80.0,False,False,8.11,0.7,,,,,,,unqualified,stub,liquid_stub,False,False,False,False,18950.0,758000000000.0,61343,1162449850.0,1468051204.5,21750.0,16760.0,0.021,23.16,,,,,,,False,,,False,True,
281740,레이크머티리얼즈,2026-07-28,2026,화학,10.0,10.0,,80.0,False,False,95.3,5.44,,,,,,,unqualified,stub,liquid_stub,False,False,False,False,10710.0,703974169080.0,294663,3155840730.0,3665863358.25,27550.0,10710.0,-0.3294,76.7,,,,,,,False,,,False,True,
417200,LS머트리얼즈,2026-07-28,2026,전기·전자,10.0,10.0,,80.0,False,False,1793.33,3.93,,,,,,,unqualified,stub,liquid_stub,False,False,False,False,10490.0,709676392910.0,564154,5917975460.0,7838448663.75,31250.0,9360.0,-0.2172,82.14,,,,,,,False,,,False,True,
000400,롯데손해보험,2026-07-28,2026,보험,10.0,10.0,,80.0,False,False,15.06,1.2,,,,,,,unqualified,stub,liquid_stub,False,False,False,False,2050.0,636189456000.0,950705,1948945250.0,3589114485.35,2725.0,1591.0,0.2224,70.54,,,,,,,False,,,False,True,
079160,CJ CGV,2026-07-28,2026,오락·문화,10.0,10.0,,80.0,False,False,,1.29,,,,,,,unqualified,stub,liquid_stub,False,False,False,False,4805.0,795623960550.0,451619,2170029295.0,1983622738.4,6570.0,4220.0,-0.2032,38.62,,,,,,,False,,,False,True,
213420,덕산네오룩스,2026-07-28,2026,전기·전자,10.0,10.0,,80.0,False,False,13.49,1.59,,,,,,,unqualified,stub,liquid_stub,False,False,False,False,27950.0,694031453050.0,118130,3301733500.0,4444405395.0,55800.0,27950.0,-0.2026,71.32,,,,,,,False,,,False,True,
074600,원익QnC,2026-07-28,2026,비금속,10.0,10.0,,80.0,False,False,32.24,1.49,,,,,,,unqualified,stub,liquid_stub,False,False,False,False,22950.0,603309600000.0,487683,11192324850.0,9810280736.25,42150.0,16930.0,-0.0022,71.15,,,,,,,False,,,False,True,
122870,와이지엔터테인먼트,2026-07-28,2026,오락·문화,10.0,10.0,,80.0,False,False,19.3,1.39,,,,,,,unqualified,stub,liquid_stub,False,False,False,False,39250.0,733623673250.0,86388,3390729000.0,4144954361.25,107400.0,37800.0,-0.4393,52.54,,,,,,,False,,,False,True,
090710,휴림로봇,2026-07-28,2026,기계·장비,10.0,10.0,,80.0,False,False,,5.66,,,,,,,unqualified,stub,liquid_stub,False,False,False,False,6200.0,741265979800.0,1336461,8286058200.0,16228637193.25,21500.0,2385.0,-0.6276,109.64,,,,,,,False,,,False,True,
056190,SFA,2026-07-28,2026,기계·장비,10.0,10.0,,80.0,False,False,10.32,0.61,,,,,,,unqualified,stub,liquid_stub,False,False,False,False,19420.0,697348119200.0,93271,1811322820.0,1946338331.25,35650.0,19420.0,-0.2487,56.26,,,,,,,False,,,False,True,
065350,신성델타테크,2026-07-28,2026,전기·전자,10.0,10.0,,80.0,False,False,32.12,2.83,,,,,,,unqualified,stub,liquid_stub,False,False,False,False,25950.0,713208450600.0,114002,2958351900.0,4898627881.25,79700.0,25600.0,-0.5624,63.32,,,,,,,False,,,False,True,
100790,미래에셋벤처투자,2026-07-28,2026,금융,10.0,10.0,,80.0,False,False,22.89,1.87,,,,,,,unqualified,stub,liquid_stub,False,False,False,False,11990.0,636915730220.0,271690,3257563100.0,5852504913.25,67400.0,5920.0,-0.1005,125.58,,,,,,,False,,,False,True,
075580,세진중공업,2026-07-28,2026,운송장비·부품,10.0,10.0,,80.0,False,False,13.54,3.0,,,,,,,unqualified,stub,liquid_stub,False,False,False,False,10360.0,588960364160.0,215796,2235646560.0,3570003113.0,26100.0,10360.0,-0.4833,72.6,,,,,,,False,,,False,True,
388720,유일로보틱스,2026-07-28,2026,기계·장비,10.0,10.0,,80.0,False,False,,7.5,,,,,,,unqualified,stub,liquid_stub,False,False,False,False,58800.0,692743086000.0,33719,1982677200.0,2454183890.0,150700.0,57500.0,-0.39,78.91,,,,,,,False,,,False,True,
328130,루닛,2026-07-28,2026,IT 서비스,10.0,10.0,,80.0,False,False,,4.25,,,,,,,unqualified,stub,liquid_stub,False,False,False,False,9170.0,682781510600.0,264774,2427977580.0,2961207071.75,22991.0,9170.0,-0.499,69.53,,,,,,,False,,,False,True,
041830,인바디,2026-07-28,2026,의료·정밀기기,10.0,10.0,,80.0,False,False,21.01,2.14,,,,,,,unqualified,stub,liquid_stub,False,False,False,False,50300.0,678088364600.0,74777,3761283100.0,7084242583.75,62000.0,23350.0,0.6601,63.59,,,,,,,False,,,False,True,
137400,피엔티,2026-07-28,2026,기계·장비,10.0,10.0,,80.0,False,False,8.67,1.01,,,,,,,unqualified,stub,liquid_stub,False,False,False,False,27650.0,655048629200.0,125627,3473586550.0,3687917657.5,60900.0,27650.0,-0.3079,63.41,,,,,,,False,,,False,True,
032190,다우데이타,2026-07-28,2026,유통,10.0,10.0,,80.0,False,False,3.05,0.42,,,,,,,unqualified,stub,liquid_stub,False,False,False,False,17460.0,668718000000.0,96143,1678656780.0,1412401109.0,30600.0,15180.0,-0.0391,66.41,,,,,,,False,,,False,True,
000370,한화손해보험,2026-07-28,2026,보험,10.0,10.0,,80.0,False,False,3.03,0.32,,,,,,,unqualified,stub,liquid_stub,False,False,False,False,5540.0,646733589100.0,457563,2534899020.0,2076608585.5,9300.0,5100.0,-0.0264,62.33,,,,,,,False,,,False,True,
064960,SNT모티브,2026-07-28,2026,운송장비·부품,10.0,10.0,,80.0,False,False,8.49,0.58,,,,,,,unqualified,stub,liquid_stub,False,False,False,False,25500.0,676776936000.0,85349,2176399500.0,1566099097.5,39450.0,24800.0,-0.3254,47.38,,,,,,,False,,,False,True,
285130,SK케미칼,2026-07-28,2026,화학,10.0,10.0,,80.0,False,False,16.33,0.32,,,,,,,unqualified,stub,liquid_stub,False,False,False,False,37950.0,656488169700.0,53928,2046567600.0,2181558105.0,79800.0,37200.0,-0.4361,49.48,,,,,,,False,,,False,True,
248070,솔루엠,2026-07-28,2026,전기·전자,10.0,10.0,,80.0,False,False,48.68,1.37,,,,,,,unqualified,stub,liquid_stub,False,False,False,False,13430.0,642172049480.0,215854,2898919220.0,1903800129.25,23600.0,13430.0,-0.1228,47.6,,,,,,,False,,,False,True,
033100,제룡전기,2026-07-28,2026,전기·전자,10.0,10.0,,80.0,False,False,11.05,2.71,,,,,,,unqualified,stub,liquid_stub,False,False,False,False,41900.0,673014937100.0,94917,3977022300.0,10582494026.25,91500.0,32150.0,0.022,76.88,,,,,,,False,,,False,True,
014620,성광벤드,2026-07-28,2026,금속,10.0,10.0,,80.0,False,False,18.81,1.18,,,,,,,unqualified,stub,liquid_stub,False,False,False,False,26300.0,698458673200.0,130507,3432334100.0,3262298759.0,48300.0,24050.0,-0.1248,67.32,,,,,,,False,,,False,True,
298050,HS효성첨단소재,2026-07-28,2026,화학,10.0,10.0,,80.0,False,False,,0.79,,,,,,,unqualified,stub,liquid_stub,False,False,False,False,152500.0,683192070000.0,13477,2055242500.0,2097032447.5,277500.0,143000.0,-0.2633,50.77,,,,,,,False,,,False,True,
006650,대한유화,2026-07-28,2026,화학,10.0,10.0,,80.0,False,False,18.84,0.33,,,,,,,unqualified,stub,liquid_stub,False,False,False,False,91400.0,594100000000.0,23797,2175045800.0,2483364855.0,190700.0,91400.0,-0.4175,70.72,,,,,,,False,,,False,True,
000670,영풍,2026-07-28,2026,금속,10.0,10.0,,80.0,False,False,,0.17,,,,,,,unqualified,stub,liquid_stub,False,False,False,False,33300.0,613075743900.0,19569,651647700.0,1056567728.75,70000.0,33300.0,-0.3764,55.36,,,,,,,False,,,False,True,
005690,파미셀,2026-07-28,2026,전기·전자,10.0,10.0,,80.0,False,False,15.77,5.13,,,,,,,unqualified,stub,liquid_stub,False,False,False,False,9770.0,586239216780.0,629567,6150869590.0,7078552673.0,20250.0,9770.0,-0.2559,77.53,,,,,,,False,,,False,True,
093320,케이아이엔엑스,2026-07-28,2026,IT 서비스,10.0,10.0,,80.0,False,False,36.94,3.09,,,,,,,unqualified,stub,liquid_stub,False,False,False,False,136400.0,665632000000.0,7391,1008132400.0,1925089405.0,148400.0,80200.0,0.1062,52.76,,,,,,,False,,,False,True,
035760,CJ ENM,2026-07-28,2026,오락·문화,10.0,10.0,,80.0,False,False,20.29,0.21,,,,,,,unqualified,stub,liquid_stub,False,False,False,False,30650.0,672128570100.0,48270,1479475500.0,2367383735.0,80000.0,28850.0,-0.5119,41.51,,,,,,,False,,,False,True,
069260,TKG휴켐스,2026-07-28,2026,화학,10.0,10.0,,80.0,False,False,9.78,0.65,,,,,,,unqualified,stub,liquid_stub,False,False,False,False,14640.0,598462528320.0,105814,1549116960.0,1158698299.25,21200.0,14640.0,-0.2026,36.47,,,,,,,False,,,False,True,
189300,인텔리안테크,2026-07-28,2026,전기·전자,10.0,10.0,,80.0,False,False,80.11,2.22,,,,,,,unqualified,stub,liquid_stub,False,False,False,False,56000.0,601299832000.0,58821,3293976000.0,4899542242.5,172400.0,39400.0,-0.2432,85.41,,,,,,,False,,,False,True,
115180,큐리언트,2026-07-28,2026,일반서비스,10.0,10.0,,80.0,False,False,,17.88,,,,,,,unqualified,stub,liquid_stub,False,False,False,False,16920.0,634709824920.0,63249,1070173080.0,1984350937.25,50900.0,9950.0,-0.4125,92.54,,,,,,,False,,,False,True,
025540,한국단자,2026-07-28,2026,전자부품/커넥터,10.0,10.0,,80.0,False,False,5.85,0.53,,,,,,,unqualified,stub,liquid_stub,False,False,False,False,60000.0,606900000000.0,24534,1472040000.0,1257350542.5,91400.0,58700.0,-0.1903,40.11,,,,,,,False,,,False,True,
445680,큐리옥스바이오시스템즈,2026-07-28,2026,의료·정밀기기,10.0,10.0,,80.0,False,False,,11.56,,,,,,,unqualified,stub,liquid_stub,False,False,False,False,38350.0,659744829250.0,83021,3183855350.0,3671722138.75,139600.0,34600.0,-0.6742,99.8,,,,,,,False,,,False,True,
108320,LX세미콘,2026-07-28,2026,전기·전자,10.0,10.0,,80.0,False,False,7.3,0.54,,,,,,,unqualified,stub,liquid_stub,False,False,False,False,33950.0,552172985000.0,117238,3980230100.0,3260709337.5,66200.0,33950.0,-0.3471,50.83,,,,,,,False,,,False,True,
036830,솔브레인홀딩스,2026-07-28,2026,일반서비스,10.0,10.0,,80.0,False,False,1.21,0.34,,,,,,,unqualified,stub,liquid_stub,False,False,False,False,29250.0,599741444250.0,38861,1136684250.0,1827504160.0,79600.0,29250.0,-0.2363,80.88,,,,,,,False,,,False,True,
006730,서부T&D,2026-07-28,2026,일반서비스,10.0,10.0,,80.0,False,False,7.55,0.56,,,,,,,unqualified,stub,liquid_stub,False,False,False,False,9510.0,611273537730.0,328407,3123150570.0,5318161713.0,18580.0,8350.0,-0.3178,64.36,,,,,,,False,,,False,True,
161580,필옵틱스,2026-07-28,2026,기계·장비,10.0,10.0,,80.0,False,False,,5.11,,,,,,,unqualified,stub,liquid_stub,False,False,False,False,23250.0,545032242750.0,144756,3365577000.0,3810820622.5,63000.0,23250.0,-0.4593,85.08,,,,,,,False,,,False,True,
094170,동운아나텍,2026-07-28,2026,전기·전자,10.0,10.0,,80.0,False,False,552.88,8.4,,,,,,,unqualified,stub,liquid_stub,False,False,False,False,26700.0,558295291200.0,139534,3725557800.0,2937702011.25,55100.0,16280.0,-0.0344,68.61,,,,,,,False,,,False,True,
005180,빙그레,2026-07-28,2026,음식료·담배,10.0,10.0,,80.0,False,False,10.38,0.78,,,,,,,unqualified,stub,liquid_stub,False,False,False,False,66600.0,617317464600.0,24264,1615982400.0,1368653710.0,88200.0,61900.0,-0.1328,31.77,,,,,,,False,,,False,True,
253450,스튜디오드래곤,2026-07-28,2026,오락·문화,10.0,10.0,,80.0,False,False,58.02,0.75,,,,,,,unqualified,stub,liquid_stub,False,False,False,False,20950.0,629725533100.0,43569,912770550.0,1352768237.25,50300.0,19700.0,-0.5431,42.28,,,,,,,False,,,False,True,
001680,대상,2026-07-28,2026,음식료·담배,10.0,10.0,,80.0,False,False,,0.58,,,,,,,unqualified,stub,liquid_stub,False,False,False,False,17520.0,607033398000.0,53544,938090880.0,1088722516.25,24600.0,15980.0,-0.2,28.07,,,,,,,False,,,False,True,
293940,신한알파리츠,2026-07-28,2026,부동산,10.0,10.0,,80.0,False,False,,,,,,,,,unqualified,stub,liquid_stub,False,False,False,False,5240.0,633726244520.0,234234,1227386160.0,1006871183.75,6240.0,5080.0,-0.0709,18.75,,,,,,,False,,,False,True,
476060,온코닉테라퓨틱스,2026-07-28,2026,일반서비스,10.0,10.0,,80.0,False,False,36.88,8.18,,,,,,,unqualified,stub,liquid_stub,False,False,False,False,10310.0,468154830400.0,324710,3347760100.0,6672954438.5,26300.0,5737.0,-0.4644,102.76,,,,,,,False,,,False,True,
476830,알지노믹스,2026-07-28,2026,일반서비스,10.0,10.0,,80.0,False,False,,12.99,,,,,,,unqualified,stub,liquid_stub,False,False,False,False,24150.0,677538779400.0,199011,4806115650.0,9772811973.75,118000.0,24150.0,-0.7006,125.02,,,,,,,False,,,False,True,
490470,세미파이브,2026-07-28,2026,일반서비스,10.0,10.0,,80.0,False,False,,2.69,,,,,,,unqualified,stub,liquid_stub,False,False,False,False,15160.0,515825670400.0,282427,4281593320.0,6178923499.75,48800.0,15160.0,-0.3912,117.85,,,,,,,False,,,False,True,
032500,케이엠더블유,2026-07-28,2026,전기·전자,10.0,10.0,,80.0,False,False,,5.2,,,,,,,unqualified,stub,liquid_stub,False,False,False,False,14550.0,613889249550.0,203502,2960954100.0,3672472036.5,38200.0,11430.0,-0.0503,92.99,,,,,,,False,,,False,True,
119850,지엔씨에너지,2026-07-28,2026,전기·전자,10.0,10.0,,80.0,False,False,17.76,3.37,,,,,,,unqualified,stub,liquid_stub,False,False,False,False,32000.0,526365088000.0,1228495,39311840000.0,28977388506.25,45550.0,18350.0,-0.1049,88.88,,,,,,,False,,,False,True,
005090,SGC에너지,2026-07-28,2026,전기·가스,10.0,10.0,,80.0,False,False,,1.12,,,,,,,unqualified,stub,liquid_stub,False,False,False,False,39850.0,574211920050.0,282114,11242242900.0,5701776658.75,68600.0,20500.0,0.9113,84.26,,,,,,,False,,,False,True,
466100,클로봇,2026-07-28,2026,IT 서비스,10.0,10.0,,80.0,False,False,,11.5,,,,,,,unqualified,stub,liquid_stub,False,False,False,False,23400.0,595746192600.0,324605,7595757000.0,5561500255.0,71702.0,15155.0,-0.6643,91.07,,,,,,,False,,,False,True,
090360,로보스타,2026-07-28,2026,기계·장비,10.0,10.0,,80.0,False,False,,7.57,,,,,,,unqualified,stub,liquid_stub,False,False,False,False,57200.0,557700000000.0,91913,5257423600.0,9554871822.5,158800.0,25250.0,-0.3544,107.72,,,,,,,False,,,False,True,
102710,이엔에프테크놀로지,2026-07-28,2026,화학,10.0,10.0,,80.0,False,False,12.43,1.44,,,,,,,unqualified,stub,liquid_stub,False,False,False,False,38700.0,552939253200.0,95085,3679789500.0,3958418590.0,62700.0,35800.0,-0.1596,69.7,,,,,,,False,,,False,True,
00088K,한화3우B,2026-07-28,2026,unknown,10.0,10.0,,80.0,False,False,,,,,,,,,unqualified,stub,liquid_stub,False,False,False,False,30500.0,591835450500.0,36124,1101782000.0,1341837922.5,56100.0,29050.0,-0.4078,59.12,,,,,,,False,unknown,unknown,False,True,
048410,현대바이오,2026-07-28,2026,화학,10.0,10.0,,80.0,False,False,,5.68,,,,,,,unqualified,stub,liquid_stub,False,False,False,False,5790.0,558767261880.0,885621,5127745590.0,5459426736.75,20000.0,4595.0,0.0087,99.63,,,,,,,False,,,False,True,
023160,태광,2026-07-28,2026,금속,10.0,10.0,,80.0,False,False,9.74,1.0,,,,,,,unqualified,stub,liquid_stub,False,False,False,False,21250.0,549678892500.0,66473,1412551250.0,3664505400.0,48500.0,19280.0,-0.2086,74.72,,,,,,,False,,,False,True,
079940,가비아,2026-07-28,2026,IT 서비스,10.0,10.0,,80.0,False,False,38.51,3.5,,,,,,,unqualified,stub,liquid_stub,False,False,False,False,47450.0,636811455800.0,29938,1420558100.0,1098112623.75,47550.0,22750.0,0.4851,60.22,,,,,,,False,,,False,True,
