ticker,period_end,report_date,usable_from_date,roe,roa,operating_margin,gross_profitability,debt_ratio,interest_coverage,per,pbr,pcr,psr,ev_ebitda,dividend_yield,fcf,operating_cash_flow,net_income,earnings_yoy
012510,2026-12-31,2026-06-17,2026-06-17,14.69,,,,,,38.66,5.68,,,,0.53,,,3104.0,
008500,2026-12-31,2026-06-17,2026-06-17,86.07,,,,,,0.28,0.24,,,,12.84,,,2775.0,
222160,2026-12-31,2026-06-17,2026-06-17,0.0,,,,,,,17.71,,,,,,,,
106520,2026-12-31,2026-06-17,2026-06-17,0.0,,,,,,,0.9,,,,,,,,
032980,2026-12-31,2026-06-17,2026-06-17,0.0,,,,,,,1.09,,,,,,,,
101390,2026-12-31,2026-06-17,2026-06-17,0.0,,,,,,,1.13,,,,,,,,
203690,2026-12-31,2026-06-17,2026-06-17,0.0,,,,,,,3.41,,,,,,,,
230360,2026-12-31,2026-06-17,2026-06-17,7.07,,,,,,30.25,2.14,,,,3.88,,,529.0,
227100,2026-12-31,2026-06-17,2026-06-17,0.0,,,,,,,3.85,,,,,,,,
464440,2026-12-31,2026-06-17,2026-06-17,,,,,,,,,,,,,,,,
057050,2026-12-31,2026-07-16,2026-07-16,4.19,,,,,,9.91,0.42,,,,3.21,,,8806.0,
060240,2026-12-31,2026-07-23,2026-07-23,0.0,,,,,,,8.5,,,,,,,,
467930,2026-12-31,2026-07-27,2026-07-27,,,,,,,,,,,,,,,,
095570,2026-12-31,2026-07-28,2026-07-28,6.22,,,,,,6.61,0.41,,,,7.86,,,635.0,
006840,2026-12-31,2026-07-28,2026-07-28,0.0,,,,,,,0.2,,,,,,,,
027410,2026-12-31,2026-07-28,2026-07-28,3.31,,,,,,6.23,0.21,,,,3.38,,,618.0,
282330,2026-12-31,2026-07-28,2026-07-28,14.87,,,,,,10.97,1.63,,,,3.31,,,11303.0,
138930,2026-12-31,2026-07-28,2026-07-28,7.22,,,,,,6.88,0.5,,,,4.26,,,2512.0,
001460,2026-12-31,2026-07-28,2026-07-28,3.44,,,,,,12.95,0.45,,,,1.31,,,2367.0,
001465,2026-12-31,2026-07-28,2026-07-28,,,,,,,,,,,,1.91,,,,
001040,2026-12-31,2026-07-28,2026-07-28,2.75,,,,,,29.36,0.81,,,,2.63,,,4271.0,
079160,2026-12-31,2026-07-28,2026-07-28,0.0,,,,,,,1.4,,,,,,,,
00104K,2026-12-31,2026-07-28,2026-07-28,,,,,,,,,,,,2.68,,,,
000120,2026-12-31,2026-07-28,2026-07-28,5.46,,,,,,6.44,0.35,,,,1.09,,,11347.0,
011150,2026-12-31,2026-07-28,2026-07-28,3.19,,,,,,25.1,0.8,,,,,,,78.0,
011155,2026-12-31,2026-07-28,2026-07-28,,,,,,,,,,,,,,,,
001045,2026-12-31,2026-07-28,2026-07-28,,,,,,,,,,,,4.96,,,,
097950,2026-12-31,2026-07-28,2026-07-28,0.0,,,,,,,0.43,,,,3.2,,,,
097955,2026-12-31,2026-07-28,2026-07-28,,,,,,,,,,,,4.97,,,,
000480,2026-12-31,2026-07-28,2026-07-28,0.0,,,,,,,0.34,,,,8.86,,,,
000590,2026-12-31,2026-07-28,2026-07-28,5.23,,,,,,3.74,0.2,,,,0.8,,,16782.0,
012030,2026-12-31,2026-07-28,2026-07-28,11.02,,,,,,5.54,0.61,,,,,,,259.0,
005830,2026-12-31,2026-07-28,2026-07-28,16.5,,,,,,5.37,0.89,,,,4.78,,,29597.0,
016610,2026-12-31,2026-07-28,2026-07-28,7.38,,,,,,4.14,0.31,,,,6.55,,,2029.0,
000990,2026-12-31,2026-07-28,2026-07-28,12.49,,,,,,13.49,1.69,,,,0.96,,,6285.0,
000300,2026-12-31,2026-07-28,2026-07-28,11.56,,,,,,41.58,4.81,,,,,,,101.0,
001530,2026-12-31,2026-07-28,2026-07-28,0.0,,,,,,,0.94,,,,0.42,,,,
015590,2026-12-31,2026-07-28,2026-07-28,0.0,,,,,,,0.67,,,,,,,,
000210,2026-12-31,2026-07-28,2026-07-28,0.0,,,,,,,0.25,,,,,,,,
000215,2026-12-31,2026-07-28,2026-07-28,,,,,,,,,,,,,,,,
375500,2026-12-31,2026-07-28,2026-07-28,6.94,,,,,,6.57,0.46,,,,1.55,,,8746.0,
37550L,2026-12-31,2026-07-28,2026-07-28,,,,,,,,,,,,2.31,,,,
37550K,2026-12-31,2026-07-28,2026-07-28,,,,,,,,,,,,4.28,,,,
007340,2026-12-31,2026-07-28,2026-07-28,14.03,,,,,,6.74,0.95,,,,2.73,,,5440.0,
004840,2026-12-31,2026-07-28,2026-07-28,1.11,,,,,,18.43,0.2,,,,1.87,,,232.0,
155660,2026-12-31,2026-07-28,2026-07-28,6.12,,,,,,4.68,0.29,,,,5.71,,,935.0,
069730,2026-12-31,2026-07-28,2026-07-28,13.12,,,,,,3.23,0.42,,,,7.76,,,1713.0,
017860,2026-12-31,2026-07-28,2026-07-28,0.0,,,,,,,0.72,,,,0.09,,,,
092780,2026-12-31,2026-07-28,2026-07-28,5.42,,,,,,5.15,0.28,,,,2.52,,,617.0,
017940,2026-12-31,2026-07-28,2026-07-28,5.18,,,,,,4.8,0.25,,,,5.23,,,18124.0,
383220,2026-12-31,2026-07-28,2026-07-28,21.17,,,,,,7.23,1.53,,,,3.52,,,10611.0,
007700,2026-12-31,2026-07-28,2026-07-28,5.44,,,,,,4.13,0.22,,,,3.76,,,3218.0,
114090,2026-12-31,2026-07-28,2026-07-28,10.66,,,,,,12.25,1.31,,,,4.44,,,761.0,
078930,2026-12-31,2026-07-28,2026-07-28,5.43,,,,,,10.37,0.56,,,,3.43,,,8435.0,
006360,2026-12-31,2026-07-28,2026-07-28,1.9,,,,,,23.77,0.45,,,,1.96,,,1073.0,
001250,2026-12-31,2026-07-28,2026-07-28,3.66,,,,,,10.35,0.38,,,,1.0,,,241.0,
007070,2026-12-31,2026-07-28,2026-07-28,1.32,,,,,,47.12,0.62,,,,2.45,,,520.0,
078935,2026-12-31,2026-07-28,2026-07-28,,,,,,,,,,,,5.6,,,,
499790,2026-12-31,2026-07-28,2026-07-28,2.27,,,,,,36.16,0.82,,,,0.99,,,979.0,
012630,2026-12-31,2026-07-28,2026-07-28,10.27,,,,,,3.31,0.34,,,,2.24,,,6057.0,
039570,2026-12-31,2026-07-28,2026-07-28,4.6,,,,,,13.73,0.63,,,,6.14,,,534.0,
089470,2026-12-31,2026-07-28,2026-07-28,9.29,,,,,,2.89,0.27,,,,4.32,,,1279.0,
267270,2026-12-31,2026-07-28,2026-07-28,5.48,,,,,,21.55,1.18,,,,0.45,,,5698.0,
009540,2026-12-31,2026-07-28,2026-07-28,16.32,,,,,,11.54,1.88,,,,3.47,,,30664.0,
267250,2026-12-31,2026-07-28,2026-07-28,9.52,,,,,,14.28,1.36,,,,2.06,,,13623.0,
443060,2026-12-31,2026-07-28,2026-07-28,32.68,,,,,,31.93,10.44,,,,2.06,,,6013.0,
071970,2026-12-31,2026-07-28,2026-07-28,33.77,,,,,,11.24,3.8,,,,,,,4867.0,
322000,2026-12-31,2026-07-28,2026-07-28,9.98,,,,,,30.02,2.99,,,,,,,3721.0,
267260,2026-12-31,2026-07-28,2026-07-28,36.11,,,,,,34.64,12.51,,,,1.01,,,20354.0,
329180,2026-12-31,2026-07-28,2026-07-28,17.64,,,,,,28.72,5.07,,,,1.26,,,15702.0,
097230,2026-12-31,2026-07-28,2026-07-28,7.69,,,,,,25.53,1.96,,,,,,,570.0,
014790,2026-12-31,2026-07-28,2026-07-28,1.92,,,,,,10.15,0.19,,,,,,,234.0,
003580,2026-12-31,2026-07-28,2026-07-28,0.0,,,,,,,0.8,,,,,,,,
204320,2026-12-31,2026-07-28,2026-07-28,3.69,,,,,,19.2,0.71,,,,1.83,,,2130.0,
060980,2026-12-31,2026-07-28,2026-07-28,1.91,,,,,,16.26,0.31,,,,5.46,,,2251.0,
011200,2026-12-31,2026-07-28,2026-07-28,6.93,,,,,,10.25,0.71,,,,3.5,,,1951.0,
035000,2026-12-31,2026-07-28,2026-07-28,8.2,,,,,,5.74,0.47,,,,8.94,,,1072.0,
002460,2026-12-31,2026-07-28,2026-07-28,6.38,,,,,,3.67,0.23,,,,7.0,,,2916.0,
487570,2026-12-31,2026-07-28,2026-07-28,3.79,,,,,,7.98,0.3,,,,2.37,,,5292.0,
298050,2026-12-31,2026-07-28,2026-07-28,0.0,,,,,,,0.84,,,,1.64,,,,
015360,2026-12-31,2026-07-28,2026-07-28,13.77,,,,,,3.47,0.48,,,,7.77,,,4003.0,
294870,2026-12-31,2026-07-28,2026-07-28,4.89,,,,,,8.06,0.39,,,,3.51,,,2476.0,
175330,2026-12-31,2026-07-28,2026-07-28,11.4,,,,,,7.54,0.86,,,,4.18,,,3619.0,
234080,2026-12-31,2026-07-28,2026-07-28,12.97,,,,,,5.8,0.75,,,,5.13,,,1847.0,
001060,2026-12-31,2026-07-28,2026-07-28,16.57,,,,,,9.12,1.51,,,,2.81,,,2534.0,
001067,2026-12-31,2026-07-28,2026-07-28,,,,,,,,,,,,1.5,,,,
001065,2026-12-31,2026-07-28,2026-07-28,,,,,,,,,,,,3.21,,,,
096760,2026-12-31,2026-07-28,2026-07-28,21.8,,,,,,4.42,0.96,,,,5.79,,,841.0,
008970,2026-12-31,2026-07-28,2026-07-28,0.0,,,,,,,0.77,,,,,,,,
105560,2026-12-31,2026-07-28,2026-07-28,9.36,,,,,,10.72,1.0,,,,2.64,,,15410.0,
002380,2026-12-31,2026-07-28,2026-07-28,19.66,,,,,,1.82,0.36,,,,3.94,,,209201.0,
344820,2026-12-31,2026-07-28,2026-07-28,0.0,,,,,,,0.25,,,,7.31,,,,
009070,2026-12-31,2026-07-28,2026-07-28,6.7,,,,,,5.24,0.35,,,,2.02,,,707.0,
009440,2026-12-31,2026-07-28,2026-07-28,0.0,,,,,,,0.17,,,,,,,,
119650,2026-12-31,2026-07-28,2026-07-28,0.0,,,,,,,1.97,,,,,,,,
092220,2026-12-31,2026-07-28,2026-07-28,0.0,,,,,,,0.29,,,,,,,,
003620,2026-12-31,2026-07-28,2026-07-28,3.16,,,,,,11.38,0.36,,,,,,,232.0,
016380,2026-12-31,2026-07-28,2026-07-28,6.56,,,,,,3.63,0.24,,,,5.93,,,1394.0,
001390,2026-12-31,2026-07-28,2026-07-28,6.89,,,,,,3.91,0.27,,,,3.75,,,1023.0,
001940,2026-12-31,2026-07-28,2026-07-28,0.0,,,,,,,0.28,,,,7.13,,,,
025000,2026-12-31,2026-07-28,2026-07-28,6.73,,,,,,4.59,0.31,,,,7.67,,,10650.0,
092230,2026-12-31,2026-07-28,2026-07-28,7.18,,,,,,4.14,0.3,,,,6.3,,,20111.0,
000040,2026-12-31,2026-07-28,2026-07-28,0.0,,,,,,,0.41,,,,,,,,
044450,2026-12-31,2026-07-28,2026-07-28,6.72,,,,,,5.95,0.4,,,,4.67,,,1619.0,
030200,2026-12-31,2026-07-28,2026-07-28,9.72,,,,,,7.57,0.74,,,,4.45,,,7119.0,
033780,2026-12-31,2026-07-28,2026-07-28,11.43,,,,,,17.78,2.03,,,,3.3,,,10220.0,
058850,2026-12-31,2026-07-28,2026-07-28,10.99,,,,,,3.57,0.39,,,,4.55,,,616.0,
058860,2026-12-31,2026-07-28,2026-07-28,15.23,,,,,,2.08,0.32,,,,5.67,,,1188.0,
093050,2026-12-31,2026-07-28,2026-07-28,5.96,,,,,,6.08,0.36,,,,3.16,,,3646.0,
003550,2026-12-31,2026-07-28,2026-07-28,2.57,,,,,,19.48,0.5,,,,3.33,,,4780.0,
034220,2026-12-31,2026-07-28,2026-07-28,3.43,,,,,,19.87,0.68,,,,,,,453.0,
051900,2026-12-31,2026-07-28,2026-07-28,0.0,,,,,,,0.79,,,,0.78,,,,
051905,2026-12-31,2026-07-28,2026-07-28,,,,,,,,,,,,2.06,,,,
064400,2026-12-31,2026-07-28,2026-07-28,15.03,,,,,,13.59,2.04,,,,2.99,,,4549.0,
373220,2026-12-31,2026-07-28,2026-07-28,0.0,,,,,,,3.63,,,,,,,,
003555,2026-12-31,2026-07-28,2026-07-28,,,,,,,,,,,,5.02,,,,
032640,2026-12-31,2026-07-28,2026-07-28,5.86,,,,,,11.97,0.7,,,,4.51,,,1221.0,
011070,2026-12-31,2026-07-28,2026-07-28,5.92,,,,,,35.64,2.11,,,,0.37,,,14421.0,
066570,2026-12-31,2026-07-28,2026-07-28,4.02,,,,,,29.55,1.19,,,,0.86,,,5330.0,
066575,2026-12-31,2026-07-28,2026-07-28,,,,,,,,,,,,2.5,,,,
037560,2026-12-31,2026-07-28,2026-07-28,0.39,,,,,,66.87,0.26,,,,,,,23.0,
051910,2026-12-31,2026-07-28,2026-07-28,0.0,,,,,,,0.57,,,,0.83,,,,
051915,2026-12-31,2026-07-28,2026-07-28,,,,,,,,,,,,1.83,,,,
079550,2026-12-31,2026-07-28,2026-07-28,17.73,,,,,,60.07,10.65,,,,0.42,,,11604.0,
006260,2026-12-31,2026-07-28,2026-07-28,5.49,,,,,,27.06,1.49,,,,0.93,,,9903.0,
010120,2026-12-31,2026-07-28,2026-07-28,13.86,,,,,,90.98,12.61,,,,0.34,,,1929.0,
000680,2026-12-31,2026-07-28,2026-07-28,0.0,,,,,,,0.25,,,,,,,,
229640,2026-12-31,2026-07-28,2026-07-28,20.11,,,,,,28.48,5.73,,,,0.63,,,1387.0,
108320,2026-12-31,2026-07-28,2026-07-28,7.34,,,,,,6.68,0.49,,,,4.42,,,5081.0,
001120,2026-12-31,2026-07-28,2026-07-28,5.12,,,,,,9.28,0.47,,,,5.46,,,3943.0,
108670,2026-12-31,2026-07-28,2026-07-28,0.0,,,,,,,0.38,,,,,,,,
108675,2026-12-31,2026-07-28,2026-07-28,,,,,,,,,,,,,,,,
383800,2026-12-31,2026-07-28,2026-07-28,6.78,,,,,,4.4,0.3,,,,3.78,,,1745.0,
38380K,2026-12-31,2026-07-28,2026-07-28,,,,,,,,,,,,4.27,,,,
023150,2026-12-31,2026-07-28,2026-07-28,0.0,,,,,,,0.42,,,,6.35,,,,
035420,2026-12-31,2026-07-28,2026-07-28,7.05,,,,,,16.14,1.14,,,,1.25,,,13009.0,
036570,2026-12-31,2026-07-28,2026-07-28,10.3,,,,,,12.59,1.3,,,,0.51,,,17876.0,
181710,2026-12-31,2026-07-28,2026-07-28,2.16,,,,,,35.34,0.76,,,,1.38,,,1023.0,
005940,2026-12-31,2026-07-28,2026-07-28,11.44,,,,,,9.54,1.09,,,,4.73,,,2882.0,
005945,2026-12-31,2026-07-28,2026-07-28,,,,,,,,,,,,5.58,,,,
034310,2026-12-31,2026-07-28,2026-07-28,4.96,,,,,,11.71,0.58,,,,4.43,,,1079.0,
030190,2026-12-31,2026-07-28,2026-07-28,16.61,,,,,,10.71,1.78,,,,3.62,,,1317.0,
008260,2026-12-31,2026-07-28,2026-07-28,7.02,,,,,,4.61,0.32,,,,3.22,,,673.0,
004250,2026-12-31,2026-07-28,2026-07-28,2.88,,,,,,8.44,0.24,,,,3.67,,,339.0,
004255,2026-12-31,2026-07-28,2026-07-28,,,,,,,,,,,,5.82,,,,
456040,2026-12-31,2026-07-28,2026-07-28,0.0,,,,,,,0.53,,,,,,,,
010060,2026-12-31,2026-07-28,2026-07-28,0.0,,,,,,,0.88,,,,0.54,,,,
178920,2026-12-31,2026-07-28,2026-07-28,8.56,,,,,,17.43,1.49,,,,1.94,,,1035.0,
001340,2026-12-31,2026-07-28,2026-07-28,4.53,,,,,,19.67,0.89,,,,0.67,,,229.0,
005490,2026-12-31,2026-07-28,2026-07-28,1.18,,,,,,34.38,0.41,,,,3.34,,,8697.0,
010950,2026-12-31,2026-07-28,2026-07-28,1.99,,,,,,85.25,1.7,,,,0.25,,,1519.0,
010955,2026-12-31,2026-07-28,2026-07-28,,,,,,,,,,,,0.57,,,,
034120,2026-12-31,2026-07-28,2026-07-28,0.62,,,,,,26.07,0.16,,,,2.92,,,433.0,
003080,2026-12-31,2026-07-28,2026-07-28,22.43,,,,,,1.24,0.28,,,,9.38,,,1759.0,
005090,2026-12-31,2026-07-28,2026-07-28,0.0,,,,,,,0.82,,,,3.26,,,,
001380,2026-12-31,2026-07-28,2026-07-28,1.83,,,,,,10.63,0.19,,,,,,,124.0,
004060,2026-12-31,2026-07-28,2026-07-28,0.3,,,,,,62.0,0.19,,,,,,,40.0,
001770,2026-12-31,2026-07-28,2026-07-28,3.55,,,,,,3.67,0.13,,,,3.37,,,1620.0,
002360,2026-12-31,2026-07-28,2026-07-28,0.0,,,,,,,0.31,,,,,,,,
009160,2026-12-31,2026-07-28,2026-07-28,3.13,,,,,,12.26,0.38,,,,6.42,,,381.0,
033530,2026-12-31,2026-07-28,2026-07-28,13.16,,,,,,2.3,0.3,,,,3.42,,,2541.0,
123700,2026-12-31,2026-07-28,2026-07-28,5.23,,,,,,4.23,0.22,,,,6.23,,,777.0,
025530,2026-12-31,2026-07-28,2026-07-28,4.86,,,,,,5.56,0.27,,,,7.25,,,621.0,
034730,2026-12-31,2026-07-28,2026-07-28,6.34,,,,,,18.66,1.18,,,,1.48,,,29000.0,
011790,2026-12-31,2026-07-28,2026-07-28,0.0,,,,,,,3.13,,,,,,,,
018670,2026-12-31,2026-07-28,2026-07-28,8.04,,,,,,8.75,0.7,,,,3.93,,,26176.0,
001740,2026-12-31,2026-07-28,2026-07-28,2.46,,,,,,27.12,0.67,,,,3.59,,,257.0,
006120,2026-12-31,2026-07-28,2026-07-28,4.39,,,,,,7.15,0.31,,,,4.02,,,6961.0,
006125,2026-12-31,2026-07-28,2026-07-28,,,,,,,,,,,,5.51,,,,
210980,2026-12-31,2026-07-28,2026-07-28,1.24,,,,,,14.54,0.18,,,,3.61,,,381.0,
302440,2026-12-31,2026-07-28,2026-07-28,0.0,,,,,,,1.48,,,,,,,,
326030,2026-12-31,2026-07-28,2026-07-28,32.84,,,,,,23.32,7.66,,,,,,,3409.0,
402340,2026-12-31,2026-07-28,2026-07-28,31.83,,,,,,13.87,4.41,,,,,,,66713.0,
361610,2026-12-31,2026-07-28,2026-07-28,0.0,,,,,,,0.42,,,,,,,,
100090,2026-12-31,2026-07-28,2026-07-28,4.79,,,,,,20.21,0.97,,,,,,,625.0,
03473K,2026-12-31,2026-07-28,2026-07-28,,,,,,,,,,,,2.5,,,,
096770,2026-12-31,2026-07-28,2026-07-28,0.0,,,,,,,0.88,,,,,,,,
096775,2026-12-31,2026-07-28,2026-07-28,,,,,,,,,,,,,,,,
475150,2026-12-31,2026-07-28,2026-07-28,11.25,,,,,,53.46,6.02,,,,,,,911.0,
001510,2026-12-31,2026-07-28,2026-07-28,4.78,,,,,,13.99,0.67,,,,,,,138.0,
001515,2026-12-31,2026-07-28,2026-07-28,,,,,,,,,,,,,,,,
285130,2026-12-31,2026-07-28,2026-07-28,1.98,,,,,,16.46,0.33,,,,3.03,,,2306.0,
28513K,2026-12-31,2026-07-28,2026-07-28,,,,,,,,,,,,5.7,,,,
017670,2026-12-31,2026-07-28,2026-07-28,3.02,,,,,,45.04,1.36,,,,2.02,,,1825.0,
000660,2026-12-31,2026-07-28,2026-07-28,36.12,,,,,,24.98,9.02,,,,0.19,,,62044.0,
003570,2026-12-31,2026-07-28,2026-07-28,7.35,,,,,,11.72,0.86,,,,5.7,,,2696.0,
064960,2026-12-31,2026-07-28,2026-07-28,6.87,,,,,,8.73,0.6,,,,6.67,,,2921.0,
100840,2026-12-31,2026-07-28,2026-07-28,23.13,,,,,,5.61,1.3,,,,4.8,,,4270.0,
036530,2026-12-31,2026-07-28,2026-07-28,9.65,,,,,,5.37,0.52,,,,6.26,,,8924.0,
000390,2026-12-31,2026-07-28,2026-07-28,2.46,,,,,,18.7,0.46,,,,6.08,,,308.0,
011810,2026-12-31,2026-07-28,2026-07-28,,,,,,,,,,,,,,,,
465770,2026-12-31,2026-07-28,2026-07-28,0.0,,,,,,,0.75,,,,,,,,
077970,2026-12-31,2026-07-28,2026-07-28,20.98,,,,,,12.19,2.56,,,,,,,1793.0,
002820,2026-12-31,2026-07-28,2026-07-28,0.0,,,,,,,0.12,,,,,,,,
002170,2026-12-31,2026-07-28,2026-07-28,5.28,,,,,,6.02,0.32,,,,4.21,,,9071.0,
084870,2026-12-31,2026-07-28,2026-07-28,1.45,,,,,,43.02,0.62,,,,2.7,,,43.0,
002710,2026-12-31,2026-07-28,2026-07-28,0.0,,,,,,,0.87,,,,0.86,,,,
069260,2026-12-31,2026-07-28,2026-07-28,6.64,,,,,,9.38,0.62,,,,6.83,,,1561.0,
007980,2026-12-31,2026-07-28,2026-07-28,13.29,,,,,,1.98,0.26,,,,4.62,,,819.0,
002900,2026-12-31,2026-07-28,2026-07-28,9.28,,,,,,6.07,0.56,,,,4.86,,,984.0,
024070,2026-12-31,2026-07-28,2026-07-28,1.53,,,,,,22.3,0.34,,,,2.55,,,88.0,
037270,2026-12-31,2026-07-28,2026-07-28,11.91,,,,,,8.91,1.06,,,,0.95,,,353.0,
139130,2026-12-31,2026-07-28,2026-07-28,6.48,,,,,,6.67,0.43,,,,4.18,,,2511.0,
000500,2026-12-31,2026-07-28,2026-07-28,10.63,,,,,,87.9,9.34,,,,0.07,,,1727.0,
000860,2026-12-31,2026-07-28,2026-07-28,0.0,,,,,,,0.25,,,,2.07,,,,
035250,2026-12-31,2026-07-28,2026-07-28,7.92,,,,,,9.13,0.72,,,,6.62,,,1572.0,
011420,2026-12-31,2026-07-28,2026-07-28,5.14,,,,,,10.37,0.53,,,,,,,135.0,
002100,2026-12-31,2026-07-28,2026-07-28,7.08,,,,,,8.66,0.61,,,,7.74,,,1044.0,
009450,2026-12-31,2026-07-28,2026-07-28,11.64,,,,,,9.88,1.15,,,,1.22,,,6206.0,
267290,2026-12-31,2026-07-28,2026-07-28,6.91,,,,,,3.56,0.25,,,,4.41,,,5576.0,
012320,2026-12-31,2026-07-28,2026-07-28,3.74,,,,,,5.13,0.19,,,,1.72,,,8482.0,
000050,2026-12-31,2026-07-28,2026-07-28,6.04,,,,,,4.3,0.26,,,,1.97,,,1888.0,
214390,2026-12-31,2026-07-28,2026-07-28,0.13,,,,,,626.25,0.82,,,,1.0,,,8.0,
012610,2026-12-31,2026-07-28,2026-07-28,2.35,,,,,,19.67,0.46,,,,1.84,,,138.0,
009140,2026-12-31,2026-07-28,2026-07-28,4.79,,,,,,7.44,0.36,,,,2.29,,,2937.0,
013580,2026-12-31,2026-07-28,2026-07-28,10.64,,,,,,1.58,0.17,,,,3.93,,,11283.0,
012200,2026-12-31,2026-07-28,2026-07-28,0.0,,,,,,,5.23,,,,,,,,
012205,2026-12-31,2026-07-28,2026-07-28,,,,,,,,,,,,,,,,
002140,2026-12-31,2026-07-28,2026-07-28,8.07,,,,,,4.93,0.4,,,,2.07,,,391.0,
010130,2026-12-31,2026-07-28,2026-07-28,7.94,,,,,,22.32,1.77,,,,2.11,,,42566.0,
002240,2026-12-31,2026-07-28,2026-07-28,0.53,,,,,,45.93,0.24,,,,2.14,,,356.0,
009290,2026-12-31,2026-07-28,2026-07-28,3.95,,,,,,11.36,0.45,,,,1.69,,,521.0,
017040,2026-12-31,2026-07-28,2026-07-28,0.0,,,,,,,6.47,,,,,,,,
017900,2026-12-31,2026-07-28,2026-07-28,1.78,,,,,,60.24,1.07,,,,0.98,,,85.0,
037710,2026-12-31,2026-07-28,2026-07-28,5.14,,,,,,5.95,0.31,,,,6.92,,,5830.0,
030610,2026-12-31,2026-07-28,2026-07-28,6.74,,,,,,7.13,0.48,,,,6.09,,,1266.0,
339770,2026-12-31,2026-07-28,2026-07-28,9.3,,,,,,10.06,0.93,,,,8.5,,,351.0,
007690,2026-12-31,2026-07-28,2026-07-28,2.53,,,,,,14.4,0.36,,,,3.56,,,2538.0,
002720,2026-12-31,2026-07-28,2026-07-28,6.06,,,,,,11.38,0.69,,,,0.94,,,280.0,
083420,2026-12-31,2026-07-28,2026-07-28,7.75,,,,,,10.75,0.83,,,,5.39,,,414.0,
014530,2026-12-31,2026-07-28,2026-07-28,0.58,,,,,,90.0,0.52,,,,6.54,,,34.0,
014280,2026-12-31,2026-07-28,2026-07-28,0.0,,,,,,,0.32,,,,3.0,,,,
014285,2026-12-31,2026-07-28,2026-07-28,,,,,,,,,,,,2.43,,,,
008870,2026-12-31,2026-07-28,2026-07-28,2.72,,,,,,14.95,0.41,,,,3.05,,,2636.0,
001570,2026-12-31,2026-07-28,2026-07-28,0.0,,,,,,,1.38,,,,,,,,
002990,2026-12-31,2026-07-28,2026-07-28,25.8,,,,,,4.58,1.18,,,,2.47,,,1765.0,
002995,2026-12-31,2026-07-28,2026-07-28,,,,,,,,,,,,2.19,,,,
011780,2026-12-31,2026-07-28,2026-07-28,4.62,,,,,,10.21,0.47,,,,1.47,,,11300.0,
011785,2026-12-31,2026-07-28,2026-07-28,,,,,,,,,,,,3.6,,,,
214330,2026-12-31,2026-07-28,2026-07-28,0.0,,,,,,,0.17,,,,,,,,
001210,2026-12-31,2026-07-28,2026-07-28,0.0,,,,,,,2.24,,,,,,,,
073240,2026-12-31,2026-07-28,2026-07-28,17.11,,,,,,4.9,0.84,,,,,,,1209.0,
092440,2026-12-31,2026-07-28,2026-07-28,1.25,,,,,,17.33,0.22,,,,5.39,,,107.0,
000270,2026-12-31,2026-07-28,2026-07-28,12.31,,,,,,6.28,0.77,,,,5.58,,,19382.0,
024110,2026-12-31,2026-07-28,2026-07-28,6.96,,,,,,6.41,0.45,,,,5.14,,,3183.0,
013700,2026-12-31,2026-07-28,2026-07-28,17.86,,,,,,4.12,0.74,,,,2.17,,,336.0,
004540,2026-12-31,2026-07-28,2026-07-28,0.0,,,,,,,0.25,,,,,,,,
004545,2026-12-31,2026-07-28,2026-07-28,,,,,,,,,,,,,,,,
001260,2026-12-31,2026-07-28,2026-07-28,4.24,,,,,,12.99,0.55,,,,,,,539.0,
008350,2026-12-31,2026-07-28,2026-07-28,1.28,,,,,,35.61,0.45,,,,,,,28.0,
008355,2026-12-31,2026-07-28,2026-07-28,,,,,,,,,,,,,,,,
004270,2026-12-31,2026-07-28,2026-07-28,0.0,,,,,,,0.23,,,,3.99,,,,
003920,2026-12-31,2026-07-28,2026-07-28,0.74,,,,,,47.13,0.35,,,,3.41,,,888.0,
003925,2026-12-31,2026-07-28,2026-07-28,,,,,,,,,,,,4.78,,,,
025860,2026-12-31,2026-07-28,2026-07-28,5.31,,,,,,9.1,0.48,,,,1.63,,,608.0,
005720,2026-12-31,2026-07-28,2026-07-28,6.54,,,,,,3.41,0.22,,,,2.92,,,1757.0,
005725,2026-12-31,2026-07-28,2026-07-28,,,,,,,,,,,,4.14,,,,
002350,2026-12-31,2026-07-28,2026-07-28,7.36,,,,,,4.6,0.34,,,,2.96,,,1469.0,
002355,2026-12-31,2026-07-28,2026-07-28,,,,,,,,,,,,5.37,,,,
092790,2026-12-31,2026-07-28,2026-07-28,7.77,,,,,,7.94,0.62,,,,10.5,,,1386.0,
251270,2026-12-31,2026-07-28,2026-07-28,4.14,,,,,,13.38,0.55,,,,2.38,,,2746.0,
090350,2026-12-31,2026-07-28,2026-07-28,3.96,,,,,,9.1,0.36,,,,5.46,,,804.0,
090355,2026-12-31,2026-07-28,2026-07-28,,,,,,,,,,,,3.95,,,,
000320,2026-12-31,2026-07-28,2026-07-28,6.45,,,,,,5.01,0.32,,,,3.87,,,3090.0,
000325,2026-12-31,2026-07-28,2026-07-28,,,,,,,,,,,,2.48,,,,
006280,2026-12-31,2026-07-28,2026-07-28,0.0,,,,,,,1.13,,,,1.24,,,,
005250,2026-12-31,2026-07-28,2026-07-28,0.0,,,,,,,0.47,,,,3.22,,,,
005257,2026-12-31,2026-07-28,2026-07-28,,,,,,,,,,,,1.99,,,,
004370,2026-12-31,2026-07-28,2026-07-28,6.05,,,,,,12.85,0.78,,,,1.59,,,29342.0,
072710,2026-12-31,2026-07-28,2026-07-28,8.67,,,,,,3.59,0.31,,,,3.38,,,24706.0,
058730,2026-12-31,2026-07-28,2026-07-28,0.0,,,,,,,0.4,,,,,,,,
030210,2026-12-31,2026-07-28,2026-07-28,6.99,,,,,,5.13,0.36,,,,7.29,,,641.0,
023590,2026-12-31,2026-07-28,2026-07-28,14.66,,,,,,2.99,0.44,,,,5.15,,,11707.0,
145210,2026-12-31,2026-07-28,2026-07-28,0.0,,,,,,,0.21,,,,,,,,
483650,2026-12-31,2026-07-28,2026-07-28,41.16,,,,,,38.82,15.98,,,,1.03,,,6594.0,
019680,2026-12-31,2026-07-28,2026-07-28,0.0,,,,,,,0.27,,,,6.6,,,,
019685,2026-12-31,2026-07-28,2026-07-28,,,,,,,,,,,,9.01,,,,
006370,2026-12-31,2026-07-28,2026-07-28,0.0,,,,,,,0.32,,,,,,,,
008060,2026-12-31,2026-07-28,2026-07-28,0.58,,,,,,124.27,0.72,,,,9.02,,,103.0,
00806K,2026-12-31,2026-07-28,2026-07-28,,,,,,,,,,,,11.11,,,,
353200,2026-12-31,2026-07-28,2026-07-28,5.3,,,,,,98.81,5.24,,,,0.55,,,924.0,
35320K,2026-12-31,2026-07-28,2026-07-28,,,,,,,,,,,,2.55,,,,
000490,2026-12-31,2026-07-28,2026-07-28,0.0,,,,,,,0.35,,,,1.6,,,,
005750,2026-12-31,2026-07-28,2026-07-28,7.95,,,,,,5.0,0.4,,,,4.43,,,812.0,
006570,2026-12-31,2026-07-28,2026-07-28,0.0,,,,,,,0.83,,,,,,,,
001680,2026-12-31,2026-07-28,2026-07-28,0.0,,,,,,,0.59,,,,4.85,,,,
001685,2026-12-31,2026-07-28,2026-07-28,,,,,,,,,,,,6.2,,,,
084690,2026-12-31,2026-07-28,2026-07-28,0.0,,,,,,,0.44,,,,4.11,,,,
084695,2026-12-31,2026-07-28,2026-07-28,,,,,,,,,,,,2.82,,,,
128820,2026-12-31,2026-07-28,2026-07-28,0.0,,,,,,,0.23,,,,10.53,,,,
117580,2026-12-31,2026-07-28,2026-07-28,7.12,,,,,,7.39,0.53,,,,3.74,,,905.0,
016710,2026-12-31,2026-07-28,2026-07-28,3.73,,,,,,6.43,0.24,,,,3.64,,,1069.0,
003540,2026-12-31,2026-07-28,2026-07-28,4.54,,,,,,10.11,0.46,,,,4.92,,,2413.0,
003547,2026-12-31,2026-07-28,2026-07-28,,,,,,,,,,,,6.52,,,,
003545,2026-12-31,2026-07-28,2026-07-28,,,,,,,,,,,,6.59,,,,
009190,2026-12-31,2026-07-28,2026-07-28,11.51,,,,,,8.06,0.93,,,,,,,206.0,
014160,2026-12-31,2026-07-28,2026-07-28,0.8,,,,,,44.53,0.36,,,,,,,15.0,
047040,2026-12-31,2026-07-28,2026-07-28,0.0,,,,,,,1.65,,,,,,,,
003090,2026-12-31,2026-07-28,2026-07-28,15.09,,,,,,3.89,0.59,,,,1.2,,,4280.0,
069620,2026-12-31,2026-07-28,2026-07-28,19.47,,,,,,7.4,1.44,,,,0.48,,,17022.0,
000430,2026-12-31,2026-07-28,2026-07-28,6.48,,,,,,5.75,0.37,,,,3.26,,,587.0,
006340,2026-12-31,2026-07-28,2026-07-28,7.4,,,,,,120.35,8.91,,,,,,,113.0,
006345,2026-12-31,2026-07-28,2026-07-28,,,,,,,,,,,,,,,,
003220,2026-12-31,2026-07-28,2026-07-28,0.0,,,,,,,0.6,,,,3.33,,,,
024890,2026-12-31,2026-07-28,2026-07-28,7.88,,,,,,6.67,0.53,,,,,,,430.0,
012800,2026-12-31,2026-07-28,2026-07-28,0.75,,,,,,38.36,0.29,,,,,,,28.0,
015230,2026-12-31,2026-07-28,2026-07-28,8.92,,,,,,4.82,0.43,,,,3.27,,,1142.0,
001070,2026-12-31,2026-07-28,2026-07-28,0.0,,,,,,,0.14,,,,,,,,
006650,2026-12-31,2026-07-28,2026-07-28,1.73,,,,,,17.8,0.31,,,,1.42,,,5134.0,
001440,2026-12-31,2026-07-28,2026-07-28,5.26,,,,,,55.52,2.92,,,,,,,453.0,
084010,2026-12-31,2026-07-28,2026-07-28,1.94,,,,,,12.59,0.24,,,,6.64,,,598.0,
001790,2026-12-31,2026-07-28,2026-07-28,0.0,,,,,,,0.49,,,,4.67,,,,
001795,2026-12-31,2026-07-28,2026-07-28,,,,,,,,,,,,6.16,,,,
001130,2026-12-31,2026-07-28,2026-07-28,0.0,,,,,,,0.18,,,,3.59,,,,
439260,2026-12-31,2026-07-28,2026-07-28,25.8,,,,,,6.34,1.63,,,,0.54,,,7314.0,
003490,2026-12-31,2026-07-28,2026-07-28,7.19,,,,,,11.84,0.85,,,,2.97,,,2133.0,
003495,2026-12-31,2026-07-28,2026-07-28,,,,,,,,,,,,3.78,,,,
005880,2026-12-31,2026-07-28,2026-07-28,8.38,,,,,,3.07,0.26,,,,,,,560.0,
003830,2026-12-31,2026-07-28,2026-07-28,1.35,,,,,,12.41,0.17,,,,0.68,,,8883.0,
016090,2026-12-31,2026-07-28,2026-07-28,3.97,,,,,,5.86,0.23,,,,5.48,,,249.0,
069460,2026-12-31,2026-07-28,2026-07-28,0.0,,,,,,,0.56,,,,,,,,
475560,2026-12-31,2026-07-28,2026-07-28,0.0,,,,,,,0.82,,,,3.68,,,,
192080,2026-12-31,2026-07-28,2026-07-28,10.81,,,,,,9.04,0.98,,,,2.0,,,6651.0,
004830,2026-12-31,2026-07-28,2026-07-28,5.63,,,,,,8.61,0.49,,,,3.72,,,359.0,
004835,2026-12-31,2026-07-28,2026-07-28,,,,,,,,,,,,3.21,,,,
145720,2026-12-31,2026-07-28,2026-07-28,2.92,,,,,,19.99,0.58,,,,1.58,,,1903.0,
002150,2026-12-31,2026-07-28,2026-07-28,2.89,,,,,,22.09,0.64,,,,6.17,,,220.0,
460850,2026-12-31,2026-07-28,2026-07-28,0.0,,,,,,,0.15,,,,6.04,,,,
460860,2026-12-31,2026-07-28,2026-07-28,0.44,,,,,,52.47,0.23,,,,4.59,,,166.0,
001230,2026-12-31,2026-07-28,2026-07-28,0.89,,,,,,16.29,0.15,,,,0.6,,,103.0,
023450,2026-12-31,2026-07-28,2026-07-28,12.63,,,,,,13.76,1.74,,,,3.29,,,2046.0,
004140,2026-12-31,2026-07-28,2026-07-28,9.79,,,,,,4.86,0.48,,,,1.72,,,360.0,
007590,2026-12-31,2026-07-28,2026-07-28,5.71,,,,,,6.97,0.4,,,,5.84,,,786.0,
005960,2026-12-31,2026-07-28,2026-07-28,9.31,,,,,,2.82,0.26,,,,4.73,,,2251.0,
005965,2026-12-31,2026-07-28,2026-07-28,,,,,,,,,,,,2.19,,,,
026960,2026-12-31,2026-07-28,2026-07-28,8.41,,,,,,17.75,1.49,,,,4.38,,,1468.0,
002210,2026-12-31,2026-07-28,2026-07-28,0.0,,,,,,,1.02,,,,,,,,
102260,2026-12-31,2026-07-28,2026-07-28,7.31,,,,,,5.03,0.37,,,,4.45,,,670.0,
000640,2026-12-31,2026-07-28,2026-07-28,8.0,,,,,,6.41,0.51,,,,1.93,,,13723.0,
170900,2026-12-31,2026-07-28,2026-07-28,0.0,,,,,,,0.54,,,,1.95,,,,
028100,2026-12-31,2026-07-28,2026-07-28,7.83,,,,,,11.4,0.89,,,,3.62,,,1453.0,
001520,2026-12-31,2026-07-28,2026-07-28,2.75,,,,,,4.93,0.14,,,,,,,210.0,
001527,2026-12-31,2026-07-28,2026-07-28,,,,,,,,,,,,,,,,
084670,2026-12-31,2026-07-28,2026-07-28,5.43,,,,,,19.1,1.04,,,,,,,1136.0,
082640,2026-12-31,2026-07-28,2026-07-28,8.04,,,,,,9.96,0.8,,,,,,,798.0,
001525,2026-12-31,2026-07-28,2026-07-28,,,,,,,,,,,,,,,,
018500,2026-12-31,2026-07-28,2026-07-28,15.93,,,,,,3.05,0.49,,,,3.62,,,453.0,
006040,2026-12-31,2026-07-28,2026-07-28,11.0,,,,,,3.97,0.44,,,,3.29,,,8793.0,
030720,2026-12-31,2026-07-28,2026-07-28,13.74,,,,,,3.32,0.46,,,,,,,1664.0,
014820,2026-12-31,2026-07-28,2026-07-28,6.22,,,,,,10.71,0.67,,,,4.58,,,1834.0,
014825,2026-12-31,2026-07-28,2026-07-28,,,,,,,,,,,,7.58,,,,
111380,2026-12-31,2026-07-28,2026-07-28,7.66,,,,,,6.26,0.48,,,,5.52,,,1967.0,
163560,2026-12-31,2026-07-28,2026-07-28,4.49,,,,,,7.22,0.32,,,,2.71,,,767.0,
004890,2026-12-31,2026-07-28,2026-07-28,0.0,,,,,,,0.18,,,,2.9,,,,
002690,2026-12-31,2026-07-28,2026-07-28,0.89,,,,,,21.43,0.19,,,,,,,69.0,
000020,2026-12-31,2026-07-28,2026-07-28,2.29,,,,,,15.27,0.35,,,,1.36,,,313.0,
000150,2026-12-31,2026-07-28,2026-07-28,4.84,,,,,,247.28,11.97,,,,0.38,,,4230.0,
000157,2026-12-31,2026-07-28,2026-07-28,,,,,,,,,,,,1.34,,,,
454910,2026-12-31,2026-07-28,2026-07-28,0.0,,,,,,,11.23,,,,,,,,
241560,2026-12-31,2026-07-28,2026-07-28,5.58,,,,,,14.39,0.8,,,,2.81,,,4196.0,
034020,2026-12-31,2026-07-28,2026-07-28,1.09,,,,,,490.15,5.32,,,,,,,132.0,
000155,2026-12-31,2026-07-28,2026-07-28,,,,,,,,,,,,1.09,,,,
336260,2026-12-31,2026-07-28,2026-07-28,0.0,,,,,,,5.24,,,,,,,,
33626K,2026-12-31,2026-07-28,2026-07-28,,,,,,,,,,,,,,,,
33626L,2026-12-31,2026-07-28,2026-07-28,,,,,,,,,,,,,,,,
016740,2026-12-31,2026-07-28,2026-07-28,10.21,,,,,,3.34,0.34,,,,3.62,,,994.0,
192650,2026-12-31,2026-07-28,2026-07-28,0.02,,,,,,3940.0,0.7,,,,5.74,,,1.0,
024090,2026-12-31,2026-07-28,2026-07-28,4.47,,,,,,7.9,0.35,,,,7.58,,,1369.0,
003160,2026-12-31,2026-07-28,2026-07-28,3.12,,,,,,92.35,2.88,,,,1.38,,,196.0,
092200,2026-12-31,2026-07-28,2026-07-28,0.0,,,,,,,1.13,,,,,,,,
013570,2026-12-31,2026-07-28,2026-07-28,3.58,,,,,,6.71,0.24,,,,4.44,,,570.0,
024900,2026-12-31,2026-07-28,2026-07-28,1.03,,,,,,45.5,0.47,,,,3.47,,,38.0,
002880,2026-12-31,2026-07-28,2026-07-28,0.0,,,,,,,0.73,,,,,,,,
210540,2026-12-31,2026-07-28,2026-07-28,8.04,,,,,,4.64,0.37,,,,4.73,,,2278.0,
032350,2026-12-31,2026-07-28,2026-07-28,7.61,,,,,,31.88,2.43,,,,,,,356.0,
089860,2026-12-31,2026-07-28,2026-07-28,8.15,,,,,,11.08,0.9,,,,3.08,,,3514.0,
000400,2026-12-31,2026-07-28,2026-07-28,7.96,,,,,,12.97,1.03,,,,,,,158.0,
023530,2026-12-31,2026-07-28,2026-07-28,0.34,,,,,,67.27,0.23,,,,3.26,,,1824.0,
020150,2026-12-31,2026-07-28,2026-07-28,0.0,,,,,,,0.84,,,,,,,,
280360,2026-12-31,2026-07-28,2026-07-28,3.3,,,,,,12.33,0.41,,,,3.27,,,8176.0,
286940,2026-12-31,2026-07-28,2026-07-28,2.33,,,,,,25.71,0.6,,,,4.14,,,657.0,
004000,2026-12-31,2026-07-28,2026-07-28,4.36,,,,,,10.7,0.47,,,,3.37,,,4165.0,
004990,2026-12-31,2026-07-28,2026-07-28,0.0,,,,,,,0.29,,,,5.52,,,,
00499K,2026-12-31,2026-07-28,2026-07-28,,,,,,,,,,,,5.87,,,,
005300,2026-12-31,2026-07-28,2026-07-28,3.1,,,,,,21.23,0.66,,,,3.41,,,4697.0,
005305,2026-12-31,2026-07-28,2026-07-28,,,,,,,,,,,,5.0,,,,
011170,2026-12-31,2026-07-28,2026-07-28,0.0,,,,,,,0.19,,,,1.75,,,,
071840,2026-12-31,2026-07-28,2026-07-28,0.0,,,,,,,0.15,,,,4.83,,,,
027740,2026-12-31,2026-07-28,2026-07-28,0.0,,,,,,,0.74,,,,,,,,
001080,2026-12-31,2026-07-28,2026-07-28,0.0,,,,,,,0.73,,,,,,,,
138040,2026-12-31,2026-07-28,2026-07-28,21.05,,,,,,9.15,1.93,,,,,,,12903.0,
090370,2026-12-31,2026-07-28,2026-07-28,0.0,,,,,,,0.36,,,,,,,,
118000,2026-12-31,2026-07-28,2026-07-28,0.43,,,,,,42.33,0.18,,,,,,,30.0,
017180,2026-12-31,2026-07-28,2026-07-28,1.93,,,,,,19.98,0.39,,,,,,,57.0,
009900,2026-12-31,2026-07-28,2026-07-28,9.04,,,,,,4.92,0.44,,,,1.56,,,1302.0,
317450,2026-12-31,2026-07-28,2026-07-28,12.35,,,,,,6.07,0.75,,,,3.68,,,6718.0,
012690,2026-12-31,2026-07-28,2026-07-28,1.71,,,,,,33.9,0.58,,,,3.6,,,41.0,
005360,2026-12-31,2026-07-28,2026-07-28,0.0,,,,,,,0.37,,,,1.89,,,,
070960,2026-12-31,2026-07-28,2026-07-28,0.0,,,,,,,0.27,,,,,,,,
009680,2026-12-31,2026-07-28,2026-07-28,5.59,,,,,,7.96,0.45,,,,7.95,,,1248.0,
009580,2026-12-31,2026-07-28,2026-07-28,0.0,,,,,,,0.17,,,,7.84,,,,
009200,2026-12-31,2026-07-28,2026-07-28,0.0,,,,,,,0.14,,,,8.76,,,,
033920,2026-12-31,2026-07-28,2026-07-28,8.35,,,,,,3.84,0.32,,,,7.77,,,1898.0,
008420,2026-12-31,2026-07-28,2026-07-28,3.3,,,,,,6.5,0.21,,,,2.45,,,314.0,
025560,2026-12-31,2026-07-28,2026-07-28,8.72,,,,,,14.93,1.3,,,,,,,479.0,
007120,2026-12-31,2026-07-28,2026-07-28,0.0,,,,,,,0.6,,,,,,,,
085620,2026-12-31,2026-07-28,2026-07-28,5.34,,,,,,14.9,0.8,,,,,,,1002.0,
006800,2026-12-31,2026-07-28,2026-07-28,11.71,,,,,,12.39,1.45,,,,0.91,,,2668.0,
00680K,2026-12-31,2026-07-28,2026-07-28,,,,,,,,,,,,2.83,,,,
006805,2026-12-31,2026-07-28,2026-07-28,,,,,,,,,,,,2.83,,,,
081660,2026-12-31,2026-07-28,2026-07-28,11.16,,,,,,10.87,1.21,,,,4.48,,,4061.0,
002840,2026-12-31,2026-07-28,2026-07-28,10.3,,,,,,13.07,1.35,,,,1.94,,,9449.0,
268280,2026-12-31,2026-07-28,2026-07-28,13.62,,,,,,9.45,1.29,,,,2.67,,,12662.0,
107590,2026-12-31,2026-07-28,2026-07-28,9.04,,,,,,4.82,0.44,,,,1.28,,,11302.0,
134380,2026-12-31,2026-07-28,2026-07-28,13.88,,,,,,8.19,1.14,,,,4.45,,,1235.0,
003650,2026-12-31,2026-07-28,2026-07-28,14.36,,,,,,3.09,0.44,,,,2.49,,,45517.0,
377740,2026-12-31,2026-07-28,2026-07-28,0.0,,,,,,,0.29,,,,5.18,,,,
003610,2026-12-31,2026-07-28,2026-07-28,3.61,,,,,,25.38,0.92,,,,1.33,,,208.0,
035150,2026-12-31,2026-07-28,2026-07-28,12.49,,,,,,6.1,0.76,,,,4.66,,,1581.0,
002410,2026-12-31,2026-07-28,2026-07-28,,,,,,,,,,,,,,,,
007210,2026-12-31,2026-07-28,2026-07-28,7.53,,,,,,3.45,0.26,,,,2.14,,,407.0,
002760,2026-12-31,2026-07-28,2026-07-28,4.79,,,,,,24.62,1.18,,,,0.73,,,39.0,
003850,2026-12-31,2026-07-28,2026-07-28,7.65,,,,,,10.4,0.8,,,,2.01,,,766.0,
000890,2026-12-31,2026-07-28,2026-07-28,3.82,,,,,,10.66,0.41,,,,,,,125.0,
003000,2026-12-31,2026-07-28,2026-07-28,4.4,,,,,,25.36,1.12,,,,3.24,,,152.0,
001270,2026-12-31,2026-07-28,2026-07-28,5.46,,,,,,9.92,0.54,,,,4.73,,,5109.0,
001275,2026-12-31,2026-07-28,2026-07-28,,,,,,,,,,,,8.21,,,,
026940,2026-12-31,2026-07-28,2026-07-28,1.59,,,,,,16.96,0.27,,,,4.33,,,109.0,
011390,2026-12-31,2026-07-28,2026-07-28,0.0,,,,,,,0.32,,,,0.65,,,,
005030,2026-12-31,2026-07-28,2026-07-28,8.98,,,,,,22.09,1.98,,,,,,,22.0,
006740,2026-12-31,2026-07-28,2026-07-28,0.0,,,,,,,0.27,,,,,,,,
002070,2026-12-31,2026-07-28,2026-07-28,0.0,,,,,,,0.15,,,,,,,,
100220,2026-12-31,2026-07-28,2026-07-28,10.66,,,,,,2.92,0.31,,,,4.33,,,1738.0,
090460,2026-12-31,2026-07-28,2026-07-28,4.3,,,,,,14.86,0.64,,,,1.7,,,991.0,
005180,2026-12-31,2026-07-28,2026-07-28,7.47,,,,,,10.6,0.79,,,,4.95,,,6284.0,
003960,2026-12-31,2026-07-28,2026-07-28,0.0,,,,,,,0.4,,,,0.85,,,,
008040,2026-12-31,2026-07-28,2026-07-28,0.0,,,,,,,0.83,,,,,,,,
007160,2026-12-31,2026-07-28,2026-07-28,0.0,,,,,,,0.43,,,,0.43,,,,
014710,2026-12-31,2026-07-28,2026-07-28,0.0,,,,,,,0.8,,,,0.52,,,,
006090,2026-12-31,2026-07-28,2026-07-28,4.28,,,,,,7.29,0.31,,,,1.22,,,1123.0,
062040,2026-12-31,2026-07-28,2026-07-28,25.43,,,,,,29.75,7.57,,,,0.86,,,4901.0,
005610,2026-12-31,2026-07-28,2026-07-28,2.92,,,,,,22.55,0.66,,,,2.56,,,1732.0,
001470,2026-12-31,2026-07-28,2026-07-28,,,,,,,,,,,,,,,,
028050,2026-12-31,2026-07-28,2026-07-28,13.02,,,,,,14.02,1.83,,,,1.79,,,3150.0,
006400,2026-12-31,2026-07-28,2026-07-28,0.0,,,,,,,1.4,,,,,,,,
006405,2026-12-31,2026-07-28,2026-07-28,,,,,,,,,,,,,,,,
006660,2026-12-31,2026-07-28,2026-07-28,2.51,,,,,,12.24,0.31,,,,0.72,,,905.0,
028260,2026-12-31,2026-07-28,2026-07-28,4.89,,,,,,20.46,1.0,,,,0.92,,,14905.0,
02826K,2026-12-31,2026-07-28,2026-07-28,,,,,,,,,,,,1.52,,,,
207940,2026-12-31,2026-07-28,2026-07-28,16.52,,,,,,58.17,9.61,,,,,,,26628.0,
032830,2026-12-31,2026-07-28,2026-07-28,3.67,,,,,,22.22,0.82,,,,1.86,,,12824.0,
018260,2026-12-31,2026-07-28,2026-07-28,7.66,,,,,,20.42,1.56,,,,1.59,,,9819.0,
0126Z0,2026-12-31,2026-07-28,2026-07-28,0.0,,,,,,,1.57,,,,,,,,
009150,2026-12-31,2026-07-28,2026-07-28,7.4,,,,,,119.21,8.82,,,,0.21,,,9345.0,
009155,2026-12-31,2026-07-28,2026-07-28,,,,,,,,,,,,0.62,,,,
005930,2026-12-31,2026-07-28,2026-07-28,10.32,,,,,,33.31,3.44,,,,0.76,,,6605.0,
005935,2026-12-31,2026-07-28,2026-07-28,,,,,,,,,,,,1.05,,,,
001360,2026-12-31,2026-07-28,2026-07-28,9.56,,,,,,10.15,0.97,,,,,,,123.0,
010140,2026-12-31,2026-07-28,2026-07-28,13.16,,,,,,32.39,4.26,,,,,,,639.0,
016360,2026-12-31,2026-07-28,2026-07-28,12.48,,,,,,8.25,1.03,,,,4.3,,,11279.0,
068290,2026-12-31,2026-07-28,2026-07-28,2.47,,,,,,15.16,0.37,,,,3.26,,,405.0,
029780,2026-12-31,2026-07-28,2026-07-28,7.29,,,,,,7.84,0.57,,,,5.9,,,6053.0,
000810,2026-12-31,2026-07-28,2026-07-28,9.49,,,,,,12.83,1.22,,,,3.2,,,47478.0,
000815,2026-12-31,2026-07-28,2026-07-28,,,,,,,,,,,,5.09,,,,
006110,2026-12-31,2026-07-28,2026-07-28,0.0,,,,,,,2.02,,,,0.08,,,,
0120G0,2026-12-31,2026-07-28,2026-07-28,0.95,,,,,,126.25,1.2,,,,,,,301.0,
145990,2026-12-31,2026-07-28,2026-07-28,0.0,,,,,,,0.27,,,,4.02,,,,
145995,2026-12-31,2026-07-28,2026-07-28,,,,,,,,,,,,5.44,,,,
003230,2026-12-31,2026-07-28,2026-07-28,31.3,,,,,,22.68,7.1,,,,0.41,,,52156.0,
272550,2026-12-31,2026-07-28,2026-07-28,4.51,,,,,,7.47,0.34,,,,5.79,,,1156.0,
000070,2026-12-31,2026-07-28,2026-07-28,0.0,,,,,,,0.22,,,,6.19,,,,
003720,2026-12-31,2026-07-28,2026-07-28,15.41,,,,,,15.15,2.34,,,,0.5,,,400.0,
002810,2026-12-31,2026-07-28,2026-07-28,9.71,,,,,,6.98,0.68,,,,5.09,,,3325.0,
005680,2026-12-31,2026-07-28,2026-07-28,0.95,,,,,,47.03,0.45,,,,2.37,,,269.0,
023000,2026-12-31,2026-07-28,2026-07-28,4.13,,,,,,8.2,0.34,,,,4.99,,,269.0,
004380,2026-12-31,2026-07-28,2026-07-28,0.0,,,,,,,1.0,,,,0.66,,,,
002450,2026-12-31,2026-07-28,2026-07-28,6.27,,,,,,4.69,0.29,,,,4.59,,,232.0,
004440,2026-12-31,2026-07-28,2026-07-28,0.56,,,,,,41.32,0.23,,,,,,,117.0,
000520,2026-12-31,2026-07-28,2026-07-28,0.0,,,,,,,0.99,,,,,,,,
009770,2026-12-31,2026-07-28,2026-07-28,10.94,,,,,,2.13,0.23,,,,3.74,,,12556.0,
005500,2026-12-31,2026-07-28,2026-07-28,8.56,,,,,,8.94,0.76,,,,4.56,,,1963.0,
004690,2026-12-31,2026-07-28,2026-07-28,6.63,,,,,,3.53,0.23,,,,2.61,,,32566.0,
010960,2026-12-31,2026-07-28,2026-07-28,7.9,,,,,,3.59,0.28,,,,6.64,,,838.0,
004450,2026-12-31,2026-07-28,2026-07-28,3.79,,,,,,10.68,0.41,,,,4.79,,,2345.0,
009470,2026-12-31,2026-07-28,2026-07-28,10.04,,,,,,14.54,1.46,,,,2.89,,,1427.0,
011230,2026-12-31,2026-07-28,2026-07-28,0.0,,,,,,,2.51,,,,,,,,
001820,2026-12-31,2026-07-28,2026-07-28,4.57,,,,,,55.77,2.55,,,,0.73,,,1221.0,
001290,2026-12-31,2026-07-28,2026-07-28,0.0,,,,,,,0.36,,,,,,,,
041650,2026-12-31,2026-07-28,2026-07-28,0.0,,,,,,,0.19,,,,2.45,,,,
075180,2026-12-31,2026-07-28,2026-07-28,0.0,,,,,,,0.22,,,,5.02,,,,
007540,2026-12-31,2026-07-28,2026-07-28,4.51,,,,,,8.9,0.4,,,,0.47,,,4834.0,
248170,2026-12-31,2026-07-28,2026-07-28,7.52,,,,,,5.15,0.39,,,,0.89,,,4368.0,
007860,2026-12-31,2026-07-28,2026-07-28,6.37,,,,,,2.76,0.18,,,,3.52,,,2575.0,
200880,2026-12-31,2026-07-28,2026-07-28,5.12,,,,,,4.66,0.24,,,,2.42,,,2220.0,
017390,2026-12-31,2026-07-28,2026-07-28,2.77,,,,,,6.78,0.19,,,,5.16,,,7866.0,
031210,2026-12-31,2026-07-28,2026-07-28,5.17,,,,,,10.85,0.56,,,,6.87,,,3844.0,
004410,2026-12-31,2026-07-28,2026-07-28,0.0,,,,,,,1.43,,,,,,,,
004415,2026-12-31,2026-07-28,2026-07-28,,,,,,,,,,,,,,,,
021050,2026-12-31,2026-07-28,2026-07-28,0.0,,,,,,,0.32,,,,,,,,
008490,2026-12-31,2026-07-28,2026-07-28,8.91,,,,,,5.14,0.46,,,,2.49,,,3911.0,
007610,2026-12-31,2026-07-28,2026-07-28,14.82,,,,,,12.16,1.8,,,,,,,312.0,
136490,2026-12-31,2026-07-28,2026-07-28,21.13,,,,,,1.85,0.39,,,,2.16,,,5002.0,
014910,2026-12-31,2026-07-28,2026-07-28,4.69,,,,,,16.41,0.77,,,,0.32,,,96.0,
014915,2026-12-31,2026-07-28,2026-07-28,,,,,,,,,,,,0.22,,,,
004980,2026-12-31,2026-07-28,2026-07-28,4.42,,,,,,7.19,0.32,,,,4.66,,,1044.0,
004985,2026-12-31,2026-07-28,2026-07-28,,,,,,,,,,,,4.83,,,,
000180,2026-12-31,2026-07-28,2026-07-28,0.0,,,,,,,0.11,,,,,,,,
002420,2026-12-31,2026-07-28,2026-07-28,0.0,,,,,,,1.27,,,,,,,,
004360,2026-12-31,2026-07-28,2026-07-28,5.49,,,,,,4.24,0.23,,,,2.35,,,3011.0,
004365,2026-12-31,2026-07-28,2026-07-28,,,,,,,,,,,,3.4,,,,
004490,2026-12-31,2026-07-28,2026-07-28,8.75,,,,,,4.66,0.41,,,,5.34,,,10646.0,
001430,2026-12-31,2026-07-28,2026-07-28,2.89,,,,,,21.63,0.63,,,,3.54,,,1567.0,
306200,2026-12-31,2026-07-28,2026-07-28,2.67,,,,,,11.96,0.32,,,,4.29,,,10714.0,
003030,2026-12-31,2026-07-28,2026-07-28,3.07,,,,,,6.62,0.2,,,,1.74,,,15656.0,
058650,2026-12-31,2026-07-28,2026-07-28,2.91,,,,,,7.02,0.2,,,,3.69,,,16587.0,
013000,2026-12-31,2026-07-28,2026-07-28,6.82,,,,,,9.23,0.63,,,,,,,130.0,
021820,2026-12-31,2026-07-28,2026-07-28,7.3,,,,,,2.05,0.15,,,,2.1,,,4646.0,
067830,2026-12-31,2026-07-28,2026-07-28,1.57,,,,,,10.66,0.17,,,,1.37,,,205.0,
075580,2026-12-31,2026-07-28,2026-07-28,22.17,,,,,,11.63,2.58,,,,2.17,,,891.0,
068270,2026-12-31,2026-07-28,2026-07-28,5.93,,,,,,39.87,2.36,,,,0.42,,,4449.0,
336370,2026-12-31,2026-07-28,2026-07-28,0.0,,,,,,,0.84,,,,0.16,,,,
33637K,2026-12-31,2026-07-28,2026-07-28,,,,,,,,,,,,0.77,,,,
33637L,2026-12-31,2026-07-28,2026-07-28,,,,,,,,,,,,0.53,,,,
248070,2026-12-31,2026-07-28,2026-07-28,2.81,,,,,,47.79,1.34,,,,0.56,,,281.0,
004430,2026-12-31,2026-07-28,2026-07-28,0.31,,,,,,126.6,0.39,,,,2.44,,,97.0,
017550,2026-12-31,2026-07-28,2026-07-28,7.94,,,,,,6.11,0.49,,,,0.64,,,254.0,
126720,2026-12-31,2026-07-28,2026-07-28,8.89,,,,,,6.0,0.53,,,,4.32,,,3475.0,
053210,2026-12-31,2026-07-28,2026-07-28,1.28,,,,,,27.41,0.35,,,,8.68,,,147.0,
026890,2026-12-31,2026-07-28,2026-07-28,5.91,,,,,,18.82,1.11,,,,,,,417.0,
134790,2026-12-31,2026-07-28,2026-07-28,0.0,,,,,,,0.52,,,,,,,,
462870,2026-12-31,2026-07-28,2026-07-28,20.73,,,,,,9.14,1.9,,,,,,,3293.0,
016590,2026-12-31,2026-07-28,2026-07-28,3.78,,,,,,12.99,0.49,,,,2.25,,,770.0,
029530,2026-12-31,2026-07-28,2026-07-28,1.87,,,,,,17.38,0.32,,,,2.47,,,2330.0,
004970,2026-12-31,2026-07-28,2026-07-28,0.77,,,,,,31.63,0.24,,,,5.38,,,294.0,
011930,2026-12-31,2026-07-28,2026-07-28,0.0,,,,,,,1.19,,,,,,,,
004170,2026-12-31,2026-07-28,2026-07-28,0.31,,,,,,292.77,0.92,,,,1.12,,,1590.0,
035510,2026-12-31,2026-07-28,2026-07-28,6.54,,,,,,5.56,0.36,,,,4.67,,,2156.0,
031430,2026-12-31,2026-07-28,2026-07-28,0.51,,,,,,88.46,0.45,,,,3.68,,,123.0,
031440,2026-12-31,2026-07-28,2026-07-28,20.3,,,,,,1.9,0.39,,,,2.36,,,20097.0,
006880,2026-12-31,2026-07-28,2026-07-28,3.38,,,,,,13.18,0.44,,,,2.7,,,337.0,
005800,2026-12-31,2026-07-28,2026-07-28,1.61,,,,,,18.65,0.3,,,,1.35,,,697.0,
001720,2026-12-31,2026-07-28,2026-07-28,5.98,,,,,,9.82,0.59,,,,3.74,,,13618.0,
009270,2026-12-31,2026-07-28,2026-07-28,0.0,,,,,,,0.39,,,,5.0,,,,
002700,2026-12-31,2026-07-28,2026-07-28,5.0,,,,,,17.34,0.87,,,,1.89,,,61.0,
002870,2026-12-31,2026-07-28,2026-07-28,2.71,,,,,,13.93,0.38,,,,,,,72.0,
019170,2026-12-31,2026-07-28,2026-07-28,3.27,,,,,,44.36,1.45,,,,,,,172.0,
019175,2026-12-31,2026-07-28,2026-07-28,,,,,,,,,,,,,,,,
055550,2026-12-31,2026-07-28,2026-07-28,8.08,,,,,,10.28,0.83,,,,2.57,,,9812.0,
004080,2026-12-31,2026-07-28,2026-07-28,2.53,,,,,,45.14,1.14,,,,2.35,,,311.0,
004770,2026-12-31,2026-07-28,2026-07-28,4.23,,,,,,15.68,0.66,,,,2.21,,,101.0,
403550,2026-12-31,2026-07-28,2026-07-28,0.0,,,,,,,1.86,,,,0.99,,,,
004920,2026-12-31,2026-07-28,2026-07-28,20.67,,,,,,3.33,0.69,,,,,,,290.0,
112610,2026-12-31,2026-07-28,2026-07-28,3.01,,,,,,44.98,1.35,,,,2.66,,,837.0,
480370,2026-12-31,2026-07-28,2026-07-28,0.0,,,,,,,0.53,,,,,,,,
308170,2026-12-31,2026-07-28,2026-07-28,0.0,,,,,,,0.39,,,,,,,,
008700,2026-12-31,2026-07-28,2026-07-28,4.09,,,,,,16.55,0.68,,,,,,,71.0,
090430,2026-12-31,2026-07-28,2026-07-28,4.32,,,,,,34.78,1.5,,,,1.04,,,3416.0,
090435,2026-12-31,2026-07-28,2026-07-28,,,,,,,,,,,,3.1,,,,
002790,2026-12-31,2026-07-28,2026-07-28,3.51,,,,,,17.82,0.63,,,,1.65,,,1361.0,
00279K,2026-12-31,2026-07-28,2026-07-28,,,,,,,,,,,,3.31,,,,
002795,2026-12-31,2026-07-28,2026-07-28,,,,,,,,,,,,3.83,,,,
002030,2026-12-31,2026-07-28,2026-07-28,2.59,,,,,,10.24,0.27,,,,2.92,,,18725.0,
183190,2026-12-31,2026-07-28,2026-07-28,1.54,,,,,,19.18,0.29,,,,2.82,,,463.0,
002310,2026-12-31,2026-07-28,2026-07-28,3.44,,,,,,9.63,0.33,,,,3.42,,,758.0,
012170,2026-12-31,2026-07-28,2026-07-28,0.0,,,,,,,0.96,,,,,,,,
267850,2026-12-31,2026-07-28,2026-07-28,7.25,,,,,,7.92,0.57,,,,5.55,,,1138.0,
020560,2026-12-31,2026-07-28,2026-07-28,0.0,,,,,,,1.9,,,,,,,,
122900,2026-12-31,2026-07-28,2026-07-28,5.66,,,,,,10.8,0.61,,,,6.26,,,666.0,
010780,2026-12-31,2026-07-28,2026-07-28,0.0,,,,,,,0.43,,,,2.78,,,,
031820,2026-12-31,2026-07-28,2026-07-28,23.04,,,,,,1.2,0.28,,,,,,,4360.0,
139990,2026-12-31,2026-07-28,2026-07-28,0.0,,,,,,,0.54,,,,,,,,
009320,2026-12-31,2026-07-28,2026-07-28,13.02,,,,,,11.36,1.48,,,,,,,88.0,
001780,2026-12-31,2026-07-28,2026-07-28,4.75,,,,,,9.75,0.46,,,,,,,160.0,
018250,2026-12-31,2026-07-28,2026-07-28,3.81,,,,,,18.53,0.71,,,,1.79,,,604.0,
161000,2026-12-31,2026-07-28,2026-07-28,0.0,,,,,,,0.55,,,,1.72,,,,
011090,2026-12-31,2026-07-28,2026-07-28,0.0,,,,,,,0.41,,,,,,,,
137310,2026-12-31,2026-07-28,2026-07-28,0.0,,,,,,,0.31,,,,3.27,,,,
005850,2026-12-31,2026-07-28,2026-07-28,12.18,,,,,,7.65,0.93,,,,5.37,,,6749.0,
010580,2026-12-31,2026-07-28,2026-07-28,2.38,,,,,,96.73,2.3,,,,,,,15.0,
012750,2026-12-31,2026-07-28,2026-07-28,10.17,,,,,,13.69,1.39,,,,4.43,,,5281.0,
023960,2026-12-31,2026-07-28,2026-07-28,0.0,,,,,,,0.79,,,,,,,,
298690,2026-12-31,2026-07-28,2026-07-28,0.0,,,,,,,1.08,,,,,,,,
078520,2026-12-31,2026-07-28,2026-07-28,15.88,,,,,,18.36,2.92,,,,4.34,,,548.0,
015260,2026-12-31,2026-07-28,2026-07-28,0.0,,,,,,,0.89,,,,,,,,
007460,2026-12-31,2026-07-28,2026-07-28,0.0,,,,,,,0.28,,,,,,,,
003060,2026-12-31,2026-07-28,2026-07-28,0.0,,,,,,,0.13,,,,,,,,
244920,2026-12-31,2026-07-28,2026-07-28,13.04,,,,,,11.2,1.46,,,,2.74,,,979.0,
278470,2026-12-31,2026-07-28,2026-07-28,65.2,,,,,,42.95,28.0,,,,1.53,,,7765.0,
450080,2026-12-31,2026-07-28,2026-07-28,2.28,,,,,,91.45,2.09,,,,,,,345.0,
019490,2026-12-31,2026-07-28,2026-07-28,0.0,,,,,,,3.34,,,,,,,,
085310,2026-12-31,2026-07-28,2026-07-28,0.0,,,,,,,0.34,,,,1.25,,,,
066970,2026-12-31,2026-07-28,2026-07-28,0.0,,,,,,,4.1,,,,,,,,
097520,2026-12-31,2026-07-28,2026-07-28,13.22,,,,,,5.5,0.73,,,,5.78,,,3145.0,
484870,2026-12-31,2026-07-28,2026-07-28,23.41,,,,,,9.7,2.27,,,,15.46,,,1660.0,
014440,2026-12-31,2026-07-28,2026-07-28,8.8,,,,,,5.18,0.46,,,,7.83,,,863.0,
111770,2026-12-31,2026-07-28,2026-07-28,12.02,,,,,,7.48,0.9,,,,2.43,,,11558.0,
009970,2026-12-31,2026-07-28,2026-07-28,12.19,,,,,,6.34,0.77,,,,3.27,,,31684.0,
003520,2026-12-31,2026-07-28,2026-07-28,0.0,,,,,,,2.36,,,,,,,,
000670,2026-12-31,2026-07-28,2026-07-28,0.0,,,,,,,0.17,,,,0.02,,,,
012280,2026-12-31,2026-07-28,2026-07-28,14.88,,,,,,3.27,0.49,,,,4.38,,,245.0,
012160,2026-12-31,2026-07-28,2026-07-28,0.0,,,,,,,0.24,,,,,,,,
007310,2026-12-31,2026-07-28,2026-07-28,3.36,,,,,,15.58,0.52,,,,2.85,,,20279.0,
002630,2026-12-31,2026-07-28,2026-07-28,0.0,,,,,,,0.75,,,,,,,,
271560,2026-12-31,2026-07-28,2026-07-28,10.05,,,,,,13.42,1.35,,,,2.69,,,9682.0,
001800,2026-12-31,2026-07-28,2026-07-28,4.91,,,,,,12.63,0.62,,,,4.33,,,2011.0,
005320,2026-12-31,2026-07-28,2026-07-28,0.0,,,,,,,0.24,,,,,,,,
011690,2026-12-31,2026-07-28,2026-07-28,0.0,,,,,,,1.08,,,,,,,,
316140,2026-12-31,2026-07-28,2026-07-28,8.26,,,,,,7.84,0.65,,,,4.28,,,4052.0,
006980,2026-12-31,2026-07-28,2026-07-28,6.09,,,,,,3.13,0.19,,,,8.25,,,5039.0,
011300,2026-12-31,2026-07-28,2026-07-28,0.0,,,,,,,1.42,,,,,,,,
017370,2026-12-31,2026-07-28,2026-07-28,8.99,,,,,,3.9,0.35,,,,0.78,,,985.0,
105840,2026-12-31,2026-07-28,2026-07-28,4.48,,,,,,28.37,1.27,,,,2.4,,,441.0,
010400,2026-12-31,2026-07-28,2026-07-28,9.41,,,,,,4.33,0.41,,,,3.08,,,1127.0,
049800,2026-12-31,2026-07-28,2026-07-28,2.08,,,,,,14.99,0.31,,,,2.93,,,114.0,
016880,2026-12-31,2026-07-28,2026-07-28,67.89,,,,,,1.22,0.83,,,,,,,1554.0,
095720,2026-12-31,2026-07-28,2026-07-28,0.0,,,,,,,0.25,,,,14.77,,,,
005820,2026-12-31,2026-07-28,2026-07-28,2.94,,,,,,7.27,0.21,,,,3.49,,,1812.0,
008600,2026-12-31,2026-07-28,2026-07-28,0.0,,,,,,,0.34,,,,,,,,
033270,2026-12-31,2026-07-28,2026-07-28,9.12,,,,,,6.62,0.6,,,,3.53,,,2614.0,
014830,2026-12-31,2026-07-28,2026-07-28,6.03,,,,,,6.07,0.37,,,,3.35,,,9830.0,
446070,2026-12-31,2026-07-28,2026-07-28,0.0,,,,,,,0.17,,,,,,,,
000910,2026-12-31,2026-07-28,2026-07-28,21.66,,,,,,1.79,0.39,,,,4.66,,,1496.0,
047400,2026-12-31,2026-07-28,2026-07-28,12.63,,,,,,15.34,1.94,,,,,,,59.0,
011330,2026-12-31,2026-07-28,2026-07-28,0.0,,,,,,,0.28,,,,,,,,
077500,2026-12-31,2026-07-28,2026-07-28,8.36,,,,,,5.08,0.42,,,,4.12,,,955.0,
002920,2026-12-31,2026-07-28,2026-07-28,0.0,,,,,,,0.17,,,,,,,,
000700,2026-12-31,2026-07-28,2026-07-28,5.01,,,,,,9.33,0.47,,,,5.83,,,643.0,
003470,2026-12-31,2026-07-28,2026-07-28,4.78,,,,,,9.41,0.45,,,,5.28,,,443.0,
003475,2026-12-31,2026-07-28,2026-07-28,,,,,,,,,,,,6.75,,,,
072130,2026-12-31,2026-07-28,2026-07-28,6.89,,,,,,13.09,0.9,,,,2.16,,,353.0,
000220,2026-12-31,2026-07-28,2026-07-28,6.96,,,,,,7.2,0.5,,,,3.25,,,492.0,
000225,2026-12-31,2026-07-28,2026-07-28,,,,,,,,,,,,3.38,,,,
000227,2026-12-31,2026-07-28,2026-07-28,,,,,,,,,,,,1.87,,,,
001200,2026-12-31,2026-07-28,2026-07-28,5.7,,,,,,5.53,0.32,,,,4.63,,,703.0,
000100,2026-12-31,2026-07-28,2026-07-28,8.42,,,,,,27.2,2.29,,,,0.85,,,2599.0,
000105,2026-12-31,2026-07-28,2026-07-28,,,,,,,,,,,,1.0,,,,
003460,2026-12-31,2026-07-28,2026-07-28,2.58,,,,,,13.03,0.34,,,,7.37,,,229.0,
003465,2026-12-31,2026-07-28,2026-07-28,,,,,,,,,,,,7.69,,,,
008730,2026-12-31,2026-07-28,2026-07-28,1.43,,,,,,77.8,1.11,,,,1.91,,,168.0,
008250,2026-12-31,2026-07-28,2026-07-28,0.0,,,,,,,0.16,,,,3.6,,,,
025820,2026-12-31,2026-07-28,2026-07-28,7.51,,,,,,11.31,0.85,,,,2.43,,,327.0,
214320,2026-12-31,2026-07-28,2026-07-28,8.62,,,,,,8.26,0.71,,,,6.2,,,2294.0,
139480,2026-12-31,2026-07-28,2026-07-28,1.24,,,,,,15.6,0.19,,,,3.15,,,5084.0,
457190,2026-12-31,2026-07-28,2026-07-28,0.59,,,,,,2003.85,11.85,,,,,,,26.0,
007660,2026-12-31,2026-07-28,2026-07-28,22.13,,,,,,31.34,6.94,,,,0.32,,,2278.0,
005950,2026-12-31,2026-07-28,2026-07-28,0.0,,,,,,,3.35,,,,,,,,
015020,2026-12-31,2026-07-28,2026-07-28,0.0,,,,,,,0.49,,,,,,,,
074610,2026-12-31,2026-07-28,2026-07-28,5.75,,,,,,46.04,2.64,,,,,,,111.0,
102460,2026-12-31,2026-07-28,2026-07-28,0.0,,,,,,,0.82,,,,,,,,
084680,2026-12-31,2026-07-28,2026-07-28,0.0,,,,,,,0.36,,,,,,,,
000760,2026-12-31,2026-07-28,2026-07-28,0.0,,,,,,,0.25,,,,,,,,
014990,2026-12-31,2026-07-28,2026-07-28,0.0,,,,,,,0.72,,,,,,,,
101140,2026-12-31,2026-07-28,2026-07-28,0.0,,,,,,,0.33,,,,,,,,
023800,2026-12-31,2026-07-28,2026-07-28,7.13,,,,,,4.97,0.35,,,,5.21,,,1043.0,
034590,2026-12-31,2026-07-28,2026-07-28,8.05,,,,,,5.61,0.45,,,,5.27,,,4650.0,
129260,2026-12-31,2026-07-28,2026-07-28,3.35,,,,,,5.4,0.18,,,,5.32,,,348.0,
023810,2026-12-31,2026-07-28,2026-07-28,9.04,,,,,,3.97,0.36,,,,3.79,,,1196.0,
249420,2026-12-31,2026-07-28,2026-07-28,12.04,,,,,,13.98,1.68,,,,1.52,,,942.0,
000230,2026-12-31,2026-07-28,2026-07-28,6.61,,,,,,6.17,0.41,,,,1.68,,,967.0,
013360,2026-12-31,2026-07-28,2026-07-28,3.77,,,,,,25.1,0.95,,,,,,,51.0,
003120,2026-12-31,2026-07-28,2026-07-28,0.32,,,,,,122.94,0.39,,,,5.74,,,170.0,
003200,2026-12-31,2026-07-28,2026-07-28,3.65,,,,,,6.35,0.23,,,,4.05,,,1555.0,
007110,2026-12-31,2026-07-28,2026-07-28,0.0,,,,,,,0.99,,,,,,,,
007570,2026-12-31,2026-07-28,2026-07-28,2.9,,,,,,22.05,0.64,,,,1.87,,,375.0,
007575,2026-12-31,2026-07-28,2026-07-28,,,,,,,,,,,,2.52,,,,
081000,2026-12-31,2026-07-28,2026-07-28,1.66,,,,,,17.08,0.28,,,,3.64,,,483.0,
020760,2026-12-31,2026-07-28,2026-07-28,0.0,,,,,,,1.63,,,,,,,,
103590,2026-12-31,2026-07-28,2026-07-28,17.65,,,,,,25.24,4.45,,,,0.91,,,2179.0,
271940,2026-12-31,2026-07-28,2026-07-28,0.0,,,,,,,1.14,,,,,,,,
015860,2026-12-31,2026-07-28,2026-07-28,6.69,,,,,,7.03,0.47,,,,3.72,,,765.0,
226320,2026-12-31,2026-07-28,2026-07-28,4.29,,,,,,9.61,0.41,,,,3.02,,,949.0,
317400,2026-12-31,2026-07-28,2026-07-28,7.57,,,,,,6.64,0.5,,,,2.53,,,895.0,
033240,2026-12-31,2026-07-28,2026-07-28,10.54,,,,,,9.39,0.99,,,,,,,2284.0,
000950,2026-12-31,2026-07-28,2026-07-28,13.1,,,,,,1.05,0.14,,,,3.65,,,26160.0,
079900,2026-12-31,2026-07-28,2026-07-28,20.3,,,,,,13.47,2.73,,,,4.75,,,2172.0,
194370,2026-12-31,2026-07-28,2026-07-28,14.81,,,,,,4.45,0.66,,,,5.0,,,2692.0,
030000,2026-12-31,2026-07-28,2026-07-28,13.2,,,,,,9.18,1.21,,,,6.54,,,2049.0,
271980,2026-12-31,2026-07-28,2026-07-28,11.08,,,,,,5.93,0.66,,,,,,,1605.0,
001560,2026-12-31,2026-07-28,2026-07-28,12.47,,,,,,4.15,0.52,,,,8.51,,,2042.0,
002620,2026-12-31,2026-07-28,2026-07-28,4.59,,,,,,7.27,0.33,,,,1.01,,,953.0,
006220,2026-12-31,2026-07-28,2026-07-28,1.32,,,,,,40.04,0.53,,,,1.1,,,226.0,
089590,2026-12-31,2026-07-28,2026-07-28,0.0,,,,,,,1.21,,,,,,,,
004910,2026-12-31,2026-07-28,2026-07-28,0.0,,,,,,,0.16,,,,5.91,,,,
004700,2026-12-31,2026-07-28,2026-07-28,2.0,,,,,,19.77,0.39,,,,,,,3248.0,
001550,2026-12-31,2026-07-28,2026-07-28,3.61,,,,,,25.16,0.91,,,,,,,380.0,
462520,2026-12-31,2026-07-28,2026-07-28,1.01,,,,,,73.51,0.74,,,,7.24,,,188.0,
120030,2026-12-31,2026-07-28,2026-07-28,5.66,,,,,,8.25,0.47,,,,0.61,,,9974.0,
018470,2026-12-31,2026-07-28,2026-07-28,3.81,,,,,,15.71,0.6,,,,,,,63.0,
002600,2026-12-31,2026-07-28,2026-07-28,5.34,,,,,,10.1,0.54,,,,4.41,,,13470.0,
185750,2026-12-31,2026-07-28,2026-07-28,7.72,,,,,,11.48,0.89,,,,0.74,,,5882.0,
063160,2026-12-31,2026-07-28,2026-07-28,0.0,,,,,,,0.56,,,,,,,,
001630,2026-12-31,2026-07-28,2026-07-28,6.35,,,,,,4.5,0.29,,,,3.66,,,8493.0,
109070,2026-12-31,2026-07-28,2026-07-28,7.12,,,,,,34.15,2.43,,,,,,,39.0,
044380,2026-12-31,2026-07-28,2026-07-28,0.0,,,,,,,0.29,,,,,,,,
013890,2026-12-31,2026-07-28,2026-07-28,0.0,,,,,,,0.3,,,,1.02,,,,
013870,2026-12-31,2026-07-28,2026-07-28,5.01,,,,,,4.86,0.24,,,,6.75,,,762.0,
071320,2026-12-31,2026-07-28,2026-07-28,14.14,,,,,,2.2,0.31,,,,9.96,,,28102.0,
088790,2026-12-31,2026-07-28,2026-07-28,3.69,,,,,,7.06,0.26,,,,6.44,,,330.0,
003780,2026-12-31,2026-07-28,2026-07-28,10.34,,,,,,7.43,0.77,,,,9.02,,,534.0,
010640,2026-12-31,2026-07-28,2026-07-28,5.11,,,,,,12.03,0.61,,,,9.04,,,138.0,
100250,2026-12-31,2026-07-28,2026-07-28,4.83,,,,,,9.28,0.45,,,,6.88,,,313.0,
051630,2026-12-31,2026-07-28,2026-07-28,2.24,,,,,,23.64,0.53,,,,,,,42.0,
272450,2026-12-31,2026-07-28,2026-07-28,0.0,,,,,,,1.15,,,,,,,,
011000,2026-12-31,2026-07-28,2026-07-28,0.0,,,,,,,1.11,,,,,,,,
002780,2026-12-31,2026-07-28,2026-07-28,0.0,,,,,,,0.45,,,,,,,,
002787,2026-12-31,2026-07-28,2026-07-28,,,,,,,,,,,,,,,,
002785,2026-12-31,2026-07-28,2026-07-28,,,,,,,,,,,,,,,,
025620,2026-12-31,2026-07-28,2026-07-28,4.36,,,,,,22.54,0.98,,,,,,,181.0,
009310,2026-12-31,2026-07-28,2026-07-28,0.0,,,,,,,0.28,,,,,,,,
000650,2026-12-31,2026-07-28,2026-07-28,0.0,,,,,,,20.15,,,,,,,,
033250,2026-12-31,2026-07-28,2026-07-28,13.89,,,,,,3.94,0.55,,,,,,,985.0,
035720,2026-12-31,2026-07-28,2026-07-28,4.36,,,,,,31.89,1.39,,,,0.21,,,1118.0,
323410,2026-12-31,2026-07-28,2026-07-28,7.12,,,,,,21.13,1.5,,,,2.16,,,1008.0,
377300,2026-12-31,2026-07-28,2026-07-28,2.38,,,,,,125.22,2.98,,,,,,,335.0,
006380,2026-12-31,2026-07-28,2026-07-28,0.0,,,,,,,8.06,,,,,,,,
279570,2026-12-31,2026-07-28,2026-07-28,5.09,,,,,,19.66,1.0,,,,,,,294.0,
001620,2026-12-31,2026-07-28,2026-07-28,11.96,,,,,,1.47,0.18,,,,,,,1415.0,
029460,2026-12-31,2026-07-28,2026-07-28,5.11,,,,,,7.2,0.37,,,,1.51,,,3947.0,
281820,2026-12-31,2026-07-28,2026-07-28,9.99,,,,,,24.27,2.43,,,,0.69,,,2686.0,
381970,2026-12-31,2026-07-28,2026-07-28,22.89,,,,,,6.85,1.57,,,,16.69,,,1050.0,
007815,2026-12-31,2026-07-28,2026-07-28,,,,,,,,,,,,0.84,,,,
007810,2026-12-31,2026-07-28,2026-07-28,10.74,,,,,,27.4,2.94,,,,0.21,,,1726.0,
00781K,2026-12-31,2026-07-28,2026-07-28,,,,,,,,,,,,0.95,,,,
003690,2026-12-31,2026-07-28,2026-07-28,7.61,,,,,,8.57,0.65,,,,4.19,,,1587.0,
192820,2026-12-31,2026-07-28,2026-07-28,22.05,,,,,,17.02,3.75,,,,1.79,,,10847.0,
044820,2026-12-31,2026-07-28,2026-07-28,10.6,,,,,,6.42,0.68,,,,3.97,,,3056.0,
005070,2026-12-31,2026-07-28,2026-07-28,0.0,,,,,,,2.05,,,,,,,,
005420,2026-12-31,2026-07-28,2026-07-28,0.0,,,,,,,1.48,,,,,,,,
071950,2026-12-31,2026-07-28,2026-07-28,0.0,,,,,,,0.52,,,,,,,,
002020,2026-12-31,2026-07-28,2026-07-28,0.0,,,,,,,0.18,,,,2.37,,,,
003070,2026-12-31,2026-07-28,2026-07-28,0.0,,,,,,,0.32,,,,4.59,,,,
003075,2026-12-31,2026-07-28,2026-07-28,,,,,,,,,,,,3.71,,,,
002025,2026-12-31,2026-07-28,2026-07-28,,,,,,,,,,,,4.76,,,,
120110,2026-12-31,2026-07-28,2026-07-28,0.17,,,,,,222.67,0.39,,,,2.59,,,225.0,
120115,2026-12-31,2026-07-28,2026-07-28,,,,,,,,,,,,5.77,,,,
021240,2026-12-31,2026-07-28,2026-07-28,16.9,,,,,,10.57,1.79,,,,2.15,,,8630.0,
036420,2026-12-31,2026-07-28,2026-07-28,0.0,,,,,,,0.19,,,,,,,,
024720,2026-12-31,2026-07-28,2026-07-28,3.81,,,,,,12.47,0.48,,,,3.17,,,683.0,
192400,2026-12-31,2026-07-28,2026-07-28,11.02,,,,,,5.53,0.61,,,,5.98,,,4685.0,
284740,2026-12-31,2026-07-28,2026-07-28,11.02,,,,,,4.01,0.44,,,,5.62,,,5330.0,
264900,2026-12-31,2026-07-28,2026-07-28,5.42,,,,,,8.23,0.45,,,,3.53,,,964.0,
26490K,2026-12-31,2026-07-28,2026-07-28,,,,,,,,,,,,3.91,,,,
005740,2026-12-31,2026-07-28,2026-07-28,5.2,,,,,,4.5,0.23,,,,2.36,,,1224.0,
005745,2026-12-31,2026-07-28,2026-07-28,,,,,,,,,,,,2.62,,,,
259960,2026-12-31,2026-07-28,2026-07-28,10.43,,,,,,14.83,1.55,,,,0.92,,,16454.0,
020120,2026-12-31,2026-07-28,2026-07-28,3.26,,,,,,19.16,0.63,,,,,,,179.0,
039490,2026-12-31,2026-07-28,2026-07-28,17.47,,,,,,6.13,1.07,,,,4.23,,,44379.0,
014580,2026-12-31,2026-07-28,2026-07-28,10.14,,,,,,4.55,0.46,,,,3.81,,,866.0,
015890,2026-12-31,2026-07-28,2026-07-28,7.62,,,,,,5.69,0.43,,,,5.48,,,801.0,
006890,2026-12-31,2026-07-28,2026-07-28,5.18,,,,,,6.88,0.36,,,,3.4,,,770.0,
003240,2026-12-31,2026-07-28,2026-07-28,2.06,,,,,,8.78,0.18,,,,0.21,,,96033.0,
011280,2026-12-31,2026-07-28,2026-07-28,0.0,,,,,,,0.36,,,,,,,,
004100,2026-12-31,2026-07-28,2026-07-28,2.25,,,,,,24.1,0.54,,,,0.44,,,94.0,
004105,2026-12-31,2026-07-28,2026-07-28,,,,,,,,,,,,0.54,,,,
009410,2026-12-31,2026-07-28,2026-07-28,9.38,,,,,,8.51,0.8,,,,,,,191.0,
009415,2026-12-31,2026-07-28,2026-07-28,,,,,,,,,,,,,,,,
001420,2026-12-31,2026-07-28,2026-07-28,0.0,,,,,,,0.47,,,,7.53,,,,
055490,2026-12-31,2026-07-28,2026-07-28,1.3,,,,,,27.19,0.35,,,,1.74,,,423.0,
078000,2026-12-31,2026-07-28,2026-07-28,5.49,,,,,,10.5,0.58,,,,5.1,,,1195.0,
214420,2026-12-31,2026-07-28,2026-07-28,9.44,,,,,,10.27,0.97,,,,1.04,,,466.0,
091810,2026-12-31,2026-07-28,2026-07-28,0.0,,,,,,,3.74,,,,,,,,
019180,2026-12-31,2026-07-28,2026-07-28,30.56,,,,,,1.44,0.44,,,,2.18,,,3815.0,
217590,2026-12-31,2026-07-28,2026-07-28,0.0,,,,,,,2.35,,,,0.46,,,,
363280,2026-12-31,2026-07-28,2026-07-28,0.0,,,,,,,0.08,,,,,,,,
36328K,2026-12-31,2026-07-28,2026-07-28,,,,,,,,,,,,,,,,
004870,2026-12-31,2026-07-28,2026-07-28,0.0,,,,,,,0.2,,,,,,,,
034230,2026-12-31,2026-07-28,2026-07-28,5.52,,,,,,9.12,0.5,,,,1.51,,,1087.0,
005690,2026-12-31,2026-07-28,2026-07-28,32.51,,,,,,14.56,4.73,,,,0.51,,,671.0,
036580,2026-12-31,2026-07-28,2026-07-28,19.76,,,,,,2.07,0.41,,,,2.06,,,1169.0,
004720,2026-12-31,2026-07-28,2026-07-28,0.0,,,,,,,0.49,,,,,,,,
028670,2026-12-31,2026-07-28,2026-07-28,5.27,,,,,,8.97,0.47,,,,2.96,,,564.0,
010820,2026-12-31,2026-07-28,2026-07-28,17.92,,,,,,16.73,3.0,,,,,,,303.0,
016800,2026-12-31,2026-07-28,2026-07-28,5.95,,,,,,6.51,0.39,,,,3.86,,,3976.0,
001020,2026-12-31,2026-07-28,2026-07-28,0.0,,,,,,,0.25,,,,,,,,
090080,2026-12-31,2026-07-28,2026-07-28,25.27,,,,,,3.43,0.87,,,,,,,286.0,
010770,2026-12-31,2026-07-28,2026-07-28,27.26,,,,,,1.58,0.43,,,,3.92,,,2414.0,
022100,2026-12-31,2026-07-28,2026-07-28,9.14,,,,,,52.54,4.8,,,,0.69,,,343.0,
058430,2026-12-31,2026-07-28,2026-07-28,4.45,,,,,,14.28,0.64,,,,2.68,,,285.0,
047050,2026-12-31,2026-07-28,2026-07-28,9.15,,,,,,13.99,1.28,,,,3.67,,,3603.0,
003670,2026-12-31,2026-07-28,2026-07-28,0.11,,,,,,2605.88,2.91,,,,0.19,,,51.0,
017810,2026-12-31,2026-07-28,2026-07-28,1.0,,,,,,104.52,1.04,,,,1.16,,,84.0,
103140,2026-12-31,2026-07-28,2026-07-28,6.4,,,,,,11.15,0.71,,,,2.83,,,5388.0,
005810,2026-12-31,2026-07-28,2026-07-28,6.36,,,,,,6.18,0.39,,,,4.8,,,5389.0,
006490,2026-12-31,2026-07-28,2026-07-28,0.0,,,,,,,1.61,,,,,,,,
009810,2026-12-31,2026-07-28,2026-07-28,0.0,,,,,,,0.4,,,,,,,,
086790,2026-12-31,2026-07-28,2026-07-28,8.47,,,,,,8.81,0.75,,,,3.34,,,13954.0,
293480,2026-12-31,2026-07-28,2026-07-28,2.85,,,,,,16.43,0.47,,,,3.12,,,507.0,
039130,2026-12-31,2026-07-28,2026-07-28,21.03,,,,,,14.5,3.05,,,,4.01,,,2062.0,
352820,2026-12-31,2026-07-28,2026-07-28,0.0,,,,,,,2.46,,,,0.26,,,,
071090,2026-12-31,2026-07-28,2026-07-28,0.0,,,,,,,0.39,,,,,,,,
000080,2026-12-31,2026-07-28,2026-07-28,3.71,,,,,,25.55,0.95,,,,4.6,,,596.0,
000087,2026-12-31,2026-07-28,2026-07-28,,,,,,,,,,,,6.15,,,,
000140,2026-12-31,2026-07-28,2026-07-28,0.0,,,,,,,0.32,,,,4.35,,,,
000145,2026-12-31,2026-07-28,2026-07-28,,,,,,,,,,,,4.25,,,,
036460,2026-12-31,2026-07-28,2026-07-28,1.18,,,,,,23.27,0.28,,,,3.39,,,1463.0,
005430,2026-12-31,2026-07-28,2026-07-28,10.01,,,,,,6.0,0.6,,,,1.26,,,13258.0,
071050,2026-12-31,2026-07-28,2026-07-28,16.82,,,,,,5.6,0.94,,,,4.49,,,34592.0,
071055,2026-12-31,2026-07-28,2026-07-28,,,,,,,,,,,,6.43,,,,
010040,2026-12-31,2026-07-28,2026-07-28,0.0,,,,,,,0.34,,,,,,,,
025540,2026-12-31,2026-07-28,2026-07-28,9.08,,,,,,5.75,0.52,,,,5.33,,,10428.0,
010100,2026-12-31,2026-07-28,2026-07-28,5.2,,,,,,4.97,0.26,,,,2.94,,,685.0,
004090,2026-12-31,2026-07-28,2026-07-28,2.55,,,,,,24.88,0.63,,,,1.17,,,412.0,
002200,2026-12-31,2026-07-28,2026-07-28,0.0,,,,,,,0.29,,,,3.49,,,,
002960,2026-12-31,2026-07-28,2026-07-28,34.36,,,,,,13.53,4.65,,,,7.17,,,37098.0,
000240,2026-12-31,2026-07-28,2026-07-28,7.26,,,,,,6.81,0.49,,,,4.41,,,3666.0,
123890,2026-12-31,2026-07-28,2026-07-28,4.56,,,,,,5.45,0.25,,,,6.82,,,404.0,
015760,2026-12-31,2026-07-28,2026-07-28,17.74,,,,,,2.53,0.45,,,,4.58,,,13311.0,
006200,2026-12-31,2026-07-28,2026-07-28,0.0,,,,,,,0.13,,,,4.68,,,,
027970,2026-12-31,2026-07-28,2026-07-28,0.0,,,,,,,0.25,,,,,,,,
023350,2026-12-31,2026-07-28,2026-07-28,5.01,,,,,,4.81,0.24,,,,3.8,,,821.0,
025890,2026-12-31,2026-07-28,2026-07-28,0.0,,,,,,,0.74,,,,,,,,
000970,2026-12-31,2026-07-28,2026-07-28,4.69,,,,,,8.42,0.39,,,,6.02,,,789.0,
104700,2026-12-31,2026-07-28,2026-07-28,0.0,,,,,,,0.4,,,,7.88,,,,
017960,2026-12-31,2026-07-28,2026-07-28,17.74,,,,,,9.89,1.75,,,,1.58,,,2043.0,
161890,2026-12-31,2026-07-28,2026-07-28,13.74,,,,,,18.66,2.56,,,,0.87,,,5299.0,
161390,2026-12-31,2026-07-28,2026-07-28,9.0,,,,,,7.47,0.67,,,,3.45,,,8931.0,
034830,2026-12-31,2026-07-28,2026-07-28,2.04,,,,,,11.42,0.23,,,,6.32,,,97.0,
007280,2026-12-31,2026-07-28,2026-07-28,1.39,,,,,,17.52,0.24,,,,21.95,,,104.0,
047810,2026-12-31,2026-07-28,2026-07-28,10.16,,,,,,74.99,7.62,,,,0.35,,,1907.0,
123690,2026-12-31,2026-07-28,2026-07-28,3.35,,,,,,82.43,2.76,,,,,,,70.0,
003350,2026-12-31,2026-07-28,2026-07-28,26.14,,,,,,5.25,1.37,,,,0.76,,,1510.0,
011500,2026-12-31,2026-07-28,2026-07-28,2.27,,,,,,44.03,1.0,,,,0.36,,,253.0,
002390,2026-12-31,2026-07-28,2026-07-28,0.0,,,,,,,0.41,,,,2.29,,,,
053690,2026-12-31,2026-07-28,2026-07-28,8.51,,,,,,8.46,0.72,,,,2.59,,,1826.0,
042700,2026-12-31,2026-07-28,2026-07-28,31.0,,,,,,79.57,24.66,,,,0.45,,,2256.0,
008930,2026-12-31,2026-07-28,2026-07-28,12.31,,,,,,19.42,2.39,,,,0.88,,,1748.0,
128940,2026-12-31,2026-07-28,2026-07-28,13.57,,,,,,28.01,3.8,,,,0.53,,,13372.0,
009240,2026-12-31,2026-07-28,2026-07-28,11.66,,,,,,13.57,1.58,,,,,,,2808.0,
020000,2026-12-31,2026-07-28,2026-07-28,3.22,,,,,,9.21,0.3,,,,3.78,,,2153.0,
003680,2026-12-31,2026-07-28,2026-07-28,0.25,,,,,,217.33,0.55,,,,,,,30.0,
105630,2026-12-31,2026-07-28,2026-07-28,7.79,,,,,,6.23,0.49,,,,6.62,,,1454.0,
069640,2026-12-31,2026-07-28,2026-07-28,0.0,,,,,,,1.14,,,,,,,,
016450,2026-12-31,2026-07-28,2026-07-28,0.0,,,,,,,0.37,,,,11.63,,,,
009180,2026-12-31,2026-07-28,2026-07-28,11.04,,,,,,4.78,0.53,,,,7.43,,,563.0,
213500,2026-12-31,2026-07-28,2026-07-28,0.56,,,,,,40.98,0.23,,,,7.49,,,163.0,
014680,2026-12-31,2026-07-28,2026-07-28,13.51,,,,,,14.8,2.0,,,,1.31,,,13428.0,
004710,2026-12-31,2026-07-28,2026-07-28,0.0,,,,,,,0.7,,,,1.57,,,,
004150,2026-12-31,2026-07-28,2026-07-28,0.0,,,,,,,0.22,,,,4.36,,,,
025750,2026-12-31,2026-07-28,2026-07-28,0.0,,,,,,,0.3,,,,,,,,
004960,2026-12-31,2026-07-28,2026-07-28,7.16,,,,,,1.85,0.13,,,,1.57,,,5174.0,
011700,2026-12-31,2026-07-28,2026-07-28,0.0,,,,,,,0.79,,,,0.93,,,,
001750,2026-12-31,2026-07-28,2026-07-28,9.95,,,,,,4.32,0.43,,,,8.44,,,4383.0,
001755,2026-12-31,2026-07-28,2026-07-28,,,,,,,,,,,,8.58,,,,
018880,2026-12-31,2026-07-28,2026-07-28,0.0,,,,,,,0.91,,,,,,,,
009420,2026-12-31,2026-07-28,2026-07-28,0.0,,,,,,,14.2,,,,,,,,
014130,2026-12-31,2026-07-28,2026-07-28,0.0,,,,,,,0.35,,,,,,,,
300720,2026-12-31,2026-07-28,2026-07-28,4.18,,,,,,13.08,0.55,,,,7.2,,,1061.0,
002220,2026-12-31,2026-07-28,2026-07-28,0.0,,,,,,,0.39,,,,1.14,,,,
003300,2026-12-31,2026-07-28,2026-07-28,1.88,,,,,,16.89,0.32,,,,5.78,,,1024.0,
051600,2026-12-31,2026-07-28,2026-07-28,9.23,,,,,,16.03,1.48,,,,3.73,,,2761.0,
052690,2026-12-31,2026-07-28,2026-07-28,13.66,,,,,,39.57,5.41,,,,1.52,,,2244.0,
130660,2026-12-31,2026-07-28,2026-07-28,3.95,,,,,,80.0,3.16,,,,3.77,,,125.0,
002320,2026-12-31,2026-07-28,2026-07-28,0.0,,,,,,,0.15,,,,4.09,,,,
003480,2026-12-31,2026-07-28,2026-07-28,13.29,,,,,,1.96,0.26,,,,2.7,,,2265.0,
180640,2026-12-31,2026-07-28,2026-07-28,4.66,,,,,,47.12,2.19,,,,0.33,,,2313.0,
18064K,2026-12-31,2026-07-28,2026-07-28,,,,,,,,,,,,1.43,,,,
005110,2026-12-31,2026-07-28,2026-07-28,384.74,,,,,,0.4,1.53,,,,,,,3151.0,
009460,2026-12-31,2026-07-28,2026-07-28,0.0,,,,,,,0.43,,,,,,,,
372910,2026-12-31,2026-07-28,2026-07-28,0.0,,,,,,,0.37,,,,,,,,
000880,2026-12-31,2026-07-28,2026-07-28,3.06,,,,,,21.32,0.65,,,,1.27,,,4072.0,
00088K,2026-12-31,2026-07-28,2026-07-28,,,,,,,,,,,,3.77,,,,
452260,2026-12-31,2026-07-28,2026-07-28,0.41,,,,,,104.94,0.43,,,,,,,17.0,
45226K,2026-12-31,2026-07-28,2026-07-28,,,,,,,,,,,,,,,,
489790,2026-12-31,2026-07-28,2026-07-28,5.25,,,,,,41.08,2.16,,,,,,,902.0,
088350,2026-12-31,2026-07-28,2026-07-28,3.75,,,,,,6.2,0.23,,,,,,,693.0,
000370,2026-12-31,2026-07-28,2026-07-28,10.69,,,,,,2.98,0.32,,,,,,,1858.0,
009830,2026-12-31,2026-07-28,2026-07-28,0.0,,,,,,,0.48,,,,,,,,
009835,2026-12-31,2026-07-28,2026-07-28,,,,,,,,,,,,,,,,
272210,2026-12-31,2026-07-28,2026-07-28,4.97,,,,,,47.44,2.36,,,,0.82,,,1290.0,
012450,2026-12-31,2026-07-28,2026-07-28,15.16,,,,,,30.67,4.65,,,,0.8,,,28530.0,
082740,2026-12-31,2026-07-28,2026-07-28,31.07,,,,,,20.64,6.41,,,,,,,2071.0,
042660,2026-12-31,2026-07-28,2026-07-28,19.9,,,,,,20.21,4.02,,,,,,,4007.0,
003530,2026-12-31,2026-07-28,2026-07-28,4.92,,,,,,8.42,0.41,,,,,,,467.0,
003535,2026-12-31,2026-07-28,2026-07-28,,,,,,,,,,,,,,,,
195870,2026-12-31,2026-07-28,2026-07-28,4.22,,,,,,32.91,1.39,,,,1.95,,,1401.0,
101530,2026-12-31,2026-07-28,2026-07-28,7.54,,,,,,6.32,0.48,,,,4.5,,,878.0,
143210,2026-12-31,2026-07-28,2026-07-28,0.0,,,,,,,0.28,,,,,,,,
000720,2026-12-31,2026-07-28,2026-07-28,4.51,,,,,,28.41,1.28,,,,0.85,,,3319.0,
000725,2026-12-31,2026-07-28,2026-07-28,,,,,,,,,,,,1.83,,,,
453340,2026-12-31,2026-07-28,2026-07-28,11.83,,,,,,6.95,0.82,,,,3.67,,,2654.0,
086280,2026-12-31,2026-07-28,2026-07-28,16.75,,,,,,8.25,1.38,,,,3.04,,,23117.0,
064350,2026-12-31,2026-07-28,2026-07-28,25.01,,,,,,17.38,4.35,,,,0.49,,,7055.0,
079430,2026-12-31,2026-07-28,2026-07-28,1.77,,,,,,14.92,0.26,,,,2.37,,,368.0,
012330,2026-12-31,2026-07-28,2026-07-28,7.41,,,,,,10.77,0.8,,,,1.48,,,40861.0,
069960,2026-12-31,2026-07-28,2026-07-28,4.54,,,,,,13.31,0.6,,,,1.69,,,9572.0,
004560,2026-12-31,2026-07-28,2026-07-28,2.85,,,,,,10.89,0.31,,,,2.35,,,976.0,
004310,2026-12-31,2026-07-28,2026-07-28,3.06,,,,,,55.1,1.68,,,,0.57,,,96.0,
017800,2026-12-31,2026-07-28,2026-07-28,19.38,,,,,,9.37,1.82,,,,20.6,,,7258.0,
307950,2026-12-31,2026-07-28,2026-07-28,9.88,,,,,,51.32,5.07,,,,0.56,,,6654.0,
011210,2026-12-31,2026-07-28,2026-07-28,2.74,,,,,,14.34,0.39,,,,2.25,,,3716.0,
004020,2026-12-31,2026-07-28,2026-07-28,0.0,,,,,,,0.18,,,,1.94,,,,
005440,2026-12-31,2026-07-28,2026-07-28,10.3,,,,,,4.43,0.46,,,,2.56,,,2643.0,
005380,2026-12-31,2026-07-28,2026-07-28,8.21,,,,,,10.09,0.83,,,,2.75,,,36088.0,
005387,2026-12-31,2026-07-28,2026-07-28,,,,,,,,,,,,5.54,,,,
005389,2026-12-31,2026-07-28,2026-07-28,,,,,,,,,,,,5.6,,,,
005385,2026-12-31,2026-07-28,2026-07-28,,,,,,,,,,,,5.53,,,,
001500,2026-12-31,2026-07-28,2026-07-28,4.32,,,,,,7.23,0.31,,,,5.07,,,1009.0,
011760,2026-12-31,2026-07-28,2026-07-28,12.53,,,,,,3.07,0.38,,,,3.16,,,7226.0,
227840,2026-12-31,2026-07-28,2026-07-28,11.45,,,,,,2.89,0.33,,,,4.17,,,4155.0,
126560,2026-12-31,2026-07-28,2026-07-28,1.04,,,,,,42.03,0.44,,,,5.17,,,69.0,
001450,2026-12-31,2026-07-28,2026-07-28,19.77,,,,,,2.96,0.58,,,,,,,13006.0,
093240,2026-12-31,2026-07-28,2026-07-28,0.0,,,,,,,0.2,,,,,,,,
003010,2026-12-31,2026-07-28,2026-07-28,10.61,,,,,,3.07,0.33,,,,4.71,,,1382.0,
111110,2026-12-31,2026-07-28,2026-07-28,6.62,,,,,,4.66,0.31,,,,6.06,,,1416.0,
008770,2026-12-31,2026-07-28,2026-07-28,0.0,,,,,,,1.59,,,,,,,,
008775,2026-12-31,2026-07-28,2026-07-28,,,,,,,,,,,,,,,,
378850,2026-12-31,2026-07-28,2026-07-28,10.92,,,,,,2.85,0.31,,,,2.74,,,960.0,
241590,2026-12-31,2026-07-28,2026-07-28,0.0,,,,,,,0.41,,,,1.62,,,,
006060,2026-12-31,2026-07-28,2026-07-28,5.67,,,,,,6.11,0.35,,,,8.53,,,395.0,
013520,2026-12-31,2026-07-28,2026-07-28,27.83,,,,,,1.44,0.4,,,,3.09,,,1681.0,
010690,2026-12-31,2026-07-28,2026-07-28,11.68,,,,,,3.71,0.43,,,,2.38,,,1920.0,
133820,2026-12-31,2026-07-28,2026-07-28,0.0,,,,,,,0.75,,,,,,,,
010660,2026-12-31,2026-07-28,2026-07-28,1.95,,,,,,20.52,0.4,,,,0.77,,,126.0,
000850,2026-12-31,2026-07-28,2026-07-28,3.35,,,,,,5.96,0.2,,,,4.21,,,5173.0,
016580,2026-12-31,2026-07-28,2026-07-28,3.76,,,,,,11.4,0.43,,,,3.07,,,857.0,
032560,2026-12-31,2026-07-28,2026-07-28,4.68,,,,,,4.91,0.23,,,,2.88,,,1061.0,
004800,2026-12-31,2026-07-28,2026-07-28,13.5,,,,,,7.06,0.95,,,,3.59,,,19734.0,
094280,2026-12-31,2026-07-28,2026-07-28,20.59,,,,,,9.12,1.88,,,,6.33,,,1299.0,
298040,2026-12-31,2026-07-28,2026-07-28,22.11,,,,,,41.62,9.2,,,,0.32,,,55832.0,
298020,2026-12-31,2026-07-28,2026-07-28,0.69,,,,,,124.16,0.86,,,,3.23,,,2517.0,
298000,2026-12-31,2026-07-28,2026-07-28,82.06,,,,,,0.75,0.61,,,,,,,80426.0,
093370,2026-12-31,2026-07-28,2026-07-28,1.6,,,,,,162.0,2.6,,,,,,,50.0,
005870,2026-12-31,2026-07-28,2026-07-28,0.0,,,,,,,0.33,,,,,,,,
079980,2026-12-31,2026-07-28,2026-07-28,0.94,,,,,,27.14,0.26,,,,,,,71.0,
005010,2026-12-31,2026-07-28,2026-07-28,0.0,,,,,,,0.19,,,,,,,,
000540,2026-12-31,2026-07-28,2026-07-28,15.51,,,,,,1.54,0.24,,,,,,,1992.0,
000545,2026-12-31,2026-07-28,2026-07-28,,,,,,,,,,,,,,,,
003280,2026-12-31,2026-07-28,2026-07-28,11.96,,,,,,12.47,1.49,,,,,,,127.0,
060310,2026-12-31,2026-07-28,2026-07-28,0.0,,,,,,,1.04,,,,,,,,
054620,2026-12-31,2026-07-28,2026-07-28,0.0,,,,,,,0.35,,,,,,,,
079810,2026-12-31,2026-07-28,2026-07-28,0.05,,,,,,665.0,0.34,,,,,,,4.0,
265520,2026-12-31,2026-07-28,2026-07-28,6.46,,,,,,11.04,0.71,,,,1.92,,,1605.0,
211270,2026-12-31,2026-07-28,2026-07-28,0.0,,,,,,,0.93,,,,,,,,
126600,2026-12-31,2026-07-28,2026-07-28,3.41,,,,,,11.97,0.41,,,,1.85,,,226.0,
083790,2026-12-31,2026-07-28,2026-07-28,0.0,,,,,,,0.68,,,,,,,,
035760,2026-12-31,2026-07-28,2026-07-28,1.06,,,,,,21.55,0.23,,,,,,,1422.0,
311690,2026-12-31,2026-07-28,2026-07-28,0.0,,,,,,,0.83,,,,,,,,
051500,2026-12-31,2026-07-28,2026-07-28,10.33,,,,,,5.54,0.57,,,,2.28,,,3961.0,
058820,2026-12-31,2026-07-28,2026-07-28,0.0,,,,,,,0.54,,,,,,,,
056730,2026-12-31,2026-07-28,2026-07-28,0.0,,,,,,,0.35,,,,,,,,
065770,2026-12-31,2026-07-28,2026-07-28,0.0,,,,,,,0.8,,,,,,,,
083660,2026-12-31,2026-07-28,2026-07-28,0.0,,,,,,,1.0,,,,,,,,
477760,2026-12-31,2026-07-28,2026-07-28,,,,,,,,,,,,,,,,
099520,2026-12-31,2026-07-28,2026-07-28,0.0,,,,,,,2.52,,,,,,,,
290120,2026-12-31,2026-07-28,2026-07-28,14.14,,,,,,2.66,0.38,,,,4.24,,,888.0,
025440,2026-12-31,2026-07-28,2026-07-28,0.0,,,,,,,0.63,,,,,,,,
068790,2026-12-31,2026-07-28,2026-07-28,30.73,,,,,,1.25,0.38,,,,3.39,,,5910.0,
241520,2026-12-31,2026-07-28,2026-07-28,13.73,,,,,,10.58,1.45,,,,0.56,,,669.0,
180400,2026-12-31,2026-07-28,2026-07-28,0.0,,,,,,,2.26,,,,,,,,
418620,2026-12-31,2026-07-28,2026-07-28,0.0,,,,,,,0.97,,,,,,,,
245620,2026-12-31,2026-07-28,2026-07-28,,,,,,,2.04,,,,,,,,364.0,
037370,2026-12-31,2026-07-28,2026-07-28,0.0,,,,,,,0.41,,,,,,,,
050120,2026-12-31,2026-07-28,2026-07-28,0.0,,,,,,,0.43,,,,,,,,
214270,2026-12-31,2026-07-28,2026-07-28,0.0,,,,,,,0.94,,,,,,,,
032620,2026-12-31,2026-07-28,2026-07-28,26.16,,,,,,3.92,1.03,,,,1.75,,,729.0,
130500,2026-12-31,2026-07-28,2026-07-28,0.0,,,,,,,0.31,,,,,,,,
083450,2026-12-31,2026-07-28,2026-07-28,15.04,,,,,,15.08,2.27,,,,1.7,,,2533.0,
297890,2026-12-31,2026-07-28,2026-07-28,10.75,,,,,,4.36,0.47,,,,1.9,,,362.0,
440290,2026-12-31,2026-07-28,2026-07-28,7.01,,,,,,7.45,0.52,,,,7.13,,,226.0,
078150,2026-12-31,2026-07-28,2026-07-28,9.98,,,,,,5.53,0.55,,,,1.13,,,320.0,
225530,2026-12-31,2026-07-28,2026-07-28,0.0,,,,,,,0.71,,,,2.8,,,,
060560,2026-12-31,2026-07-28,2026-07-28,0.0,,,,,,,0.32,,,,2.81,,,,
376270,2026-12-31,2026-07-28,2026-07-28,0.0,,,,,,,54.15,,,,,,,,
195940,2026-12-31,2026-07-28,2026-07-28,5.7,,,,,,14.26,0.81,,,,1.08,,,2672.0,
028300,2026-12-31,2026-07-28,2026-07-28,0.0,,,,,,,9.62,,,,,,,,
278650,2026-12-31,2026-07-28,2026-07-28,0.0,,,,,,,0.3,,,,,,,,
067630,2026-12-31,2026-07-28,2026-07-28,0.0,,,,,,,0.83,,,,,,,,
024850,2026-12-31,2026-07-28,2026-07-28,0.0,,,,,,,1.1,,,,,,,,
187420,2026-12-31,2026-07-28,2026-07-28,55.24,,,,,,1.96,1.08,,,,,,,775.0,
047920,2026-12-31,2026-07-28,2026-07-28,3.69,,,,,,59.15,2.19,,,,,,,141.0,
115450,2026-12-31,2026-07-28,2026-07-28,0.0,,,,,,,0.93,,,,,,,,
046210,2026-12-31,2026-07-28,2026-07-28,0.0,,,,,,,0.64,,,,,,,,
196300,2026-12-31,2026-07-28,2026-07-28,0.0,,,,,,,1.4,,,,,,,,
403870,2026-12-31,2026-07-28,2026-07-28,23.64,,,,,,36.29,8.58,,,,1.53,,,901.0,
036640,2026-12-31,2026-07-28,2026-07-28,10.43,,,,,,5.56,0.58,,,,6.38,,,846.0,
469480,2026-12-31,2026-07-28,2026-07-28,,,,,,,,,,,,,,,,
0099X0,2026-12-31,2026-07-28,2026-07-28,,,,,,,,,,,,,,,,
095340,2026-12-31,2026-07-28,2026-07-28,10.46,,,,,,44.11,4.61,,,,0.7,,,2743.0,
067290,2026-12-31,2026-07-28,2026-07-28,33.61,,,,,,6.9,2.32,,,,,,,245.0,
035900,2026-12-31,2026-07-28,2026-07-28,25.87,,,,,,9.29,2.4,,,,1.95,,,4846.0,
318000,2026-12-31,2026-07-28,2026-07-28,5.52,,,,,,9.66,0.53,,,,2.08,,,298.0,
024840,2026-12-31,2026-07-28,2026-07-28,0.0,,,,,,,1.12,,,,,,,,
024120,2026-12-31,2026-07-28,2026-07-28,3.27,,,,,,9.22,0.3,,,,8.0,,,339.0,
478390,2026-12-31,2026-07-28,2026-07-28,,,,,,,,,,,,,,,,
486630,2026-12-31,2026-07-28,2026-07-28,,,,,,,,,,,,,,,,
492220,2026-12-31,2026-07-28,2026-07-28,,,,,,,,,,,,,,,,
0037T0,2026-12-31,2026-07-28,2026-07-28,,,,,,,,,,,,,,,,
0072Z0,2026-12-31,2026-07-28,2026-07-28,,,,,,,,,,,,,,,,
021320,2026-12-31,2026-07-28,2026-07-28,8.21,,,,,,2.25,0.19,,,,3.9,,,2276.0,
044180,2026-12-31,2026-07-28,2026-07-28,0.0,,,,,,,0.39,,,,,,,,
151860,2026-12-31,2026-07-28,2026-07-28,5.75,,,,,,2.67,0.15,,,,2.86,,,1964.0,
035600,2026-12-31,2026-07-28,2026-07-28,9.6,,,,,,5.14,0.49,,,,6.49,,,1798.0,
046440,2026-12-31,2026-07-28,2026-07-28,6.53,,,,,,5.95,0.39,,,,6.53,,,644.0,
060720,2026-12-31,2026-07-28,2026-07-28,7.36,,,,,,10.21,0.75,,,,3.87,,,925.0,
058400,2026-12-31,2026-07-28,2026-07-28,4.94,,,,,,5.54,0.27,,,,5.31,,,850.0,
101000,2026-12-31,2026-07-28,2026-07-28,0.0,,,,,,,0.3,,,,,,,,
089600,2026-12-31,2026-07-28,2026-07-28,3.34,,,,,,16.95,0.57,,,,6.93,,,596.0,
418470,2026-12-31,2026-07-28,2026-07-28,18.2,,,,,,5.43,0.99,,,,5.48,,,1847.0,
043610,2026-12-31,2026-07-28,2026-07-28,0.0,,,,,,,0.55,,,,,,,,
122450,2026-12-31,2026-07-28,2026-07-28,5.44,,,,,,5.34,0.29,,,,,,,461.0,
052900,2026-12-31,2026-07-28,2026-07-28,3.8,,,,,,11.58,0.44,,,,,,,80.0,
036560,2026-12-31,2026-07-28,2026-07-28,1.6,,,,,,20.05,0.32,,,,6.75,,,591.0,
061970,2026-12-31,2026-07-28,2026-07-28,0.0,,,,,,,0.89,,,,,,,,
309960,2026-12-31,2026-07-28,2026-07-28,9.8,,,,,,7.74,0.76,,,,4.77,,,541.0,
073490,2026-12-31,2026-07-28,2026-07-28,0.0,,,,,,,1.17,,,,0.39,,,,
225190,2026-12-31,2026-07-28,2026-07-28,0.0,,,,,,,1.19,,,,,,,,
091970,2026-12-31,2026-07-28,2026-07-28,0.0,,,,,,,1.43,,,,,,,,
060370,2026-12-31,2026-07-28,2026-07-28,1.74,,,,,,128.37,2.24,,,,0.58,,,215.0,
417200,2026-12-31,2026-07-28,2026-07-28,0.22,,,,,,1748.33,3.83,,,,0.21,,,6.0,
078020,2026-12-31,2026-07-28,2026-07-28,2.61,,,,,,16.41,0.43,,,,8.24,,,370.0,
322180,2026-12-31,2026-07-28,2026-07-28,0.0,,,,,,,1.16,,,,,,,,
476080,2026-12-31,2026-07-28,2026-07-28,0.0,,,,,,,0.67,,,,,,,,
086960,2026-12-31,2026-07-28,2026-07-28,6.08,,,,,,7.94,0.48,,,,,,,220.0,
160550,2026-12-31,2026-07-28,2026-07-28,0.86,,,,,,37.32,0.32,,,,,,,28.0,
053290,2026-12-31,2026-07-28,2026-07-28,0.0,,,,,,,0.34,,,,,,,,
060250,2026-12-31,2026-07-28,2026-07-28,15.3,,,,,,9.79,1.5,,,,2.14,,,1195.0,
104200,2026-12-31,2026-07-28,2026-07-28,0.0,,,,,,,0.66,,,,,,,,
054050,2026-12-31,2026-07-28,2026-07-28,4.43,,,,,,8.76,0.39,,,,3.72,,,767.0,
063570,2026-12-31,2026-07-28,2026-07-28,3.89,,,,,,13.23,0.51,,,,4.52,,,234.0,
024940,2026-12-31,2026-07-28,2026-07-28,5.54,,,,,,6.36,0.35,,,,1.8,,,306.0,
332570,2026-12-31,2026-07-28,2026-07-28,17.63,,,,,,15.64,2.76,,,,,,,482.0,
218410,2026-12-31,2026-07-28,2026-07-28,8.46,,,,,,35.37,2.99,,,,1.0,,,1131.0,
327260,2026-12-31,2026-07-28,2026-07-28,13.74,,,,,,49.29,6.77,,,,,,,424.0,
474610,2026-12-31,2026-07-28,2026-07-28,10.61,,,,,,14.07,1.49,,,,,,,396.0,
091340,2026-12-31,2026-07-28,2026-07-28,3.42,,,,,,6.8,0.23,,,,,,,295.0,
419530,2026-12-31,2026-07-28,2026-07-28,40.32,,,,,,7.33,2.96,,,,,,,3560.0,
019550,2026-12-31,2026-07-28,2026-07-28,6.36,,,,,,8.49,0.54,,,,,,,116.0,
246960,2026-12-31,2026-07-28,2026-07-28,0.0,,,,,,,2.17,,,,,,,,
099220,2026-12-31,2026-07-28,2026-07-28,0.0,,,,,,,0.5,,,,,,,,
056190,2026-12-31,2026-07-28,2026-07-28,5.96,,,,,,10.14,0.6,,,,4.89,,,1916.0,
222080,2026-12-31,2026-07-28,2026-07-28,5.65,,,,,,17.49,0.99,,,,,,,371.0,
036540,2026-12-31,2026-07-28,2026-07-28,0.0,,,,,,,1.57,,,,,,,,
255220,2026-12-31,2026-07-28,2026-07-28,0.0,,,,,,,1.06,,,,,,,,
040610,2026-12-31,2026-07-28,2026-07-28,6.53,,,,,,1.83,0.12,,,,,,,1612.0,
184230,2026-12-31,2026-07-28,2026-07-28,59.68,,,,,,1.57,0.94,,,,,,,1125.0,
016250,2026-12-31,2026-07-28,2026-07-28,0.0,,,,,,,0.18,,,,,,,,
357880,2026-12-31,2026-07-28,2026-07-28,0.0,,,,,,,8.21,,,,,,,,
048550,2026-12-31,2026-07-28,2026-07-28,0.0,,,,,,,1.85,,,,,,,,
063440,2026-12-31,2026-07-28,2026-07-28,8.15,,,,,,9.26,0.75,,,,,,,119.0,
067160,2026-12-31,2026-07-28,2026-07-28,21.81,,,,,,5.01,1.09,,,,7.06,,,9556.0,
289080,2026-12-31,2026-07-28,2026-07-28,0.0,,,,,,,1.29,,,,,,,,
041930,2026-12-31,2026-07-28,2026-07-28,14.74,,,,,,2.29,0.34,,,,6.94,,,1888.0,
089230,2026-12-31,2026-07-28,2026-07-28,0.0,,,,,,,1.8,,,,,,,,
032540,2026-12-31,2026-07-28,2026-07-28,4.76,,,,,,17.77,0.85,,,,9.43,,,191.0,
048770,2026-12-31,2026-07-28,2026-07-28,0.0,,,,,,,1.18,,,,0.37,,,,
246690,2026-12-31,2026-07-28,2026-07-28,8.29,,,,,,4.31,0.36,,,,2.02,,,344.0,
317240,2026-12-31,2026-07-28,2026-07-28,0.0,,,,,,,0.97,,,,,,,,
057030,2026-12-31,2026-07-28,2026-07-28,3.06,,,,,,21.16,0.65,,,,4.77,,,99.0,
040300,2026-12-31,2026-07-28,2026-07-28,0.0,,,,,,,0.39,,,,,,,,
051390,2026-12-31,2026-07-28,2026-07-28,6.02,,,,,,6.21,0.37,,,,5.86,,,632.0,
052220,2026-12-31,2026-07-28,2026-07-28,0.0,,,,,,,0.72,,,,,,,,
079940,2026-12-31,2026-07-28,2026-07-28,9.08,,,,,,38.51,3.5,,,,0.21,,,1232.0,
078890,2026-12-31,2026-07-28,2026-07-28,5.53,,,,,,8.99,0.5,,,,1.97,,,395.0,
399720,2026-12-31,2026-07-28,2026-07-28,0.0,,,,,,,10.27,,,,,,,,
036620,2026-12-31,2026-07-28,2026-07-28,26.06,,,,,,10.72,2.79,,,,,,,387.0,
198440,2026-12-31,2026-07-28,2026-07-28,0.5,,,,,,92.64,0.46,,,,,,,11.0,
217730,2026-12-31,2026-07-28,2026-07-28,0.0,,,,,,,2.67,,,,,,,,
114190,2026-12-31,2026-07-28,2026-07-28,0.0,,,,,,,5.56,,,,,,,,
094480,2026-12-31,2026-07-28,2026-07-28,6.99,,,,,,22.48,1.57,,,,0.94,,,212.0,
039240,2026-12-31,2026-07-28,2026-07-28,4.07,,,,,,10.98,0.45,,,,6.36,,,172.0,
053950,2026-12-31,2026-07-28,2026-07-28,0.0,,,,,,,0.22,,,,,,,,
011040,2026-12-31,2026-07-28,2026-07-28,4.05,,,,,,15.55,0.63,,,,6.1,,,316.0,
024910,2026-12-31,2026-07-28,2026-07-28,0.0,,,,,,,0.44,,,,,,,,
049720,2026-12-31,2026-07-28,2026-07-28,21.58,,,,,,9.94,2.14,,,,5.29,,,951.0,
014570,2026-12-31,2026-07-28,2026-07-28,7.84,,,,,,5.47,0.43,,,,5.46,,,602.0,
348150,2026-12-31,2026-07-28,2026-07-28,0.0,,,,,,,1.87,,,,,,,,
098460,2026-12-31,2026-07-28,2026-07-28,4.41,,,,,,108.26,4.77,,,,0.58,,,224.0,
035290,2026-12-31,2026-07-28,2026-07-28,0.0,,,,,,,0.61,,,,,,,,
215000,2026-12-31,2026-07-28,2026-07-28,5.83,,,,,,9.05,0.53,,,,10.35,,,4269.0,
121440,2026-12-31,2026-07-28,2026-07-28,3.16,,,,,,10.92,0.35,,,,3.75,,,610.0,
029480,2026-12-31,2026-07-28,2026-07-28,0.0,,,,,,,0.37,,,,,,,,
026910,2026-12-31,2026-07-28,2026-07-28,0.0,,,,,,,1.5,,,,,,,,
465320,2026-12-31,2026-07-28,2026-07-28,,,,,,,,,,,,,,,,
482520,2026-12-31,2026-07-28,2026-07-28,,,,,,,,,,,,,,,,
489210,2026-12-31,2026-07-28,2026-07-28,,,,,,,,,,,,,,,,
0041B0,2026-12-31,2026-07-28,2026-07-28,,,,,,,,,,,,,,,,
0098T0,2026-12-31,2026-07-28,2026-07-28,,,,,,,,,,,,,,,,
0132G0,2026-12-31,2026-07-28,2026-07-28,,,,,,,,,,,,,,,,
053270,2026-12-31,2026-07-28,2026-07-28,15.31,,,,,,2.08,0.32,,,,3.91,,,860.0,
066620,2026-12-31,2026-07-28,2026-07-28,12.55,,,,,,3.86,0.48,,,,2.16,,,6006.0,
043650,2026-12-31,2026-07-28,2026-07-28,2.63,,,,,,8.92,0.23,,,,2.26,,,397.0,
006050,2026-12-31,2026-07-28,2026-07-28,3.23,,,,,,10.1,0.33,,,,,,,50.0,
060480,2026-12-31,2026-07-28,2026-07-28,0.24,,,,,,111.22,0.26,,,,3.0,,,9.0,
078130,2026-12-31,2026-07-28,2026-07-28,0.0,,,,,,,3.68,,,,,,,,
307750,2026-12-31,2026-07-28,2026-07-28,0.0,,,,,,,1.02,,,,,,,,
035080,2026-12-31,2026-07-28,2026-07-28,0.0,,,,,,,0.23,,,,2.21,,,,
318060,2026-12-31,2026-07-28,2026-07-28,0.0,,,,,,,9.26,,,,,,,,
453450,2026-12-31,2026-07-28,2026-07-28,1.61,,,,,,44.59,0.72,,,,,,,270.0,
204020,2026-12-31,2026-07-28,2026-07-28,5.48,,,,,,8.03,0.44,,,,6.01,,,238.0,
0015G0,2026-12-31,2026-07-28,2026-07-28,3.78,,,,,,63.35,2.4,,,,,,,212.0,
402490,2026-12-31,2026-07-28,2026-07-28,14.67,,,,,,9.76,1.43,,,,,,,619.0,
114450,2026-12-31,2026-07-28,2026-07-28,0.31,,,,,,373.33,1.16,,,,,,,6.0,
186230,2026-12-31,2026-07-28,2026-07-28,0.0,,,,,,,0.87,,,,,,,,
204620,2026-12-31,2026-07-28,2026-07-28,25.29,,,,,,8.39,2.12,,,,,,,504.0,
019660,2026-12-31,2026-07-28,2026-07-28,0.0,,,,,,,2.3,,,,,,,,
053260,2026-12-31,2026-07-28,2026-07-28,0.0,,,,,,,0.55,,,,3.79,,,,
282720,2026-12-31,2026-07-28,2026-07-28,0.03,,,,,,3485.0,0.88,,,,,,,2.0,
036190,2026-12-31,2026-07-28,2026-07-28,7.94,,,,,,5.98,0.48,,,,5.16,,,5180.0,
049080,2026-12-31,2026-07-28,2026-07-28,0.0,,,,,,,1.37,,,,,,,,
420770,2026-12-31,2026-07-28,2026-07-28,7.32,,,,,,82.03,6.01,,,,0.8,,,1219.0,
035460,2026-12-31,2026-07-28,2026-07-28,7.75,,,,,,6.62,0.51,,,,,,,290.0,
407400,2026-12-31,2026-07-28,2026-07-28,0.0,,,,,,,0.61,,,,,,,,
187790,2026-12-31,2026-07-28,2026-07-28,16.44,,,,,,10.92,1.79,,,,,,,229.0,
121600,2026-12-31,2026-07-28,2026-07-28,0.66,,,,,,282.72,1.86,,,,0.65,,,136.0,
286750,2026-12-31,2026-07-28,2026-07-28,0.0,,,,,,,1.95,,,,,,,,
247660,2026-12-31,2026-07-28,2026-07-28,0.0,,,,,,,0.94,,,,,,,,
039860,2026-12-31,2026-07-28,2026-07-28,1.96,,,,,,74.79,1.46,,,,,,,47.0,
417010,2026-12-31,2026-07-28,2026-07-28,2.06,,,,,,76.2,1.57,,,,,,,50.0,
405920,2026-12-31,2026-07-28,2026-07-28,0.14,,,,,,244.0,0.34,,,,,,,7.0,
478340,2026-12-31,2026-07-28,2026-07-28,0.0,,,,,,,2.24,,,,,,,,
051490,2026-12-31,2026-07-28,2026-07-28,5.04,,,,,,6.53,0.33,,,,3.46,,,398.0,
137080,2026-12-31,2026-07-28,2026-07-28,34.34,,,,,,1.39,0.48,,,,,,,3613.0,
190510,2026-12-31,2026-07-28,2026-07-28,14.24,,,,,,7.52,1.07,,,,5.56,,,1741.0,
242040,2026-12-31,2026-07-28,2026-07-28,0.0,,,,,,,3.35,,,,,,,,
293580,2026-12-31,2026-07-28,2026-07-28,5.54,,,,,,20.69,1.15,,,,1.74,,,61.0,
459510,2026-12-31,2026-07-28,2026-07-28,0.0,,,,,,,9.62,,,,,,,,
138610,2026-12-31,2026-07-28,2026-07-28,10.32,,,,,,31.95,3.3,,,,,,,416.0,
130580,2026-12-31,2026-07-28,2026-07-28,11.18,,,,,,6.41,0.72,,,,4.2,,,839.0,
036800,2026-12-31,2026-07-28,2026-07-28,10.83,,,,,,5.74,0.62,,,,3.91,,,4908.0,
366030,2026-12-31,2026-07-28,2026-07-28,9.0,,,,,,14.85,1.34,,,,1.64,,,329.0,
267320,2026-12-31,2026-07-28,2026-07-28,0.0,,,,,,,1.13,,,,,,,,
111710,2026-12-31,2026-07-28,2026-07-28,3.53,,,,,,8.75,0.31,,,,7.05,,,324.0,
091590,2026-12-31,2026-07-28,2026-07-28,6.39,,,,,,4.73,0.3,,,,2.27,,,931.0,
168330,2026-12-31,2026-07-28,2026-07-28,0.0,,,,,,,2.45,,,,,,,,
094860,2026-12-31,2026-07-28,2026-07-28,0.0,,,,,,,1.27,,,,,,,,
0218L0,2026-12-31,2026-07-28,2026-07-28,,,,,,,,,,,,,,,,
253590,2026-12-31,2026-07-28,2026-07-28,4.49,,,,,,65.4,2.94,,,,1.21,,,126.0,
212560,2026-12-31,2026-07-28,2026-07-28,10.82,,,,,,8.01,0.87,,,,1.98,,,1260.0,
095660,2026-12-31,2026-07-28,2026-07-28,9.38,,,,,,7.12,0.67,,,,1.69,,,2522.0,
042420,2026-12-31,2026-07-28,2026-07-28,9.54,,,,,,4.23,0.4,,,,2.12,,,5422.0,
311390,2026-12-31,2026-07-28,2026-07-28,4.05,,,,,,9.73,0.39,,,,2.17,,,237.0,
085910,2026-12-31,2026-07-28,2026-07-28,7.94,,,,,,43.33,3.44,,,,1.4,,,330.0,
092730,2026-12-31,2026-07-28,2026-07-28,14.24,,,,,,10.64,1.51,,,,3.96,,,1779.0,
153460,2026-12-31,2026-07-28,2026-07-28,7.05,,,,,,16.23,1.14,,,,,,,390.0,
007390,2026-12-31,2026-07-28,2026-07-28,0.0,,,,,,,23.77,,,,,,,,
033640,2026-12-31,2026-07-28,2026-07-28,13.41,,,,,,20.6,2.76,,,,,,,719.0,
330860,2026-12-31,2026-07-28,2026-07-28,2.02,,,,,,84.29,1.71,,,,,,,280.0,
351320,2026-12-31,2026-07-28,2026-07-28,0.0,,,,,,,1.28,,,,,,,,
089140,2026-12-31,2026-07-28,2026-07-28,0.0,,,,,,,0.23,,,,,,,,
389650,2026-12-31,2026-07-28,2026-07-28,0.0,,,,,,,5.86,,,,,,,,
137940,2026-12-31,2026-07-28,2026-07-28,0.0,,,,,,,0.37,,,,,,,,
396270,2026-12-31,2026-07-28,2026-07-28,0.0,,,,,,,3.45,,,,,,,,
348210,2026-12-31,2026-07-28,2026-07-28,0.0,,,,,,,1.98,,,,1.75,,,,
225570,2026-12-31,2026-07-28,2026-07-28,0.0,,,,,,,2.15,,,,,,,,
205500,2026-12-31,2026-07-28,2026-07-28,0.0,,,,,,,2.94,,,,,,,,
217270,2026-12-31,2026-07-28,2026-07-28,0.0,,,,,,,0.33,,,,,,,,
104620,2026-12-31,2026-07-28,2026-07-28,0.0,,,,,,,1.26,,,,,,,,
473980,2026-12-31,2026-07-28,2026-07-28,14.43,,,,,,7.59,1.1,,,,,,,1359.0,
194700,2026-12-31,2026-07-28,2026-07-28,14.03,,,,,,6.34,0.89,,,,3.16,,,2000.0,
285490,2026-12-31,2026-07-28,2026-07-28,11.16,,,,,,5.6,0.62,,,,27.21,,,1885.0,
145170,2026-12-31,2026-07-28,2026-07-28,3.32,,,,,,8.97,0.3,,,,,,,311.0,
376930,2026-12-31,2026-07-28,2026-07-28,0.0,,,,,,,1.16,,,,,,,,
486990,2026-12-31,2026-07-28,2026-07-28,0.0,,,,,,,15.3,,,,,,,,
142280,2026-12-31,2026-07-28,2026-07-28,8.28,,,,,,14.97,1.24,,,,,,,169.0,
234690,2026-12-31,2026-07-28,2026-07-28,8.88,,,,,,13.83,1.23,,,,1.79,,,564.0,
069140,2026-12-31,2026-07-28,2026-07-28,0.58,,,,,,106.25,0.62,,,,,,,16.0,
040160,2026-12-31,2026-07-28,2026-07-28,0.0,,,,,,,0.76,,,,,,,,
332290,2026-12-31,2026-07-28,2026-07-28,3.29,,,,,,26.17,0.86,,,,,,,29.0,
348340,2026-12-31,2026-07-28,2026-07-28,0.0,,,,,,,22.05,,,,,,,,
380550,2026-12-31,2026-07-28,2026-07-28,0.0,,,,,,,4.23,,,,,,,,
060260,2026-12-31,2026-07-28,2026-07-28,8.25,,,,,,8.51,0.7,,,,0.83,,,141.0,
463020,2026-12-31,2026-07-28,2026-07-28,0.0,,,,,,,1.59,,,,,,,,
123840,2026-12-31,2026-07-28,2026-07-28,0.0,,,,,,,0.13,,,,,,,,
012340,2026-12-31,2026-07-28,2026-07-28,0.0,,,,,,,0.67,,,,,,,,
462310,2026-12-31,2026-07-28,2026-07-28,0.0,,,,,,,0.64,,,,,,,,
270870,2026-12-31,2026-07-28,2026-07-28,0.0,,,,,,,0.39,,,,,,,,
144960,2026-12-31,2026-07-28,2026-07-28,2.99,,,,,,39.57,1.18,,,,0.6,,,211.0,
085670,2026-12-31,2026-07-28,2026-07-28,8.12,,,,,,7.39,0.6,,,,3.76,,,360.0,
064260,2026-12-31,2026-07-28,2026-07-28,0.0,,,,,,,1.03,,,,,,,,
340360,2026-12-31,2026-07-28,2026-07-28,0.0,,,,,,,2.58,,,,,,,,
039560,2026-12-31,2026-07-28,2026-07-28,0.0,,,,,,,0.33,,,,0.9,,,,
208860,2026-12-31,2026-07-28,2026-07-28,0.0,,,,,,,0.61,,,,,,,,
154040,2026-12-31,2026-07-28,2026-07-28,23.15,,,,,,1.15,0.27,,,,,,,678.0,
032190,2026-12-31,2026-07-28,2026-07-28,13.59,,,,,,3.06,0.42,,,,3.15,,,5713.0,
323350,2026-12-31,2026-07-28,2026-07-28,18.46,,,,,,15.67,2.89,,,,,,,434.0,
068240,2026-12-31,2026-07-28,2026-07-28,,,,,,,,,,,,,,,,
290660,2026-12-31,2026-07-28,2026-07-28,0.0,,,,,,,1.27,,,,,,,,
464580,2026-12-31,2026-07-28,2026-07-28,2.31,,,,,,33.72,0.78,,,,,,,43.0,
020400,2026-12-31,2026-07-28,2026-07-28,0.0,,,,,,,0.39,,,,2.23,,,,
008830,2026-12-31,2026-07-28,2026-07-28,0.0,,,,,,,1.11,,,,0.49,,,,
048470,2026-12-31,2026-07-28,2026-07-28,0.39,,,,,,80.83,0.32,,,,1.24,,,30.0,
004780,2026-12-31,2026-07-28,2026-07-28,5.78,,,,,,7.15,0.41,,,,3.64,,,577.0,
017650,2026-12-31,2026-07-28,2026-07-28,2.38,,,,,,11.96,0.28,,,,1.09,,,765.0,
389260,2026-12-31,2026-07-28,2026-07-28,8.78,,,,,,15.13,1.33,,,,,,,807.0,
317850,2026-12-31,2026-07-28,2026-07-28,3.93,,,,,,23.7,0.93,,,,1.12,,,227.0,
290670,2026-12-31,2026-07-28,2026-07-28,0.0,,,,,,,1.8,,,,,,,,
078140,2026-12-31,2026-07-28,2026-07-28,7.13,,,,,,8.07,0.58,,,,0.67,,,919.0,
065150,2026-12-31,2026-07-28,2026-07-28,34.64,,,,,,2.94,1.02,,,,,,,530.0,
036480,2026-12-31,2026-07-28,2026-07-28,1.68,,,,,,39.62,0.67,,,,1.21,,,157.0,
027830,2026-12-31,2026-07-28,2026-07-28,0.33,,,,,,151.0,0.49,,,,,,,6.0,
129920,2026-12-31,2026-07-28,2026-07-28,0.0,,,,,,,0.9,,,,,,,,
471050,2026-12-31,2026-07-28,2026-07-28,,,,,,,,,,,,,,,,
482690,2026-12-31,2026-07-28,2026-07-28,,,,,,,,,,,,,,,,
0134X0,2026-12-31,2026-07-28,2026-07-28,,,,,,,,,,,,,,,,
020180,2026-12-31,2026-07-28,2026-07-28,14.71,,,,,,5.61,0.83,,,,3.59,,,149.0,
045390,2026-12-31,2026-07-28,2026-07-28,13.25,,,,,,8.24,1.09,,,,,,,290.0,
108380,2026-12-31,2026-07-28,2026-07-28,9.23,,,,,,5.89,0.54,,,,1.27,,,2680.0,
007680,2026-12-31,2026-07-28,2026-07-28,0.0,,,,,,,0.16,,,,6.02,,,,
048910,2026-12-31,2026-07-28,2026-07-28,5.37,,,,,,9.69,0.52,,,,3.75,,,454.0,
005710,2026-12-31,2026-07-28,2026-07-28,13.15,,,,,,2.82,0.37,,,,2.31,,,3836.0,
120240,2026-12-31,2026-07-28,2026-07-28,7.38,,,,,,7.64,0.56,,,,3.29,,,1889.0,
003310,2026-12-31,2026-07-28,2026-07-28,6.04,,,,,,8.06,0.49,,,,2.4,,,191.0,
078600,2026-12-31,2026-07-28,2026-07-28,8.22,,,,,,49.09,4.03,,,,0.15,,,1377.0,
393970,2026-12-31,2026-07-28,2026-07-28,0.0,,,,,,,0.8,,,,,,,,
096350,2026-12-31,2026-07-28,2026-07-28,0.0,,,,,,,1.86,,,,,,,,
140520,2026-12-31,2026-07-28,2026-07-28,1.91,,,,,,14.19,0.27,,,,7.83,,,135.0,
131220,2026-12-31,2026-07-28,2026-07-28,7.92,,,,,,7.66,0.61,,,,3.42,,,478.0,
010170,2026-12-31,2026-07-28,2026-07-28,0.0,,,,,,,17.46,,,,,,,,
054670,2026-12-31,2026-07-28,2026-07-28,10.9,,,,,,5.04,0.55,,,,1.82,,,1087.0,
023910,2026-12-31,2026-07-28,2026-07-28,9.21,,,,,,5.55,0.51,,,,3.83,,,4701.0,
021040,2026-12-31,2026-07-28,2026-07-28,0.0,,,,,,,0.44,,,,,,,,
021045,2026-12-31,2026-07-28,2026-07-28,,,,,,,,,,,,,,,,
067080,2026-12-31,2026-07-28,2026-07-28,2.27,,,,,,90.74,2.06,,,,1.76,,,94.0,
298540,2026-12-31,2026-07-28,2026-07-28,2.02,,,,,,13.8,0.28,,,,7.69,,,471.0,
032860,2026-12-31,2026-07-28,2026-07-28,0.0,,,,,,,0.51,,,,,,,,
393890,2026-12-31,2026-07-28,2026-07-28,0.0,,,,,,,0.25,,,,,,,,
299170,2026-12-31,2026-07-28,2026-07-28,0.0,,,,,,,0.83,,,,,,,,
462860,2026-12-31,2026-07-28,2026-07-28,16.93,,,,,,10.59,1.79,,,,1.64,,,173.0,
224060,2026-12-31,2026-07-28,2026-07-28,20.47,,,,,,0.74,0.15,,,,,,,4732.0,
043090,2026-12-31,2026-07-28,2026-07-28,0.0,,,,,,,0.3,,,,,,,,
403850,2026-12-31,2026-07-28,2026-07-28,11.24,,,,,,7.52,0.85,,,,,,,1443.0,
213420,2026-12-31,2026-07-28,2026-07-28,11.77,,,,,,12.91,1.52,,,,,,,2165.0,
317330,2026-12-31,2026-07-28,2026-07-28,0.0,,,,,,,1.67,,,,,,,,
077360,2026-12-31,2026-07-28,2026-07-28,0.0,,,,,,,1.71,,,,,,,,
090410,2026-12-31,2026-07-28,2026-07-28,1.25,,,,,,18.68,0.23,,,,,,,34.0,
0001A0,2026-12-31,2026-07-28,2026-07-28,10.5,,,,,,29.88,3.14,,,,,,,250.0,
263600,2026-12-31,2026-07-28,2026-07-28,6.55,,,,,,7.27,0.48,,,,,,,434.0,
194480,2026-12-31,2026-07-28,2026-07-28,6.29,,,,,,17.64,1.11,,,,,,,953.0,
373160,2026-12-31,2026-07-28,2026-07-28,10.56,,,,,,8.46,0.89,,,,,,,347.0,
263800,2026-12-31,2026-07-28,2026-07-28,3.0,,,,,,78.46,2.35,,,,,,,65.0,
206560,2026-12-31,2026-07-28,2026-07-28,0.0,,,,,,,0.74,,,,,,,,
261200,2026-12-31,2026-07-28,2026-07-28,0.0,,,,,,,0.85,,,,,,,,
484120,2026-12-31,2026-07-28,2026-07-28,0.32,,,,,,290.0,0.92,,,,,,,49.0,
067990,2026-12-31,2026-07-28,2026-07-28,0.91,,,,,,31.75,0.29,,,,10.24,,,120.0,
006620,2026-12-31,2026-07-28,2026-07-28,33.14,,,,,,1.99,0.66,,,,3.24,,,1859.0,
100130,2026-12-31,2026-07-28,2026-07-28,0.0,,,,,,,0.45,,,,,,,,
005160,2026-12-31,2026-07-28,2026-07-28,0.0,,,,,,,0.32,,,,6.25,,,,
303810,2026-12-31,2026-07-28,2026-07-28,6.7,,,,,,8.53,0.57,,,,,,,275.0,
075970,2026-12-31,2026-07-28,2026-07-28,0.72,,,,,,52.1,0.38,,,,4.95,,,31.0,
086450,2026-12-31,2026-07-28,2026-07-28,10.11,,,,,,11.74,1.19,,,,1.15,,,1487.0,
240550,2026-12-31,2026-07-28,2026-07-28,9.69,,,,,,8.83,0.86,,,,,,,572.0,
099410,2026-12-31,2026-07-28,2026-07-28,15.95,,,,,,4.83,0.77,,,,,,,570.0,
033500,2026-12-31,2026-07-28,2026-07-28,21.61,,,,,,8.45,1.83,,,,2.53,,,1869.0,
025950,2026-12-31,2026-07-28,2026-07-28,0.16,,,,,,543.89,0.85,,,,1.53,,,18.0,
088130,2026-12-31,2026-07-28,2026-07-28,28.9,,,,,,1.66,0.48,,,,3.22,,,2811.0,
060380,2026-12-31,2026-07-28,2026-07-28,1.2,,,,,,16.61,0.2,,,,4.24,,,71.0,
079960,2026-12-31,2026-07-28,2026-07-28,11.18,,,,,,2.94,0.33,,,,2.35,,,6525.0,
228340,2026-12-31,2026-07-28,2026-07-28,0.0,,,,,,,0.42,,,,,,,,
088910,2026-12-31,2026-07-28,2026-07-28,11.81,,,,,,1.9,0.22,,,,2.4,,,1100.0,
094170,2026-12-31,2026-07-28,2026-07-28,1.52,,,,,,513.46,7.8,,,,0.64,,,52.0,
013120,2026-12-31,2026-07-28,2026-07-28,2.44,,,,,,7.17,0.18,,,,4.33,,,290.0,
109860,2026-12-31,2026-07-28,2026-07-28,3.23,,,,,,12.47,0.4,,,,4.31,,,596.0,
032960,2026-12-31,2026-07-28,2026-07-28,8.97,,,,,,5.77,0.52,,,,5.13,,,338.0,
023790,2026-12-31,2026-07-28,2026-07-28,0.0,,,,,,,1.05,,,,,,,,
005290,2026-12-31,2026-07-28,2026-07-28,9.14,,,,,,18.94,1.73,,,,1.78,,,1927.0,
025900,2026-12-31,2026-07-28,2026-07-28,0.0,,,,,,,0.31,,,,,,,,
131970,2026-12-31,2026-07-28,2026-07-28,0.34,,,,,,851.28,2.92,,,,0.24,,,78.0,
073190,2026-12-31,2026-07-28,2026-07-28,0.0,,,,,,,0.35,,,,,,,,
176750,2026-12-31,2026-07-28,2026-07-28,13.18,,,,,,26.55,3.5,,,,,,,229.0,
030350,2026-12-31,2026-07-28,2026-07-28,0.0,,,,,,,2.73,,,,,,,,
203650,2026-12-31,2026-07-28,2026-07-28,6.99,,,,,,19.68,1.38,,,,,,,87.0,
223250,2026-12-31,2026-07-28,2026-07-28,9.31,,,,,,9.23,0.86,,,,,,,299.0,
060570,2026-12-31,2026-07-28,2026-07-28,1.75,,,,,,25.24,0.44,,,,,,,34.0,
362990,2026-12-31,2026-07-28,2026-07-28,0.0,,,,,,,0.6,,,,1.65,,,,
016670,2026-12-31,2026-07-28,2026-07-28,17.51,,,,,,1.29,0.23,,,,,,,1986.0,
187870,2026-12-31,2026-07-28,2026-07-28,10.67,,,,,,7.78,0.83,,,,6.4,,,1304.0,
489730,2026-12-31,2026-07-28,2026-07-28,,,,,,,,,,,,,,,,
0004Y0,2026-12-31,2026-07-28,2026-07-28,,,,,,,,,,,,,,,,
110990,2026-12-31,2026-07-28,2026-07-28,12.86,,,,,,8.66,1.11,,,,2.95,,,1644.0,
263690,2026-12-31,2026-07-28,2026-07-28,7.36,,,,,,7.9,0.58,,,,3.62,,,622.0,
214680,2026-12-31,2026-07-28,2026-07-28,0.0,,,,,,,0.96,,,,,,,,
347850,2026-12-31,2026-07-28,2026-07-28,0.0,,,,,,,30.39,,,,,,,,
263720,2026-12-31,2026-07-28,2026-07-28,8.38,,,,,,10.36,0.87,,,,,,,642.0,
376300,2026-12-31,2026-07-28,2026-07-28,8.88,,,,,,25.1,2.23,,,,1.6,,,785.0,
104040,2026-12-31,2026-07-28,2026-07-28,2.21,,,,,,27.37,0.61,,,,,,,95.0,
109740,2026-12-31,2026-07-28,2026-07-28,0.0,,,,,,,1.06,,,,,,,,
031860,2026-12-31,2026-07-28,2026-07-28,0.0,,,,,,,0.59,,,,,,,,
196490,2026-12-31,2026-07-28,2026-07-28,,,,,,,,,,,,,,,,
066900,2026-12-31,2026-07-28,2026-07-28,0.0,,,,,,,5.43,,,,,,,,
092070,2026-12-31,2026-07-28,2026-07-28,0.82,,,,,,101.38,0.83,,,,0.9,,,109.0,
039840,2026-12-31,2026-07-28,2026-07-28,0.0,,,,,,,0.84,,,,,,,,
219550,2026-12-31,2026-07-28,2026-07-28,0.0,,,,,,,3.6,,,,,,,,
310870,2026-12-31,2026-07-28,2026-07-28,6.82,,,,,,7.3,0.5,,,,1.54,,,178.0,
104460,2026-12-31,2026-07-28,2026-07-28,17.09,,,,,,3.09,0.53,,,,8.38,,,2703.0,
113810,2026-12-31,2026-07-28,2026-07-28,3.14,,,,,,16.96,0.53,,,,,,,115.0,
043360,2026-12-31,2026-07-28,2026-07-28,0.0,,,,,,,0.48,,,,,,,,
197140,2026-12-31,2026-07-28,2026-07-28,0.0,,,,,,,0.47,,,,,,,,
068930,2026-12-31,2026-07-28,2026-07-28,15.05,,,,,,9.06,1.36,,,,7.16,,,801.0,
033130,2026-12-31,2026-07-28,2026-07-28,5.93,,,,,,12.75,0.76,,,,2.13,,,147.0,
105740,2026-12-31,2026-07-28,2026-07-28,5.08,,,,,,9.84,0.5,,,,4.47,,,682.0,
263020,2026-12-31,2026-07-28,2026-07-28,10.09,,,,,,5.26,0.53,,,,3.35,,,568.0,
290550,2026-12-31,2026-07-28,2026-07-28,11.43,,,,,,15.77,1.8,,,,,,,1159.0,
066670,2026-12-31,2026-07-28,2026-07-28,2.27,,,,,,10.5,0.24,,,,,,,240.0,
187220,2026-12-31,2026-07-28,2026-07-28,2.2,,,,,,12.02,0.26,,,,4.55,,,183.0,
383930,2026-12-31,2026-07-28,2026-07-28,0.0,,,,,,,0.87,,,,,,,,
131180,2026-12-31,2026-07-28,2026-07-28,2.92,,,,,,10.82,0.32,,,,12.41,,,335.0,
315640,2026-12-31,2026-07-28,2026-07-28,0.0,,,,,,,1.31,,,,,,,,
317120,2026-12-31,2026-07-28,2026-07-28,0.0,,,,,,,0.93,,,,,,,,
462510,2026-12-31,2026-07-28,2026-07-28,0.0,,,,,,,2.72,,,,,,,,
232680,2026-12-31,2026-07-28,2026-07-28,10.34,,,,,,26.94,2.79,,,,2.4,,,310.0,
042510,2026-12-31,2026-07-28,2026-07-28,6.29,,,,,,23.64,1.49,,,,,,,313.0,
418420,2026-12-31,2026-07-28,2026-07-28,0.0,,,,,,,5.46,,,,,,,,
300120,2026-12-31,2026-07-28,2026-07-28,0.0,,,,,,,0.53,,,,,,,,
171120,2026-12-31,2026-07-28,2026-07-28,6.12,,,,,,8.28,0.51,,,,5.01,,,241.0,
388790,2026-12-31,2026-07-28,2026-07-28,1.13,,,,,,425.0,4.8,,,,,,,8.0,
214260,2026-12-31,2026-07-28,2026-07-28,0.0,,,,,,,2.51,,,,,,,,
171010,2026-12-31,2026-07-28,2026-07-28,0.0,,,,,,,0.99,,,,,,,,
084650,2026-12-31,2026-07-28,2026-07-28,0.0,,,,,,,0.3,,,,,,,,
217500,2026-12-31,2026-07-28,2026-07-28,0.0,,,,,,,0.75,,,,2.14,,,,
038390,2026-12-31,2026-07-28,2026-07-28,11.76,,,,,,6.82,0.8,,,,8.28,,,1416.0,
387690,2026-12-31,2026-07-28,2026-07-28,44.94,,,,,,9.46,4.25,,,,,,,777.0,
294140,2026-12-31,2026-07-28,2026-07-28,0.0,,,,,,,4.41,,,,,,,,
365660,2026-12-31,2026-07-28,2026-07-28,0.0,,,,,,,20.31,,,,,,,,
443250,2026-12-31,2026-07-28,2026-07-28,10.99,,,,,,11.88,1.31,,,,4.68,,,478.0,
228670,2026-12-31,2026-07-28,2026-07-28,4.11,,,,,,22.59,0.93,,,,,,,201.0,
228850,2026-12-31,2026-07-28,2026-07-28,0.0,,,,,,,0.39,,,,5.08,,,,
412350,2026-12-31,2026-07-28,2026-07-28,0.0,,,,,,,2.25,,,,,,,,
199550,2026-12-31,2026-07-28,2026-07-28,0.0,,,,,,,1.49,,,,,,,,
281740,2026-12-31,2026-07-28,2026-07-28,5.71,,,,,,91.54,5.23,,,,0.28,,,117.0,
277810,2026-12-31,2026-07-28,2026-07-28,1.06,,,,,,5486.3,58.05,,,,,,,73.0,
215100,2026-12-31,2026-07-28,2026-07-28,0.0,,,,,,,2.36,,,,,,,,
090360,2026-12-31,2026-07-28,2026-07-28,0.0,,,,,,,6.42,,,,,,,,
108490,2026-12-31,2026-07-28,2026-07-28,1.77,,,,,,469.09,8.32,,,,,,,385.0,
033290,2026-12-31,2026-07-28,2026-07-28,5.27,,,,,,3.88,0.2,,,,,,,400.0,
067730,2026-12-31,2026-07-28,2026-07-28,15.74,,,,,,6.11,0.96,,,,7.18,,,342.0,
071280,2026-12-31,2026-07-28,2026-07-28,9.12,,,,,,7.32,0.67,,,,0.83,,,821.0,
376900,2026-12-31,2026-07-28,2026-07-28,0.0,,,,,,,52.91,,,,,,,,
214610,2026-12-31,2026-07-28,2026-07-28,0.0,,,,,,,1.2,,,,,,,,
328130,2026-12-31,2026-07-28,2026-07-28,0.0,,,,,,,4.16,,,,,,,,
038060,2026-12-31,2026-07-28,2026-07-28,0.0,,,,,,,0.29,,,,,,,,
474170,2026-12-31,2026-07-28,2026-07-28,0.09,,,,,,1793.33,1.56,,,,,,,3.0,
195990,2026-12-31,2026-07-28,2026-07-28,0.0,,,,,,,0.33,,,,,,,,
141080,2026-12-31,2026-07-28,2026-07-28,0.0,,,,,,,6.5,,,,,,,,
058470,2026-12-31,2026-07-28,2026-07-28,20.78,,,,,,30.77,6.39,,,,1.3,,,2002.0,
016100,2026-12-31,2026-07-28,2026-07-28,0.0,,,,,,,0.66,,,,,,,,
012700,2026-12-31,2026-07-28,2026-07-28,3.12,,,,,,5.75,0.18,,,,5.0,,,522.0,
302550,2026-12-31,2026-07-28,2026-07-28,1.31,,,,,,159.41,2.09,,,,,,,17.0,
491000,2026-12-31,2026-07-28,2026-07-28,0.0,,,,,,,4.71,,,,,,,,
394420,2026-12-31,2026-07-28,2026-07-28,0.0,,,,,,,13.22,,,,,,,,
073570,2026-12-31,2026-07-28,2026-07-28,0.0,,,,,,,0.34,,,,,,,,
377450,2026-12-31,2026-07-28,2026-07-28,4.41,,,,,,19.88,0.88,,,,2.31,,,567.0,
277070,2026-12-31,2026-07-28,2026-07-28,4.92,,,,,,13.02,0.64,,,,8.1,,,237.0,
042500,2026-12-31,2026-07-28,2026-07-28,9.62,,,,,,7.38,0.71,,,,7.24,,,562.0,
193250,2026-12-31,2026-07-28,2026-07-28,0.0,,,,,,,0.37,,,,,,,,
474650,2026-12-31,2026-07-28,2026-07-28,0.0,,,,,,,2.8,,,,,,,,
219420,2026-12-31,2026-07-28,2026-07-28,6.09,,,,,,12.91,0.79,,,,,,,249.0,
439090,2026-12-31,2026-07-28,2026-07-28,7.44,,,,,,28.42,2.11,,,,,,,557.0,
195500,2026-12-31,2026-07-28,2026-07-28,2.73,,,,,,11.65,0.32,,,,,,,136.0,
377480,2026-12-31,2026-07-28,2026-07-28,0.0,,,,,,,3.13,,,,,,,,
305090,2026-12-31,2026-07-28,2026-07-28,0.0,,,,,,,1.22,,,,,,,,
098120,2026-12-31,2026-07-28,2026-07-28,20.76,,,,,,9.95,2.07,,,,0.5,,,2031.0,
424980,2026-12-31,2026-07-28,2026-07-28,0.0,,,,,,,1.3,,,,,,,,
038290,2026-12-31,2026-07-28,2026-07-28,1.29,,,,,,60.64,0.78,,,,4.41,,,187.0,
477850,2026-12-31,2026-07-28,2026-07-28,0.0,,,,,,,24.13,,,,,,,,
0039P0,2026-12-31,2026-07-28,2026-07-28,29.92,,,,,,7.4,2.21,,,,,,,616.0,
267980,2026-12-31,2026-07-28,2026-07-28,8.97,,,,,,4.29,0.38,,,,3.93,,,7724.0,
005990,2026-12-31,2026-07-28,2026-07-28,7.35,,,,,,4.16,0.31,,,,2.44,,,2565.0,
093520,2026-12-31,2026-07-28,2026-07-28,18.01,,,,,,7.3,1.31,,,,6.31,,,2604.0,
100590,2026-12-31,2026-07-28,2026-07-28,0.0,,,,,,,0.33,,,,,,,,
067280,2026-12-31,2026-07-28,2026-07-28,11.36,,,,,,5.5,0.62,,,,5.56,,,4417.0,
072870,2026-12-31,2026-07-28,2026-07-28,8.13,,,,,,5.39,0.44,,,,10.24,,,2393.0,
215200,2026-12-31,2026-07-28,2026-07-28,16.81,,,,,,5.0,0.84,,,,7.43,,,8072.0,
133750,2026-12-31,2026-07-28,2026-07-28,4.19,,,,,,10.69,0.45,,,,4.45,,,126.0,
446540,2026-12-31,2026-07-28,2026-07-28,0.0,,,,,,,2.18,,,,,,,,
235980,2026-12-31,2026-07-28,2026-07-28,0.0,,,,,,,2.59,,,,,,,,
041920,2026-12-31,2026-07-28,2026-07-28,3.9,,,,,,31.47,1.23,,,,,,,286.0,
014100,2026-12-31,2026-07-28,2026-07-28,0.0,,,,,,,0.31,,,,,,,,
054180,2026-12-31,2026-07-28,2026-07-28,0.0,,,,,,,0.27,,,,,,,,
086900,2026-12-31,2026-07-28,2026-07-28,3.67,,,,,,30.07,1.1,,,,1.68,,,2371.0,
078160,2026-12-31,2026-07-28,2026-07-28,0.0,,,,,,,1.27,,,,,,,,
0088D0,2026-12-31,2026-07-28,2026-07-28,,,,,,,,,,,,,,,,
0165X0,2026-12-31,2026-07-28,2026-07-28,,,,,,,,,,,,,,,,
408920,2026-12-31,2026-07-28,2026-07-28,19.44,,,,,,7.75,1.51,,,,4.24,,,365.0,
021880,2026-12-31,2026-07-28,2026-07-28,0.0,,,,,,,0.34,,,,,,,,
0088M0,2026-12-31,2026-07-28,2026-07-28,35.2,,,,,,27.75,9.77,,,,,,,422.0,
140410,2026-12-31,2026-07-28,2026-07-28,0.0,,,,,,,100.53,,,,,,,,
241770,2026-12-31,2026-07-28,2026-07-28,6.2,,,,,,26.6,1.65,,,,1.03,,,1278.0,
059210,2026-12-31,2026-07-28,2026-07-28,9.53,,,,,,8.26,0.79,,,,2.9,,,438.0,
058110,2026-12-31,2026-07-28,2026-07-28,0.0,,,,,,,0.67,,,,,,,,
072770,2026-12-31,2026-07-28,2026-07-28,0.0,,,,,,,0.79,,,,,,,,
434480,2026-12-31,2026-07-28,2026-07-28,1.82,,,,,,38.04,0.69,,,,,,,56.0,
080420,2026-12-31,2026-07-28,2026-07-28,0.0,,,,,,,0.3,,,,,,,,
417970,2026-12-31,2026-07-28,2026-07-28,9.45,,,,,,9.42,0.89,,,,2.78,,,1068.0,
080160,2026-12-31,2026-07-28,2026-07-28,16.45,,,,,,10.19,1.68,,,,4.11,,,836.0,
087260,2026-12-31,2026-07-28,2026-07-28,0.0,,,,,,,0.16,,,,,,,,
101330,2026-12-31,2026-07-28,2026-07-28,3.26,,,,,,6.02,0.2,,,,4.43,,,525.0,
012860,2026-12-31,2026-07-28,2026-07-28,8.19,,,,,,7.7,0.63,,,,1.9,,,274.0,
363260,2026-12-31,2026-07-28,2026-07-28,7.61,,,,,,7.74,0.59,,,,5.44,,,95.0,
348030,2026-12-31,2026-07-28,2026-07-28,0.0,,,,,,,0.6,,,,,,,,
250060,2026-12-31,2026-07-28,2026-07-28,0.0,,,,,,,2.34,,,,,,,,
288980,2026-12-31,2026-07-28,2026-07-28,0.0,,,,,,,1.42,,,,,,,,
142760,2026-12-31,2026-07-28,2026-07-28,0.0,,,,,,,0.51,,,,,,,,
033200,2026-12-31,2026-07-28,2026-07-28,0.0,,,,,,,0.32,,,,,,,,
118990,2026-12-31,2026-07-28,2026-07-28,2.93,,,,,,16.0,0.47,,,,,,,301.0,
463480,2026-12-31,2026-07-28,2026-07-28,0.0,,,,,,,1.28,,,,,,,,
006920,2026-12-31,2026-07-28,2026-07-28,0.0,,,,,,,1.08,,,,,,,,
001810,2026-12-31,2026-07-28,2026-07-28,0.0,,,,,,,0.12,,,,1.35,,,,
279600,2026-12-31,2026-07-28,2026-07-28,0.0,,,,,,,1.18,,,,,,,,
095500,2026-12-31,2026-07-28,2026-07-28,4.62,,,,,,13.22,0.61,,,,1.09,,,487.0,
254490,2026-12-31,2026-07-28,2026-07-28,12.82,,,,,,13.01,1.67,,,,,,,979.0,
218150,2026-12-31,2026-07-28,2026-07-28,0.0,,,,,,,0.93,,,,,,,,
100790,2026-12-31,2026-07-28,2026-07-28,8.17,,,,,,20.6,1.68,,,,,,,582.0,
0097F0,2026-12-31,2026-07-28,2026-07-28,,,,,,,,,,,,,,,,
0099W0,2026-12-31,2026-07-28,2026-07-28,,,,,,,,,,,,,,,,
477380,2026-12-31,2026-07-28,2026-07-28,,,,,,,,,,,,,,,,
477470,2026-12-31,2026-07-28,2026-07-28,,,,,,,,,,,,,,,,
478440,2026-12-31,2026-07-28,2026-07-28,,,,,,,,,,,,,,,,
482680,2026-12-31,2026-07-28,2026-07-28,,,,,,,,,,,,,,,,
0093G0,2026-12-31,2026-07-28,2026-07-28,,,,,,,,,,,,,,,,
0096D0,2026-12-31,2026-07-28,2026-07-28,,,,,,,,,,,,,,,,
049950,2026-12-31,2026-07-28,2026-07-28,0.0,,,,,,,0.72,,,,,,,,
207760,2026-12-31,2026-07-28,2026-07-28,0.0,,,,,,,0.8,,,,,,,,
059090,2026-12-31,2026-07-28,2026-07-28,25.62,,,,,,14.28,3.66,,,,,,,937.0,
201490,2026-12-31,2026-07-28,2026-07-28,0.54,,,,,,79.52,0.43,,,,,,,25.0,
475460,2026-12-31,2026-07-28,2026-07-28,4.72,,,,,,17.45,0.82,,,,1.82,,,314.0,
452200,2026-12-31,2026-07-28,2026-07-28,0.0,,,,,,,0.88,,,,,,,,
206640,2026-12-31,2026-07-28,2026-07-28,10.11,,,,,,10.29,1.04,,,,1.34,,,1091.0,
035620,2026-12-31,2026-07-28,2026-07-28,0.0,,,,,,,0.25,,,,,,,,
053030,2026-12-31,2026-07-28,2026-07-28,0.0,,,,,,,1.1,,,,,,,,
301300,2026-12-31,2026-07-28,2026-07-28,0.0,,,,,,,0.51,,,,,,,,
064550,2026-12-31,2026-07-28,2026-07-28,0.0,,,,,,,0.77,,,,,,,,
314930,2026-12-31,2026-07-28,2026-07-28,1.94,,,,,,279.31,5.42,,,,,,,29.0,
489460,2026-12-31,2026-07-28,2026-07-28,7.24,,,,,,30.77,2.23,,,,1.09,,,298.0,
086820,2026-12-31,2026-07-28,2026-07-28,0.83,,,,,,563.64,4.68,,,,,,,11.0,
038460,2026-12-31,2026-07-28,2026-07-28,6.25,,,,,,7.36,0.46,,,,,,,356.0,
251120,2026-12-31,2026-07-28,2026-07-28,9.56,,,,,,9.35,0.89,,,,,,,782.0,
199730,2026-12-31,2026-07-28,2026-07-28,0.0,,,,,,,0.78,,,,11.34,,,,
086040,2026-12-31,2026-07-28,2026-07-28,2.84,,,,,,28.85,0.82,,,,,,,74.0,
188040,2026-12-31,2026-07-28,2026-07-28,0.0,,,,,,,0.5,,,,,,,,
099430,2026-12-31,2026-07-28,2026-07-28,8.91,,,,,,13.89,1.24,,,,1.99,,,253.0,
308080,2026-12-31,2026-07-28,2026-07-28,0.0,,,,,,,2.26,,,,,,,,
043150,2026-12-31,2026-07-28,2026-07-28,8.09,,,,,,6.21,0.5,,,,1.79,,,2701.0,
323990,2026-12-31,2026-07-28,2026-07-28,0.0,,,,,,,1.46,,,,,,,,
267790,2026-12-31,2026-07-28,2026-07-28,10.77,,,,,,5.72,0.62,,,,2.34,,,560.0,
046310,2026-12-31,2026-07-28,2026-07-28,5.79,,,,,,7.72,0.45,,,,4.93,,,263.0,
331520,2026-12-31,2026-07-28,2026-07-28,5.61,,,,,,11.68,0.65,,,,,,,185.0,
199480,2026-12-31,2026-07-28,2026-07-28,0.0,,,,,,,1.43,,,,,,,,
438700,2026-12-31,2026-07-28,2026-07-28,0.0,,,,,,,0.66,,,,,,,,
066410,2026-12-31,2026-07-28,2026-07-28,0.0,,,,,,,1.21,,,,,,,,
382900,2026-12-31,2026-07-28,2026-07-28,0.98,,,,,,76.27,0.75,,,,,,,185.0,
206400,2026-12-31,2026-07-28,2026-07-28,0.0,,,,,,,0.45,,,,,,,,
019010,2026-12-31,2026-07-28,2026-07-28,23.99,,,,,,1.67,0.4,,,,1.79,,,2331.0,
177350,2026-12-31,2026-07-28,2026-07-28,44.02,,,,,,0.75,0.33,,,,,,,927.0,
457600,2026-12-31,2026-07-28,2026-07-28,0.0,,,,,,,2.57,,,,,,,,
424760,2026-12-31,2026-07-28,2026-07-28,7.89,,,,,,10.14,0.8,,,,,,,222.0,
250000,2026-12-31,2026-07-28,2026-07-28,0.26,,,,,,150.0,0.39,,,,7.62,,,35.0,
310210,2026-12-31,2026-07-28,2026-07-28,0.0,,,,,,,20.62,,,,,,,,
006910,2026-12-31,2026-07-28,2026-07-28,18.42,,,,,,13.95,2.57,,,,,,,415.0,
0010F0,2026-12-31,2026-07-28,2026-07-28,,,,,,,,,,,,,,,,
226340,2026-12-31,2026-07-28,2026-07-28,0.0,,,,,,,0.34,,,,,,,,
014470,2026-12-31,2026-07-28,2026-07-28,1.34,,,,,,21.51,0.29,,,,,,,43.0,
008470,2026-12-31,2026-07-28,2026-07-28,1.96,,,,,,18.0,0.35,,,,4.58,,,97.0,
338220,2026-12-31,2026-07-28,2026-07-28,0.0,,,,,,,2.8,,,,,,,,
100120,2026-12-31,2026-07-28,2026-07-28,8.75,,,,,,8.87,0.78,,,,3.19,,,2434.0,
406820,2026-12-31,2026-07-28,2026-07-28,0.0,,,,,,,0.72,,,,,,,,
099390,2026-12-31,2026-07-28,2026-07-28,9.39,,,,,,4.46,0.42,,,,5.76,,,662.0,
064480,2026-12-31,2026-07-28,2026-07-28,1.09,,,,,,58.75,0.64,,,,4.64,,,44.0,
365900,2026-12-31,2026-07-28,2026-07-28,0.0,,,,,,,0.49,,,,,,,,
089970,2026-12-31,2026-07-28,2026-07-28,16.63,,,,,,55.42,9.22,,,,,,,1135.0,
251630,2026-12-31,2026-07-28,2026-07-28,0.0,,,,,,,0.51,,,,2.88,,,,
018290,2026-12-31,2026-07-28,2026-07-28,24.69,,,,,,6.61,1.63,,,,,,,1728.0,
478560,2026-12-31,2026-07-28,2026-07-28,0.0,,,,,,,1.66,,,,13.16,,,,
439580,2026-12-31,2026-07-28,2026-07-28,0.0,,,,,,,1.25,,,,,,,,
033560,2026-12-31,2026-07-28,2026-07-28,9.05,,,,,,4.64,0.42,,,,,,,998.0,
369370,2026-12-31,2026-07-28,2026-07-28,0.0,,,,,,,2.1,,,,,,,,
126340,2026-12-31,2026-07-28,2026-07-28,0.0,,,,,,,4.36,,,,,,,,
121800,2026-12-31,2026-07-28,2026-07-28,1.37,,,,,,29.12,0.4,,,,,,,114.0,
082800,2026-12-31,2026-07-28,2026-07-28,0.0,,,,,,,1.59,,,,,,,,
318410,2026-12-31,2026-07-28,2026-07-28,6.88,,,,,,5.63,0.39,,,,7.17,,,992.0,
419540,2026-12-31,2026-07-28,2026-07-28,0.0,,,,,,,0.6,,,,,,,,
146320,2026-12-31,2026-07-28,2026-07-28,1.46,,,,,,94.22,1.37,,,,,,,90.0,
200780,2026-12-31,2026-07-28,2026-07-28,0.0,,,,,,,0.45,,,,3.17,,,,
413640,2026-12-31,2026-07-28,2026-07-28,7.46,,,,,,17.88,1.33,,,,,,,335.0,
141000,2026-12-31,2026-07-28,2026-07-28,5.71,,,,,,7.08,0.4,,,,1.37,,,1028.0,
083650,2026-12-31,2026-07-28,2026-07-28,36.71,,,,,,18.91,6.94,,,,,,,2107.0,
0068Y0,2026-12-31,2026-07-28,2026-07-28,,,,,,,,,,,,,,,,
065170,2026-12-31,2026-07-28,2026-07-28,0.0,,,,,,,7.96,,,,,,,,
086670,2026-12-31,2026-07-28,2026-07-28,13.71,,,,,,6.99,0.96,,,,4.16,,,2063.0,
488900,2026-12-31,2026-07-28,2026-07-28,0.0,,,,,,,3.44,,,,,,,,
082920,2026-12-31,2026-07-28,2026-07-28,17.23,,,,,,23.36,4.02,,,,0.88,,,1267.0,
054220,2026-12-31,2026-07-28,2026-07-28,7.84,,,,,,11.1,0.87,,,,,,,125.0,
042370,2026-12-31,2026-07-28,2026-07-28,2.55,,,,,,28.93,0.74,,,,0.82,,,252.0,
050090,2026-12-31,2026-07-28,2026-07-28,0.0,,,,,,,0.61,,,,,,,,
148780,2026-12-31,2026-07-28,2026-07-28,0.0,,,,,,,1.28,,,,,,,,
307870,2026-12-31,2026-07-28,2026-07-28,0.0,,,,,,,1.5,,,,,,,,
377030,2026-12-31,2026-07-28,2026-07-28,0.0,,,,,,,1.46,,,,,,,,
032850,2026-12-31,2026-07-28,2026-07-28,9.87,,,,,,8.16,0.81,,,,1.72,,,471.0,
049470,2026-12-31,2026-07-28,2026-07-28,0.0,,,,,,,0.51,,,,,,,,
238200,2026-12-31,2026-07-28,2026-07-28,0.0,,,,,,,0.44,,,,,,,,
093190,2026-12-31,2026-07-28,2026-07-28,9.19,,,,,,6.9,0.63,,,,3.74,,,1261.0,
065450,2026-12-31,2026-07-28,2026-07-28,7.28,,,,,,18.31,1.33,,,,1.06,,,154.0,
044480,2026-12-31,2026-07-28,2026-07-28,0.0,,,,,,,0.55,,,,,,,,
069540,2026-12-31,2026-07-28,2026-07-28,0.0,,,,,,,2.06,,,,,,,,
072950,2026-12-31,2026-07-28,2026-07-28,9.1,,,,,,7.03,0.64,,,,1.06,,,943.0,
451250,2026-12-31,2026-07-28,2026-07-28,10.74,,,,,,13.66,1.47,,,,3.01,,,486.0,
143240,2026-12-31,2026-07-28,2026-07-28,34.39,,,,,,1.84,0.63,,,,4.35,,,8746.0,
466410,2026-12-31,2026-07-28,2026-07-28,8.18,,,,,,6.33,0.52,,,,,,,1181.0,
223310,2026-12-31,2026-07-28,2026-07-28,0.0,,,,,,,1.23,,,,,,,,
452430,2026-12-31,2026-07-28,2026-07-28,0.0,,,,,,,15.23,,,,,,,,
419120,2026-12-31,2026-07-28,2026-07-28,6.09,,,,,,8.89,0.54,,,,4.61,,,244.0,
122350,2026-12-31,2026-07-28,2026-07-28,0.0,,,,,,,0.56,,,,,,,,
419050,2026-12-31,2026-07-28,2026-07-28,0.0,,,,,,,1.04,,,,,,,,
014970,2026-12-31,2026-07-28,2026-07-28,10.56,,,,,,9.85,1.04,,,,2.61,,,408.0,
018310,2026-12-31,2026-07-28,2026-07-28,1.57,,,,,,18.77,0.3,,,,2.24,,,715.0,
012210,2026-12-31,2026-07-28,2026-07-28,2.06,,,,,,66.63,1.37,,,,,,,86.0,
053700,2026-12-31,2026-07-28,2026-07-28,5.02,,,,,,4.22,0.21,,,,1.3,,,909.0,
009620,2026-12-31,2026-07-28,2026-07-28,0.0,,,,,,,11.07,,,,,,,,
023600,2026-12-31,2026-07-28,2026-07-28,4.55,,,,,,4.86,0.22,,,,2.54,,,1703.0,
0044K0,2026-12-31,2026-07-28,2026-07-28,,,,,,,,,,,,,,,,
0071M0,2026-12-31,2026-07-28,2026-07-28,,,,,,,,,,,,,,,,
0096B0,2026-12-31,2026-07-28,2026-07-28,,,,,,,,,,,,,,,,
0115H0,2026-12-31,2026-07-28,2026-07-28,,,,,,,,,,,,,,,,
009300,2026-12-31,2026-07-28,2026-07-28,5.67,,,,,,5.8,0.33,,,,6.91,,,2120.0,
482630,2026-12-31,2026-07-28,2026-07-28,12.68,,,,,,15.56,1.97,,,,,,,691.0,
484590,2026-12-31,2026-07-28,2026-07-28,17.09,,,,,,8.74,1.49,,,,,,,649.0,
036670,2026-12-31,2026-07-28,2026-07-28,7.76,,,,,,5.55,0.43,,,,4.98,,,905.0,
361670,2026-12-31,2026-07-28,2026-07-28,0.0,,,,,,,0.93,,,,,,,,
054540,2026-12-31,2026-07-28,2026-07-28,10.79,,,,,,9.67,1.04,,,,2.56,,,666.0,
065570,2026-12-31,2026-07-28,2026-07-28,4.62,,,,,,14.69,0.68,,,,,,,52.0,
014950,2026-12-31,2026-07-28,2026-07-28,0.0,,,,,,,0.57,,,,0.94,,,,
032280,2026-12-31,2026-07-28,2026-07-28,1.5,,,,,,21.34,0.32,,,,3.02,,,62.0,
002290,2026-12-31,2026-07-28,2026-07-28,9.32,,,,,,5.66,0.53,,,,7.21,,,551.0,
037460,2026-12-31,2026-07-28,2026-07-28,15.45,,,,,,6.39,0.99,,,,1.71,,,5030.0,
032750,2026-12-31,2026-07-28,2026-07-28,3.52,,,,,,6.77,0.24,,,,3.08,,,431.0,
0013V0,2026-12-31,2026-07-28,2026-07-28,17.6,,,,,,6.3,1.11,,,,,,,743.0,
054090,2026-12-31,2026-07-28,2026-07-28,0.0,,,,,,,0.62,,,,,,,,
000250,2026-12-31,2026-07-28,2026-07-28,1.9,,,,,,617.26,11.75,,,,0.04,,,226.0,
024950,2026-12-31,2026-07-28,2026-07-28,6.41,,,,,,6.11,0.39,,,,3.11,,,526.0,
038500,2026-12-31,2026-07-28,2026-07-28,5.19,,,,,,17.74,0.92,,,,1.8,,,380.0,
437730,2026-12-31,2026-07-28,2026-07-28,7.37,,,,,,99.84,7.35,,,,0.16,,,307.0,
017480,2026-12-31,2026-07-28,2026-07-28,3.22,,,,,,11.37,0.37,,,,6.42,,,411.0,
046390,2026-12-31,2026-07-28,2026-07-28,0.0,,,,,,,0.51,,,,,,,,
027580,2026-12-31,2026-07-28,2026-07-28,0.0,,,,,,,0.36,,,,,,,,
038540,2026-12-31,2026-07-28,2026-07-28,0.0,,,,,,,0.27,,,,,,,,
091580,2026-12-31,2026-07-28,2026-07-28,1.26,,,,,,85.83,1.08,,,,0.77,,,151.0,
263810,2026-12-31,2026-07-28,2026-07-28,3.44,,,,,,22.19,0.76,,,,,,,114.0,
089980,2026-12-31,2026-07-28,2026-07-28,3.32,,,,,,29.63,0.98,,,,1.56,,,433.0,
042940,2026-12-31,2026-07-28,2026-07-28,0.0,,,,,,,0.37,,,,,,,,
042600,2026-12-31,2026-07-28,2026-07-28,0.0,,,,,,,1.05,,,,,,,,
107600,2026-12-31,2026-07-28,2026-07-28,0.0,,,,,,,1.41,,,,,,,,
411080,2026-12-31,2026-07-28,2026-07-28,0.0,,,,,,,1.01,,,,4.18,,,,
252990,2026-12-31,2026-07-28,2026-07-28,9.22,,,,,,42.46,3.92,,,,,,,264.0,
378800,2026-12-31,2026-07-28,2026-07-28,0.0,,,,,,,0.87,,,,,,,,
294630,2026-12-31,2026-07-28,2026-07-28,0.0,,,,,,,6.8,,,,,,,,
038070,2026-12-31,2026-07-28,2026-07-28,0.87,,,,,,52.29,0.45,,,,2.3,,,83.0,
006730,2026-12-31,2026-07-28,2026-07-28,7.45,,,,,,7.66,0.57,,,,1.05,,,1241.0,
079650,2026-12-31,2026-07-28,2026-07-28,0.0,,,,,,,1.0,,,,,,,,
100660,2026-12-31,2026-07-28,2026-07-28,1.79,,,,,,29.37,0.53,,,,0.36,,,95.0,
019770,2026-12-31,2026-07-28,2026-07-28,9.23,,,,,,3.79,0.35,,,,2.15,,,798.0,
092190,2026-12-31,2026-07-28,2026-07-28,0.0,,,,,,,2.74,,,,,,,,
046890,2026-12-31,2026-07-28,2026-07-28,0.0,,,,,,,0.74,,,,,,,,
063170,2026-12-31,2026-07-28,2026-07-28,0.0,,,,,,,0.82,,,,,,,,
027040,2026-12-31,2026-07-28,2026-07-28,0.0,,,,,,,2.83,,,,,,,,
018680,2026-12-31,2026-07-28,2026-07-28,1.85,,,,,,30.58,0.56,,,,,,,65.0,
036120,2026-12-31,2026-07-28,2026-07-28,21.56,,,,,,7.5,1.62,,,,5.2,,,205.0,
093920,2026-12-31,2026-07-28,2026-07-28,3.07,,,,,,13.39,0.41,,,,7.38,,,354.0,
189860,2026-12-31,2026-07-28,2026-07-28,18.06,,,,,,5.1,0.92,,,,,,,715.0,
178320,2026-12-31,2026-07-28,2026-07-28,0.0,,,,,,,2.52,,,,,,,,
122690,2026-12-31,2026-07-28,2026-07-28,0.0,,,,,,,0.25,,,,,,,,
140070,2026-12-31,2026-07-28,2026-07-28,0.0,,,,,,,0.29,,,,,,,,
011370,2026-12-31,2026-07-28,2026-07-28,5.42,,,,,,2.53,0.14,,,,6.72,,,294.0,
065710,2026-12-31,2026-07-28,2026-07-28,25.32,,,,,,9.07,2.3,,,,14.42,,,4588.0,
035890,2026-12-31,2026-07-28,2026-07-28,11.36,,,,,,2.89,0.33,,,,5.21,,,664.0,
357550,2026-12-31,2026-07-28,2026-07-28,8.62,,,,,,47.85,4.13,,,,,,,699.0,
003100,2026-12-31,2026-07-28,2026-07-28,9.14,,,,,,3.08,0.28,,,,2.32,,,6290.0,
067370,2026-12-31,2026-07-28,2026-07-28,9.65,,,,,,25.76,2.49,,,,,,,229.0,
171090,2026-12-31,2026-07-28,2026-07-28,67.23,,,,,,5.0,3.36,,,,1.82,,,10959.0,
086710,2026-12-31,2026-07-28,2026-07-28,7.04,,,,,,15.0,1.06,,,,2.69,,,496.0,
014620,2026-12-31,2026-07-28,2026-07-28,6.27,,,,,,20.28,1.27,,,,0.76,,,1297.0,
037350,2026-12-31,2026-07-28,2026-07-28,10.27,,,,,,3.48,0.36,,,,3.62,,,1982.0,
458650,2026-12-31,2026-07-28,2026-07-28,2.14,,,,,,23.73,0.51,,,,4.0,,,316.0,
081580,2026-12-31,2026-07-28,2026-07-28,10.96,,,,,,2.83,0.31,,,,2.17,,,814.0,
045300,2026-12-31,2026-07-28,2026-07-28,6.36,,,,,,4.84,0.31,,,,0.89,,,465.0,
015750,2026-12-31,2026-07-28,2026-07-28,9.95,,,,,,2.61,0.26,,,,3.63,,,2110.0,
340930,2026-12-31,2026-07-28,2026-07-28,0.0,,,,,,,1.1,,,,,,,,
365340,2026-12-31,2026-07-28,2026-07-28,0.0,,,,,,,2.62,,,,,,,,
080470,2026-12-31,2026-07-28,2026-07-28,14.06,,,,,,2.38,0.33,,,,2.53,,,1163.0,
043260,2026-12-31,2026-07-28,2026-07-28,37.98,,,,,,11.18,4.25,,,,,,,1343.0,
148150,2026-12-31,2026-07-28,2026-07-28,28.63,,,,,,2.06,0.59,,,,3.45,,,1409.0,
061090,2026-12-31,2026-07-28,2026-07-28,10.4,,,,,,12.0,1.25,,,,,,,3280.0,
188260,2026-12-31,2026-07-28,2026-07-28,0.0,,,,,,,5.71,,,,,,,,
053060,2026-12-31,2026-07-28,2026-07-28,14.59,,,,,,4.08,0.6,,,,,,,333.0,
340440,2026-12-31,2026-07-28,2026-07-28,5.21,,,,,,12.95,0.67,,,,,,,66.0,
017510,2026-12-31,2026-07-28,2026-07-28,14.16,,,,,,7.14,1.01,,,,3.68,,,837.0,
0017J0,2026-12-31,2026-07-28,2026-07-28,,,,,,,,,,,,,,,,
490470,2026-12-31,2026-07-28,2026-07-28,0.0,,,,,,,2.33,,,,,,,,
011560,2026-12-31,2026-07-28,2026-07-28,12.98,,,,,,5.56,0.72,,,,2.99,,,3612.0,
396300,2026-12-31,2026-07-28,2026-07-28,1.93,,,,,,70.65,1.36,,,,,,,54.0,
100700,2026-12-31,2026-07-28,2026-07-28,7.78,,,,,,8.19,0.64,,,,3.06,,,279.0,
024830,2026-12-31,2026-07-28,2026-07-28,4.7,,,,,,3.82,0.18,,,,2.35,,,2230.0,
258830,2026-12-31,2026-07-28,2026-07-28,0.0,,,,,,,1.2,,,,,,,,
036630,2026-12-31,2026-07-28,2026-07-28,1.86,,,,,,22.41,0.42,,,,4.24,,,316.0,
039310,2026-12-31,2026-07-28,2026-07-28,0.0,,,,,,,0.2,,,,,,,,
067770,2026-12-31,2026-07-28,2026-07-28,1.5,,,,,,21.63,0.32,,,,,,,86.0,
053450,2026-12-31,2026-07-28,2026-07-28,3.39,,,,,,10.12,0.34,,,,,,,327.0,
252500,2026-12-31,2026-07-28,2026-07-28,2.87,,,,,,16.57,0.48,,,,2.16,,,28.0,
321370,2026-12-31,2026-07-28,2026-07-28,0.0,,,,,,,4.46,,,,,,,,
347000,2026-12-31,2026-07-28,2026-07-28,9.53,,,,,,10.99,1.05,,,,,,,148.0,
331920,2026-12-31,2026-07-28,2026-07-28,0.0,,,,,,,3.8,,,,,,,,
352770,2026-12-31,2026-07-28,2026-07-28,,,,,,,,,,,,,,,,
471820,2026-12-31,2026-07-28,2026-07-28,6.28,,,,,,15.09,0.95,,,,4.64,,,264.0,
049180,2026-12-31,2026-07-28,2026-07-28,0.0,,,,,,,6.59,,,,,,,,
299660,2026-12-31,2026-07-28,2026-07-28,0.0,,,,,,,0.71,,,,,,,,
108860,2026-12-31,2026-07-28,2026-07-28,0.0,,,,,,,2.21,,,,,,,,
208370,2026-12-31,2026-07-28,2026-07-28,5.46,,,,,,17.75,0.97,,,,,,,151.0,
318160,2026-12-31,2026-07-28,2026-07-28,15.63,,,,,,5.38,0.84,,,,,,,1059.0,
308430,2026-12-31,2026-07-28,2026-07-28,0.0,,,,,,,6.53,,,,,,,,
068760,2026-12-31,2026-07-28,2026-07-28,8.89,,,,,,45.6,4.05,,,,0.5,,,875.0,
068940,2026-12-31,2026-07-28,2026-07-28,0.0,,,,,,,3.44,,,,,,,,
007720,2026-12-31,2026-07-28,2026-07-28,0.0,,,,,,,0.34,,,,,,,,
032680,2026-12-31,2026-07-28,2026-07-28,0.0,,,,,,,0.37,,,,,,,,
032685,2026-12-31,2026-07-28,2026-07-28,,,,,,,,,,,,,,,,
258790,2026-12-31,2026-07-28,2026-07-28,24.53,,,,,,5.3,1.3,,,,,,,790.0,
066910,2026-12-31,2026-07-28,2026-07-28,1.92,,,,,,28.64,0.55,,,,,,,70.0,
215090,2026-12-31,2026-07-28,2026-07-28,6.08,,,,,,9.61,0.58,,,,,,,137.0,
035610,2026-12-31,2026-07-28,2026-07-28,10.47,,,,,,5.68,0.59,,,,,,,814.0,
357780,2026-12-31,2026-07-28,2026-07-28,7.46,,,,,,24.11,1.8,,,,0.95,,,10285.0,
036830,2026-12-31,2026-07-28,2026-07-28,27.93,,,,,,1.21,0.34,,,,1.71,,,24137.0,
304100,2026-12-31,2026-07-28,2026-07-28,0.0,,,,,,,2.29,,,,,,,,
328380,2026-12-31,2026-07-28,2026-07-28,3.62,,,,,,23.76,0.86,,,,,,,125.0,
086980,2026-12-31,2026-07-28,2026-07-28,0.0,,,,,,,1.08,,,,,,,,
050960,2026-12-31,2026-07-28,2026-07-28,5.73,,,,,,10.56,0.6,,,,3.79,,,774.0,
084180,2026-12-31,2026-07-28,2026-07-28,0.0,,,,,,,0.12,,,,,,,,
253840,2026-12-31,2026-07-28,2026-07-28,0.0,,,,,,,0.78,,,,,,,,
298830,2026-12-31,2026-07-28,2026-07-28,8.12,,,,,,21.4,1.74,,,,,,,164.0,
236200,2026-12-31,2026-07-28,2026-07-28,11.98,,,,,,10.06,1.21,,,,,,,4662.0,
094840,2026-12-31,2026-07-28,2026-07-28,5.8,,,,,,9.12,0.53,,,,,,,1429.0,
192440,2026-12-31,2026-07-28,2026-07-28,5.41,,,,,,5.82,0.31,,,,1.73,,,4967.0,
424960,2026-12-31,2026-07-28,2026-07-28,0.0,,,,,,,2.84,,,,,,,,
099440,2026-12-31,2026-07-28,2026-07-28,0.0,,,,,,,2.24,,,,,,,,
066590,2026-12-31,2026-07-28,2026-07-28,0.0,,,,,,,1.21,,,,,,,,
276040,2026-12-31,2026-07-28,2026-07-28,0.0,,,,,,,0.54,,,,,,,,
115570,2026-12-31,2026-07-28,2026-07-28,4.87,,,,,,5.31,0.26,,,,4.28,,,440.0,
330730,2026-12-31,2026-07-28,2026-07-28,11.88,,,,,,7.0,0.83,,,,6.73,,,637.0,
352090,2026-12-31,2026-07-28,2026-07-28,10.89,,,,,,9.03,0.98,,,,13.12,,,380.0,
253450,2026-12-31,2026-07-28,2026-07-28,1.29,,,,,,61.08,0.79,,,,,,,343.0,
408900,2026-12-31,2026-07-28,2026-07-28,0.0,,,,,,,0.85,,,,,,,,
415380,2026-12-31,2026-07-28,2026-07-28,7.69,,,,,,7.22,0.56,,,,5.68,,,244.0,
475040,2026-12-31,2026-07-28,2026-07-28,0.0,,,,,,,4.77,,,,,,,,
013810,2026-12-31,2026-07-28,2026-07-28,0.0,,,,,,,0.54,,,,,,,,
347700,2026-12-31,2026-07-28,2026-07-28,0.34,,,,,,2962.0,9.98,,,,,,,5.0,
049830,2026-12-31,2026-07-28,2026-07-28,1.67,,,,,,14.67,0.25,,,,2.4,,,426.0,
020710,2026-12-31,2026-07-28,2026-07-28,16.43,,,,,,2.09,0.34,,,,10.03,,,1617.0,
033170,2026-12-31,2026-07-28,2026-07-28,0.0,,,,,,,0.62,,,,,,,,
048870,2026-12-31,2026-07-28,2026-07-28,1.46,,,,,,43.94,0.64,,,,,,,35.0,
025320,2026-12-31,2026-07-28,2026-07-28,4.28,,,,,,42.94,1.84,,,,,,,80.0,
340810,2026-12-31,2026-07-28,2026-07-28,0.0,,,,,,,2.44,,,,,,,,
269620,2026-12-31,2026-07-28,2026-07-28,,,,,,,,,,,,,,,,
056090,2026-12-31,2026-07-28,2026-07-28,6.92,,,,,,14.79,1.02,,,,,,,63.0,
429270,2026-12-31,2026-07-28,2026-07-28,0.0,,,,,,,0.93,,,,,,,,
418250,2026-12-31,2026-07-28,2026-07-28,0.0,,,,,,,13.05,,,,,,,,
131090,2026-12-31,2026-07-28,2026-07-28,9.47,,,,,,6.16,0.58,,,,3.97,,,614.0,
290520,2026-12-31,2026-07-28,2026-07-28,3.03,,,,,,15.43,0.47,,,,,,,114.0,
001000,2026-12-31,2026-07-28,2026-07-28,0.5,,,,,,194.0,0.98,,,,,,,3.0,
025870,2026-12-31,2026-07-28,2026-07-28,0.0,,,,,,,0.69,,,,,,,,
215600,2026-12-31,2026-07-28,2026-07-28,0.0,,,,,,,2.43,,,,,,,,
065350,2026-12-31,2026-07-28,2026-07-28,8.8,,,,,,32.56,2.86,,,,0.46,,,797.0,
416180,2026-12-31,2026-07-28,2026-07-28,0.53,,,,,,262.1,1.39,,,,1.23,,,62.0,
162300,2026-12-31,2026-07-28,2026-07-28,1.58,,,,,,43.7,0.69,,,,1.46,,,33.0,
002800,2026-12-31,2026-07-28,2026-07-28,12.43,,,,,,6.82,0.85,,,,1.91,,,613.0,
472220,2026-12-31,2026-07-28,2026-07-28,,,,,,,,,,,,,,,,
0091W0,2026-12-31,2026-07-28,2026-07-28,,,,,,,,,,,,,,,,
017000,2026-12-31,2026-07-28,2026-07-28,4.33,,,,,,4.91,0.21,,,,,,,434.0,
012790,2026-12-31,2026-07-28,2026-07-28,4.94,,,,,,7.88,0.39,,,,3.7,,,651.0,
138070,2026-12-31,2026-07-28,2026-07-28,0.0,,,,,,,0.33,,,,1.99,,,,
226330,2026-12-31,2026-07-28,2026-07-28,0.0,,,,,,,1.18,,,,,,,,
474660,2026-12-31,2026-07-28,2026-07-28,,,,,,,,,,,,,,,,
474930,2026-12-31,2026-07-28,2026-07-28,,,,,,,,,,,,,,,,
487360,2026-12-31,2026-07-28,2026-07-28,,,,,,,,,,,,,,,,
487830,2026-12-31,2026-07-28,2026-07-28,,,,,,,,,,,,,,,,
496070,2026-12-31,2026-07-28,2026-07-28,,,,,,,,,,,,,,,,
0130D0,2026-12-31,2026-07-28,2026-07-28,,,,,,,,,,,,,,,,
0129K0,2026-12-31,2026-07-28,2026-07-28,,,,,,,,,,,,,,,,
056700,2026-12-31,2026-07-28,2026-07-28,3.45,,,,,,12.63,0.44,,,,,,,116.0,
187270,2026-12-31,2026-07-28,2026-07-28,4.35,,,,,,7.82,0.34,,,,1.9,,,337.0,
095190,2026-12-31,2026-07-28,2026-07-28,0.0,,,,,,,1.19,,,,,,,,
243840,2026-12-31,2026-07-28,2026-07-28,0.0,,,,,,,0.5,,,,,,,,
257720,2026-12-31,2026-07-28,2026-07-28,39.51,,,,,,13.24,5.23,,,,0.84,,,2756.0,
222800,2026-12-31,2026-07-28,2026-07-28,0.0,,,,,,,4.9,,,,0.13,,,,
036710,2026-12-31,2026-07-28,2026-07-28,0.0,,,,,,,6.15,,,,0.34,,,,
444530,2026-12-31,2026-07-28,2026-07-28,0.0,,,,,,,1.84,,,,,,,,
234030,2026-12-31,2026-07-28,2026-07-28,5.1,,,,,,35.89,1.83,,,,,,,79.0,
160980,2026-12-31,2026-07-28,2026-07-28,8.02,,,,,,17.61,1.41,,,,1.59,,,1425.0,
356890,2026-12-31,2026-07-28,2026-07-28,0.0,,,,,,,0.65,,,,1.62,,,,
217330,2026-12-31,2026-07-28,2026-07-28,0.0,,,,,,,1.97,,,,,,,,
208640,2026-12-31,2026-07-28,2026-07-28,0.0,,,,,,,1.54,,,,,,,,
222420,2026-12-31,2026-07-28,2026-07-28,3.68,,,,,,26.7,0.98,,,,,,,30.0,
037760,2026-12-31,2026-07-28,2026-07-28,0.0,,,,,,,0.87,,,,2.08,,,,
081180,2026-12-31,2026-07-28,2026-07-28,0.0,,,,,,,1.29,,,,,,,,
099320,2026-12-31,2026-07-28,2026-07-28,6.14,,,,,,49.14,3.02,,,,0.15,,,1396.0,
049960,2026-12-31,2026-07-28,2026-07-28,7.69,,,,,,10.11,0.78,,,,4.01,,,1479.0,
088280,2026-12-31,2026-07-28,2026-07-28,0.0,,,,,,,1.22,,,,,,,,
050890,2026-12-31,2026-07-28,2026-07-28,10.36,,,,,,13.89,1.44,,,,0.59,,,610.0,
394800,2026-12-31,2026-07-28,2026-07-28,0.0,,,,,,,6.96,,,,,,,,
177900,2026-12-31,2026-07-28,2026-07-28,0.0,,,,,,,0.77,,,,,,,,
475400,2026-12-31,2026-07-28,2026-07-28,0.0,,,,,,,3.01,,,,,,,,
109670,2026-12-31,2026-07-28,2026-07-28,0.0,,,,,,,0.37,,,,,,,,
066790,2026-12-31,2026-07-28,2026-07-28,0.0,,,,,,,3.55,,,,,,,,
352480,2026-12-31,2026-07-28,2026-07-28,5.1,,,,,,13.54,0.69,,,,,,,1329.0,
264660,2026-12-31,2026-07-28,2026-07-28,13.67,,,,,,5.46,0.75,,,,4.85,,,2078.0,
352700,2026-12-31,2026-07-28,2026-07-28,0.0,,,,,,,0.23,,,,3.62,,,,
458870,2026-12-31,2026-07-28,2026-07-28,40.98,,,,,,58.9,24.14,,,,,,,427.0,
297090,2026-12-31,2026-07-28,2026-07-28,11.13,,,,,,8.23,0.92,,,,,,,412.0,
359090,2026-12-31,2026-07-28,2026-07-28,5.23,,,,,,8.44,0.44,,,,2.63,,,225.0,
115530,2026-12-31,2026-07-28,2026-07-28,0.0,,,,,,,1.73,,,,,,,,
388210,2026-12-31,2026-07-28,2026-07-28,0.0,,,,,,,3.61,,,,,,,,
115480,2026-12-31,2026-07-28,2026-07-28,1.42,,,,,,25.03,0.36,,,,,,,70.0,
376290,2026-12-31,2026-07-28,2026-07-28,1.19,,,,,,31.95,0.38,,,,0.98,,,77.0,
189330,2026-12-31,2026-07-28,2026-07-28,0.0,,,,,,,3.45,,,,,,,,
096530,2026-12-31,2026-07-28,2026-07-28,4.75,,,,,,25.02,1.19,,,,3.82,,,1047.0,
101240,2026-12-31,2026-07-28,2026-07-28,8.41,,,,,,3.35,0.28,,,,,,,895.0,
060590,2026-12-31,2026-07-28,2026-07-28,4.47,,,,,,20.99,0.94,,,,,,,136.0,
260930,2026-12-31,2026-07-28,2026-07-28,0.0,,,,,,,0.32,,,,4.37,,,,
413630,2026-12-31,2026-07-28,2026-07-28,4.52,,,,,,77.78,3.52,,,,1.43,,,54.0,
013990,2026-12-31,2026-07-28,2026-07-28,6.46,,,,,,9.98,0.64,,,,,,,417.0,
175140,2026-12-31,2026-07-28,2026-07-28,0.0,,,,,,,1.33,,,,,,,,
123860,2026-12-31,2026-07-28,2026-07-28,3.6,,,,,,52.14,1.88,,,,2.14,,,224.0,
025980,2026-12-31,2026-07-28,2026-07-28,0.0,,,,,,,0.46,,,,,,,,
0015N0,2026-12-31,2026-07-28,2026-07-28,13.08,,,,,,10.77,1.41,,,,,,,442.0,
261780,2026-12-31,2026-07-28,2026-07-28,0.0,,,,,,,4.81,,,,,,,,
290690,2026-12-31,2026-07-28,2026-07-28,0.0,,,,,,,2.15,,,,,,,,
125210,2026-12-31,2026-07-28,2026-07-28,7.26,,,,,,14.87,1.08,,,,,,,357.0,
357580,2026-12-31,2026-07-28,2026-07-28,1.15,,,,,,108.98,1.25,,,,,,,44.0,
052710,2026-12-31,2026-07-28,2026-07-28,5.07,,,,,,23.29,1.18,,,,,,,532.0,
074430,2026-12-31,2026-07-28,2026-07-28,6.27,,,,,,25.8,1.62,,,,,,,40.0,
092040,2026-12-31,2026-07-28,2026-07-28,0.0,,,,,,,0.65,,,,,,,,
083930,2026-12-31,2026-07-28,2026-07-28,12.79,,,,,,5.02,0.64,,,,5.01,,,1987.0,
149950,2026-12-31,2026-07-28,2026-07-28,4.55,,,,,,15.12,0.69,,,,2.61,,,506.0,
036010,2026-12-31,2026-07-28,2026-07-28,8.15,,,,,,7.01,0.57,,,,0.6,,,716.0,
050860,2026-12-31,2026-07-28,2026-07-28,2.12,,,,,,11.42,0.24,,,,3.06,,,143.0,
136410,2026-12-31,2026-07-28,2026-07-28,12.32,,,,,,5.4,0.66,,,,2.89,,,834.0,
246720,2026-12-31,2026-07-28,2026-07-28,0.0,,,,,,,9.98,,,,,,,,
450950,2026-12-31,2026-07-28,2026-07-28,20.05,,,,,,22.24,4.46,,,,1.91,,,250.0,
067390,2026-12-31,2026-07-28,2026-07-28,0.0,,,,,,,0.59,,,,,,,,
159010,2026-12-31,2026-07-28,2026-07-28,0.0,,,,,,,3.39,,,,,,,,
127710,2026-12-31,2026-07-28,2026-07-28,3.36,,,,,,11.15,0.38,,,,,,,92.0,
154030,2026-12-31,2026-07-28,2026-07-28,0.0,,,,,,,0.8,,,,,,,,
227610,2026-12-31,2026-07-28,2026-07-28,0.0,,,,,,,1.25,,,,,,,,
331740,2026-12-31,2026-07-28,2026-07-28,0.0,,,,,,,1.84,,,,,,,,
143160,2026-12-31,2026-07-28,2026-07-28,7.13,,,,,,9.05,0.65,,,,2.53,,,1745.0,
054800,2026-12-31,2026-07-28,2026-07-28,12.01,,,,,,2.81,0.34,,,,2.08,,,5126.0,
332370,2026-12-31,2026-07-28,2026-07-28,14.81,,,,,,6.07,0.9,,,,3.27,,,857.0,
066430,2026-12-31,2026-07-28,2026-07-28,3.82,,,,,,42.09,1.61,,,,,,,43.0,
339950,2026-12-31,2026-07-28,2026-07-28,28.08,,,,,,5.69,1.6,,,,11.03,,,478.0,
469750,2026-12-31,2026-07-28,2026-07-28,0.0,,,,,,,0.54,,,,,,,,
460470,2026-12-31,2026-07-28,2026-07-28,0.0,,,,,,,1.49,,,,,,,,
099190,2026-12-31,2026-07-28,2026-07-28,0.0,,,,,,,1.46,,,,0.6,,,,
461300,2026-12-31,2026-07-28,2026-07-28,24.18,,,,,,4.05,0.98,,,,9.87,,,3893.0,
289010,2026-12-31,2026-07-28,2026-07-28,0.0,,,,,,,0.29,,,,,,,,
214430,2026-12-31,2026-07-28,2026-07-28,13.89,,,,,,22.17,3.08,,,,0.76,,,2657.0,
040910,2026-12-31,2026-07-28,2026-07-28,0.0,,,,,,,0.64,,,,,,,,
368600,2026-12-31,2026-07-28,2026-07-28,0.0,,,,,,,0.96,,,,,,,,
456010,2026-12-31,2026-07-28,2026-07-28,0.0,,,,,,,4.12,,,,,,,,
052860,2026-12-31,2026-07-28,2026-07-28,13.13,,,,,,13.56,1.78,,,,,,,281.0,
464500,2026-12-31,2026-07-28,2026-07-28,0.0,,,,,,,0.81,,,,,,,,
212710,2026-12-31,2026-07-28,2026-07-28,0.0,,,,,,,3.26,,,,,,,,
038880,2026-12-31,2026-07-28,2026-07-28,0.0,,,,,,,0.49,,,,,,,,
307180,2026-12-31,2026-07-28,2026-07-28,0.0,,,,,,,6.53,,,,,,,,
493280,2026-12-31,2026-07-28,2026-07-28,2.22,,,,,,124.84,2.77,,,,,,,128.0,
461030,2026-12-31,2026-07-28,2026-07-28,0.0,,,,,,,1.61,,,,,,,,
451220,2026-12-31,2026-07-28,2026-07-28,3.16,,,,,,61.94,1.96,,,,,,,124.0,
078860,2026-12-31,2026-07-28,2026-07-28,0.0,,,,,,,0.24,,,,,,,,
090150,2026-12-31,2026-07-28,2026-07-28,18.67,,,,,,2.3,0.43,,,,,,,217.0,
031310,2026-12-31,2026-07-28,2026-07-28,6.27,,,,,,2.33,0.15,,,,,,,382.0,
462980,2026-12-31,2026-07-28,2026-07-28,11.72,,,,,,9.79,1.15,,,,,,,142.0,
185490,2026-12-31,2026-07-28,2026-07-28,0.0,,,,,,,1.09,,,,,,,,
059100,2026-12-31,2026-07-28,2026-07-28,13.43,,,,,,5.18,0.7,,,,3.14,,,922.0,
262840,2026-12-31,2026-07-28,2026-07-28,10.59,,,,,,5.06,0.54,,,,5.01,,,552.0,
175250,2026-12-31,2026-07-28,2026-07-28,0.0,,,,,,,3.08,,,,,,,,
052460,2026-12-31,2026-07-28,2026-07-28,22.01,,,,,,4.3,0.95,,,,2.76,,,842.0,
119830,2026-12-31,2026-07-28,2026-07-28,0.0,,,,,,,0.65,,,,,,,,
052770,2026-12-31,2026-07-28,2026-07-28,0.0,,,,,,,1.02,,,,,,,,
124500,2026-12-31,2026-07-28,2026-07-28,37.19,,,,,,9.91,3.69,,,,,,,2010.0,
010280,2026-12-31,2026-07-28,2026-07-28,23.19,,,,,,2.55,0.59,,,,,,,1772.0,
232830,2026-12-31,2026-07-28,2026-07-28,0.0,,,,,,,1.41,,,,,,,,
372800,2026-12-31,2026-07-28,2026-07-28,0.0,,,,,,,1.96,,,,,,,,
084850,2026-12-31,2026-07-28,2026-07-28,0.0,,,,,,,1.72,,,,,,,,
309710,2026-12-31,2026-07-28,2026-07-28,0.0,,,,,,,4.02,,,,,,,,
114840,2026-12-31,2026-07-28,2026-07-28,20.75,,,,,,6.11,1.27,,,,3.84,,,1273.0,
027360,2026-12-31,2026-07-28,2026-07-28,3.14,,,,,,42.36,1.33,,,,2.36,,,70.0,
032080,2026-12-31,2026-07-28,2026-07-28,0.86,,,,,,23.5,0.2,,,,,,,44.0,
013310,2026-12-31,2026-07-28,2026-07-28,6.68,,,,,,4.04,0.27,,,,4.14,,,598.0,
059120,2026-12-31,2026-07-28,2026-07-28,2.04,,,,,,136.74,2.79,,,,,,,46.0,
0007C0,2026-12-31,2026-07-28,2026-07-28,0.0,,,,,,,2.52,,,,,,,,
158430,2026-12-31,2026-07-28,2026-07-28,1.61,,,,,,56.59,0.91,,,,1.34,,,66.0,
297570,2026-12-31,2026-07-28,2026-07-28,10.68,,,,,,5.56,0.59,,,,,,,143.0,
200350,2026-12-31,2026-07-28,2026-07-28,0.0,,,,,,,0.35,,,,,,,,
321820,2026-12-31,2026-07-28,2026-07-28,3.28,,,,,,26.4,0.87,,,,,,,86.0,
001540,2026-12-31,2026-07-28,2026-07-28,4.52,,,,,,16.02,0.72,,,,6.01,,,658.0,
053800,2026-12-31,2026-07-28,2026-07-28,13.75,,,,,,9.28,1.28,,,,2.64,,,5714.0,
065660,2026-12-31,2026-07-28,2026-07-28,0.0,,,,,,,1.81,,,,,,,,
260660,2026-12-31,2026-07-28,2026-07-28,0.0,,,,,,,0.44,,,,3.25,,,,
354320,2026-12-31,2026-07-28,2026-07-28,0.0,,,,,,,1.0,,,,,,,,
361570,2026-12-31,2026-07-28,2026-07-28,0.0,,,,,,,0.67,,,,,,,,
131370,2026-12-31,2026-07-28,2026-07-28,1.83,,,,,,41.65,0.76,,,,0.71,,,34.0,
140670,2026-12-31,2026-07-28,2026-07-28,0.0,,,,,,,1.78,,,,,,,,
096610,2026-12-31,2026-07-28,2026-07-28,11.82,,,,,,30.26,3.58,,,,,,,98.0,
061040,2026-12-31,2026-07-28,2026-07-28,0.0,,,,,,,0.2,,,,,,,,
148250,2026-12-31,2026-07-28,2026-07-28,0.0,,,,,,,0.47,,,,,,,,
123010,2026-12-31,2026-07-28,2026-07-28,0.0,,,,,,,1.7,,,,,,,,
476830,2026-12-31,2026-07-28,2026-07-28,0.0,,,,,,,11.43,,,,,,,,
347860,2026-12-31,2026-07-28,2026-07-28,0.0,,,,,,,2.43,,,,,,,,
196170,2026-12-31,2026-07-28,2026-07-28,32.13,,,,,,111.76,35.91,,,,0.13,,,2653.0,
123750,2026-12-31,2026-07-28,2026-07-28,1.07,,,,,,113.06,1.21,,,,,,,17.0,
459550,2026-12-31,2026-07-28,2026-07-28,11.57,,,,,,6.1,0.71,,,,,,,223.0,
085810,2026-12-31,2026-07-28,2026-07-28,0.0,,,,,,,0.4,,,,,,,,
043100,2026-12-31,2026-07-28,2026-07-28,0.0,,,,,,,0.34,,,,,,,,
117670,2026-12-31,2026-07-28,2026-07-28,0.0,,,,,,,1.39,,,,,,,,
314140,2026-12-31,2026-07-28,2026-07-28,4.37,,,,,,10.35,0.45,,,,0.89,,,541.0,
291650,2026-12-31,2026-07-28,2026-07-28,0.0,,,,,,,1.38,,,,,,,,
293780,2026-12-31,2026-07-28,2026-07-28,0.0,,,,,,,2.67,,,,,,,,
310200,2026-12-31,2026-07-28,2026-07-28,10.82,,,,,,10.62,1.15,,,,3.5,,,250.0,
179530,2026-12-31,2026-07-28,2026-07-28,0.0,,,,,,,1.94,,,,,,,,
397810,2026-12-31,2026-07-28,2026-07-28,0.0,,,,,,,0.5,,,,5.8,,,,
0011A0,2026-12-31,2026-07-28,2026-07-28,18.19,,,,,,11.02,2.0,,,,,,,734.0,
052790,2026-12-31,2026-07-28,2026-07-28,12.33,,,,,,1.38,0.17,,,,,,,2899.0,
290740,2026-12-31,2026-07-28,2026-07-28,10.05,,,,,,8.65,0.87,,,,1.44,,,802.0,
238090,2026-12-31,2026-07-28,2026-07-28,5.49,,,,,,8.89,0.49,,,,,,,230.0,
138360,2026-12-31,2026-07-28,2026-07-28,12.25,,,,,,13.03,1.6,,,,,,,136.0,
092600,2026-12-31,2026-07-28,2026-07-28,31.91,,,,,,1.07,0.34,,,,,,,2545.0,
129890,2026-12-31,2026-07-28,2026-07-28,10.34,,,,,,6.41,0.66,,,,19.25,,,141.0,
174900,2026-12-31,2026-07-28,2026-07-28,0.0,,,,,,,6.27,,,,,,,,
109960,2026-12-31,2026-07-28,2026-07-28,0.0,,,,,,,0.06,,,,,,,,
270520,2026-12-31,2026-07-28,2026-07-28,0.0,,,,,,,0.66,,,,,,,,
255440,2026-12-31,2026-07-28,2026-07-28,0.0,,,,,,,0.47,,,,,,,,
030960,2026-12-31,2026-07-28,2026-07-28,0.0,,,,,,,0.32,,,,1.16,,,,
102120,2026-12-31,2026-07-28,2026-07-28,8.51,,,,,,10.26,0.87,,,,3.18,,,613.0,
238120,2026-12-31,2026-07-28,2026-07-28,7.79,,,,,,13.54,1.06,,,,,,,206.0,
019990,2026-12-31,2026-07-28,2026-07-28,0.0,,,,,,,1.11,,,,2.28,,,,
435570,2026-12-31,2026-07-28,2026-07-28,0.0,,,,,,,0.93,,,,1.96,,,,
270660,2026-12-31,2026-07-28,2026-07-28,0.0,,,,,,,2.28,,,,,,,,
038680,2026-12-31,2026-07-28,2026-07-28,4.35,,,,,,13.9,0.6,,,,2.89,,,249.0,
217480,2026-12-31,2026-07-28,2026-07-28,0.0,,,,,,,1.86,,,,,,,,
121890,2026-12-31,2026-07-28,2026-07-28,10.65,,,,,,20.67,2.2,,,,,,,96.0,
304360,2026-12-31,2026-07-28,2026-07-28,0.0,,,,,,,22.54,,,,,,,,
389500,2026-12-31,2026-07-28,2026-07-28,0.0,,,,,,,14.44,,,,,,,,
042110,2026-12-31,2026-07-28,2026-07-28,4.67,,,,,,8.63,0.4,,,,4.39,,,132.0,
065420,2026-12-31,2026-07-28,2026-07-28,0.0,,,,,,,0.84,,,,,,,,
103230,2026-12-31,2026-07-28,2026-07-28,6.79,,,,,,4.84,0.33,,,,,,,504.0,
260970,2026-12-31,2026-07-28,2026-07-28,23.9,,,,,,6.56,1.57,,,,3.83,,,7124.0,
101490,2026-12-31,2026-07-28,2026-07-28,19.22,,,,,,14.12,2.71,,,,0.51,,,2797.0,
095910,2026-12-31,2026-07-28,2026-07-28,0.0,,,,,,,0.53,,,,,,,,
275630,2026-12-31,2026-07-28,2026-07-28,0.0,,,,,,,0.74,,,,,,,,
031330,2026-12-31,2026-07-28,2026-07-28,15.59,,,,,,11.48,1.79,,,,2.58,,,777.0,
060540,2026-12-31,2026-07-28,2026-07-28,0.76,,,,,,36.67,0.28,,,,4.55,,,30.0,
0008Z0,2026-12-31,2026-07-28,2026-07-28,11.85,,,,,,9.66,1.14,,,,2.28,,,2169.0,
246250,2026-12-31,2026-07-28,2026-07-28,0.0,,,,,,,3.88,,,,,,,,
041510,2026-12-31,2026-07-28,2026-07-28,34.63,,,,,,4.62,1.6,,,,2.31,,,15166.0,
460870,2026-12-31,2026-07-28,2026-07-28,3.41,,,,,,36.85,1.26,,,,,,,73.0,
464080,2026-12-31,2026-07-28,2026-07-28,0.0,,,,,,,4.91,,,,,,,,
109610,2026-12-31,2026-07-28,2026-07-28,0.0,,,,,,,0.47,,,,2.92,,,,
365330,2026-12-31,2026-07-28,2026-07-28,0.0,,,,,,,0.69,,,,,,,,
306040,2026-12-31,2026-07-28,2026-07-28,0.0,,,,,,,0.12,,,,,,,,
398120,2026-12-31,2026-07-28,2026-07-28,3.95,,,,,,22.12,0.87,,,,,,,86.0,
472230,2026-12-31,2026-07-28,2026-07-28,,,,,,,,,,,,,,,,
473000,2026-12-31,2026-07-28,2026-07-28,,,,,,,,,,,,,,,,
473950,2026-12-31,2026-07-28,2026-07-28,,,,,,,,,,,,,,,,
475660,2026-12-31,2026-07-28,2026-07-28,0.0,,,,,,,0.66,,,,,,,,
096630,2026-12-31,2026-07-28,2026-07-28,40.37,,,,,,0.77,0.31,,,,,,,2285.0,
069510,2026-12-31,2026-07-28,2026-07-28,17.71,,,,,,2.42,0.43,,,,7.08,,,4949.0,
488280,2026-12-31,2026-07-28,2026-07-28,0.0,,,,,,,4.71,,,,,,,,
234300,2026-12-31,2026-07-28,2026-07-28,4.76,,,,,,15.61,0.74,,,,4.98,,,180.0,
039440,2026-12-31,2026-07-28,2026-07-28,5.57,,,,,,19.95,1.11,,,,0.72,,,1045.0,
098660,2026-12-31,2026-07-28,2026-07-28,0.0,,,,,,,0.93,,,,,,,,
052020,2026-12-31,2026-07-28,2026-07-28,0.0,,,,,,,6.59,,,,,,,,
237690,2026-12-31,2026-07-28,2026-07-28,9.44,,,,,,36.4,3.44,,,,0.51,,,2706.0,
458350,2026-12-31,2026-07-28,2026-07-28,13.48,,,,,,12.07,1.63,,,,,,,304.0,
050760,2026-12-31,2026-07-28,2026-07-28,0.0,,,,,,,0.3,,,,,,,,
288620,2026-12-31,2026-07-28,2026-07-28,0.0,,,,,,,0.61,,,,,,,,
443670,2026-12-31,2026-07-28,2026-07-28,5.59,,,,,,18.32,1.02,,,,,,,155.0,
317830,2026-12-31,2026-07-28,2026-07-28,0.0,,,,,,,0.86,,,,,,,,
058610,2026-12-31,2026-07-28,2026-07-28,3.54,,,,,,165.05,5.85,,,,0.37,,,412.0,
043340,2026-12-31,2026-07-28,2026-07-28,1.47,,,,,,104.5,1.53,,,,,,,8.0,
163280,2026-12-31,2026-07-28,2026-07-28,4.07,,,,,,15.19,0.62,,,,,,,206.0,
200710,2026-12-31,2026-07-28,2026-07-28,2.66,,,,,,95.68,2.54,,,,,,,278.0,
475580,2026-12-31,2026-07-28,2026-07-28,0.0,,,,,,,1.85,,,,,,,,
096690,2026-12-31,2026-07-28,2026-07-28,0.0,,,,,,,0.21,,,,,,,,
298380,2026-12-31,2026-07-28,2026-07-28,0.0,,,,,,,24.51,,,,,,,,
203400,2026-12-31,2026-07-28,2026-07-28,0.0,,,,,,,1.02,,,,,,,,
003800,2026-12-31,2026-07-28,2026-07-28,7.48,,,,,,6.04,0.45,,,,7.18,,,5302.0,
088800,2026-12-31,2026-07-28,2026-07-28,0.0,,,,,,,1.8,,,,,,,,
241840,2026-12-31,2026-07-28,2026-07-28,0.0,,,,,,,0.42,,,,,,,,
364950,2026-12-31,2026-07-28,2026-07-28,0.0,,,,,,,0.55,,,,,,,,
453860,2026-12-31,2026-07-28,2026-07-28,3.64,,,,,,24.19,0.88,,,,5.41,,,382.0,
312610,2026-12-31,2026-07-28,2026-07-28,0.0,,,,,,,0.16,,,,,,,,
172670,2026-12-31,2026-07-28,2026-07-28,0.0,,,,,,,0.77,,,,,,,,
481070,2026-12-31,2026-07-28,2026-07-28,12.71,,,,,,26.6,3.38,,,,,,,615.0,
060900,2026-12-31,2026-07-28,2026-07-28,0.0,,,,,,,0.46,,,,,,,,
445090,2026-12-31,2026-07-28,2026-07-28,0.0,,,,,,,3.47,,,,,,,,
295310,2026-12-31,2026-07-28,2026-07-28,14.0,,,,,,33.73,4.72,,,,,,,1060.0,
072990,2026-12-31,2026-07-28,2026-07-28,6.69,,,,,,7.25,0.49,,,,1.4,,,442.0,
044990,2026-12-31,2026-07-28,2026-07-28,8.49,,,,,,8.31,0.71,,,,2.47,,,1216.0,
239610,2026-12-31,2026-07-28,2026-07-28,0.0,,,,,,,0.32,,,,,,,,
0156T0,2026-12-31,2026-07-28,2026-07-28,10.12,,,,,,7.69,0.78,,,,,,,1409.0,
036170,2026-12-31,2026-07-28,2026-07-28,8.08,,,,,,13.31,1.08,,,,,,,181.0,
477340,2026-12-31,2026-07-28,2026-07-28,,,,,,,,,,,,,,,,
148930,2026-12-31,2026-07-28,2026-07-28,5.33,,,,,,9.45,0.5,,,,0.45,,,355.0,
044780,2026-12-31,2026-07-28,2026-07-28,7.24,,,,,,5.18,0.38,,,,,,,249.0,
357230,2026-12-31,2026-07-28,2026-07-28,5.54,,,,,,10.2,0.57,,,,3.37,,,204.0,
355690,2026-12-31,2026-07-28,2026-07-28,0.0,,,,,,,10.55,,,,,,,,
071670,2026-12-31,2026-07-28,2026-07-28,0.52,,,,,,103.04,0.54,,,,,,,46.0,
045660,2026-12-31,2026-07-28,2026-07-28,0.47,,,,,,126.98,0.6,,,,4.38,,,63.0,
224110,2026-12-31,2026-07-28,2026-07-28,0.99,,,,,,59.33,0.59,,,,3.75,,,135.0,
021080,2026-12-31,2026-07-28,2026-07-28,12.26,,,,,,3.71,0.45,,,,6.93,,,545.0,
200470,2026-12-31,2026-07-28,2026-07-28,7.42,,,,,,32.56,2.42,,,,,,,123.0,
262260,2026-12-31,2026-07-28,2026-07-28,0.0,,,,,,,0.51,,,,2.01,,,,
397030,2026-12-31,2026-07-28,2026-07-28,0.0,,,,,,,5.51,,,,,,,,
0009K0,2026-12-31,2026-07-28,2026-07-28,3.6,,,,,,184.26,6.63,,,,,,,108.0,
230240,2026-12-31,2026-07-28,2026-07-28,0.0,,,,,,,1.29,,,,,,,,
159910,2026-12-31,2026-07-28,2026-07-28,0.0,,,,,,,1.69,,,,,,,,
097780,2026-12-31,2026-07-28,2026-07-28,0.0,,,,,,,0.16,,,,,,,,
038870,2026-12-31,2026-07-28,2026-07-28,0.0,,,,,,,0.33,,,,,,,,
448280,2026-12-31,2026-07-28,2026-07-28,1.42,,,,,,113.17,1.61,,,,1.03,,,60.0,
101360,2026-12-31,2026-07-28,2026-07-28,0.0,,,,,,,0.5,,,,,,,,
128540,2026-12-31,2026-07-28,2026-07-28,0.0,,,,,,,0.28,,,,,,,,
086520,2026-12-31,2026-07-28,2026-07-28,0.0,,,,,,,4.99,,,,0.21,,,,
247540,2026-12-31,2026-07-28,2026-07-28,2.28,,,,,,252.61,5.76,,,,0.1,,,403.0,
383310,2026-12-31,2026-07-28,2026-07-28,4.34,,,,,,36.05,1.57,,,,0.88,,,631.0,
038110,2026-12-31,2026-07-28,2026-07-28,0.57,,,,,,36.92,0.21,,,,2.71,,,50.0,
073540,2026-12-31,2026-07-28,2026-07-28,3.45,,,,,,11.8,0.41,,,,3.47,,,183.0,
064850,2026-12-31,2026-07-28,2026-07-28,14.33,,,,,,19.67,2.82,,,,1.53,,,866.0,
036810,2026-12-31,2026-07-28,2026-07-28,0.0,,,,,,,1.52,,,,,,,,
173940,2026-12-31,2026-07-28,2026-07-28,0.0,,,,,,,1.77,,,,,,,,
083500,2026-12-31,2026-07-28,2026-07-28,10.37,,,,,,10.07,1.04,,,,3.0,,,1125.0,
317530,2026-12-31,2026-07-28,2026-07-28,0.0,,,,,,,1.73,,,,,,,,
054940,2026-12-31,2026-07-28,2026-07-28,0.91,,,,,,40.0,0.37,,,,,,,19.0,
373110,2026-12-31,2026-07-28,2026-07-28,0.0,,,,,,,2.72,,,,,,,,
205100,2026-12-31,2026-07-28,2026-07-28,5.36,,,,,,15.6,0.84,,,,2.93,,,92.0,
356680,2026-12-31,2026-07-28,2026-07-28,8.04,,,,,,72.06,5.79,,,,,,,136.0,
070300,2026-12-31,2026-07-28,2026-07-28,1.17,,,,,,95.94,1.12,,,,,,,16.0,
317770,2026-12-31,2026-07-28,2026-07-28,0.0,,,,,,,1.02,,,,,,,,
373200,2026-12-31,2026-07-28,2026-07-28,0.0,,,,,,,1.69,,,,,,,,
069920,2026-12-31,2026-07-28,2026-07-28,0.0,,,,,,,0.3,,,,,,,,
092870,2026-12-31,2026-07-28,2026-07-28,4.73,,,,,,17.62,0.83,,,,0.79,,,715.0,
317870,2026-12-31,2026-07-28,2026-07-28,0.0,,,,,,,1.1,,,,,,,,
067570,2026-12-31,2026-07-28,2026-07-28,0.0,,,,,,,0.34,,,,8.75,,,,
0004V0,2026-12-31,2026-07-28,2026-07-28,0.0,,,,,,,1.6,,,,,,,,
236810,2026-12-31,2026-07-28,2026-07-28,0.0,,,,,,,0.88,,,,,,,,
333620,2026-12-31,2026-07-28,2026-07-28,0.0,,,,,,,1.04,,,,0.77,,,,
101400,2026-12-31,2026-07-28,2026-07-28,0.0,,,,,,,0.48,,,,,,,,
475230,2026-12-31,2026-07-28,2026-07-28,0.0,,,,,,,0.8,,,,,,,,
481890,2026-12-31,2026-07-28,2026-07-28,,,,,,,,,,,,,,,,
0054V0,2026-12-31,2026-07-28,2026-07-28,,,,,,,,,,,,,,,,
0130H0,2026-12-31,2026-07-28,2026-07-28,,,,,,,,,,,,,,,,
265740,2026-12-31,2026-07-28,2026-07-28,15.38,,,,,,9.48,1.46,,,,1.12,,,563.0,
354200,2026-12-31,2026-07-28,2026-07-28,0.0,,,,,,,0.75,,,,,,,,
455900,2026-12-31,2026-07-28,2026-07-28,0.0,,,,,,,7.42,,,,,,,,
419080,2026-12-31,2026-07-28,2026-07-28,0.0,,,,,,,1.25,,,,,,,,
183490,2026-12-31,2026-07-28,2026-07-28,0.0,,,,,,,0.54,,,,,,,,
182400,2026-12-31,2026-07-28,2026-07-28,0.0,,,,,,,37.07,,,,,,,,
348370,2026-12-31,2026-07-28,2026-07-28,0.0,,,,,,,0.76,,,,,,,,
069410,2026-12-31,2026-07-28,2026-07-28,5.69,,,,,,8.38,0.48,,,,,,,321.0,
227950,2026-12-31,2026-07-28,2026-07-28,18.11,,,,,,1.59,0.29,,,,,,,670.0,
291230,2026-12-31,2026-07-28,2026-07-28,0.0,,,,,,,0.99,,,,,,,,
048830,2026-12-31,2026-07-28,2026-07-28,2.43,,,,,,16.88,0.41,,,,2.96,,,60.0,
096870,2026-12-31,2026-07-28,2026-07-28,6.14,,,,,,15.5,0.95,,,,,,,149.0,
290650,2026-12-31,2026-07-28,2026-07-28,0.0,,,,,,,6.47,,,,0.1,,,,
156100,2026-12-31,2026-07-28,2026-07-28,0.0,,,,,,,1.91,,,,,,,,
0041J0,2026-12-31,2026-07-28,2026-07-28,,,,,,,,,,,,,,,,
073110,2026-12-31,2026-07-28,2026-07-28,0.0,,,,,,,0.48,,,,4.56,,,,
083310,2026-12-31,2026-07-28,2026-07-28,0.0,,,,,,,0.47,,,,,,,,
037950,2026-12-31,2026-07-28,2026-07-28,2.97,,,,,,18.66,0.55,,,,,,,145.0,
489500,2026-12-31,2026-07-28,2026-07-28,7.46,,,,,,24.38,1.82,,,,,,,708.0,
170920,2026-12-31,2026-07-28,2026-07-28,4.0,,,,,,66.27,2.65,,,,0.3,,,501.0,
058630,2026-12-31,2026-07-28,2026-07-28,12.08,,,,,,4.85,0.59,,,,5.31,,,861.0,
226590,2026-12-31,2026-07-28,2026-07-28,23.25,,,,,,9.62,2.24,,,,,,,1035.0,
058970,2026-12-31,2026-07-28,2026-07-28,3.08,,,,,,56.47,1.74,,,,,,,238.0,
169330,2026-12-31,2026-07-28,2026-07-28,0.0,,,,,,,0.93,,,,5.82,,,,
373170,2026-12-31,2026-07-28,2026-07-28,6.87,,,,,,15.2,1.05,,,,12.18,,,108.0,
179290,2026-12-31,2026-07-28,2026-07-28,16.14,,,,,,7.19,1.16,,,,2.66,,,628.0,
009780,2026-12-31,2026-07-28,2026-07-28,12.16,,,,,,4.58,0.56,,,,2.17,,,1307.0,
123040,2026-12-31,2026-07-28,2026-07-28,0.0,,,,,,,0.45,,,,,,,,
432980,2026-12-31,2026-07-28,2026-07-28,2.77,,,,,,25.63,0.71,,,,,,,103.0,
007820,2026-12-31,2026-07-28,2026-07-28,0.0,,,,,,,1.02,,,,,,,,
347890,2026-12-31,2026-07-28,2026-07-28,2.31,,,,,,41.05,0.95,,,,1.39,,,105.0,
413390,2026-12-31,2026-07-28,2026-07-28,5.77,,,,,,19.67,1.13,,,,1.69,,,300.0,
032790,2026-12-31,2026-07-28,2026-07-28,0.0,,,,,,,0.78,,,,,,,,
033160,2026-12-31,2026-07-28,2026-07-28,0.36,,,,,,217.46,0.78,,,,0.88,,,63.0,
033310,2026-12-31,2026-07-28,2026-07-28,0.0,,,,,,,0.37,,,,,,,,
259630,2026-12-31,2026-07-28,2026-07-28,20.13,,,,,,4.96,1.0,,,,2.32,,,1735.0,
105550,2026-12-31,2026-07-28,2026-07-28,12.5,,,,,,1.77,0.22,,,,,,,224.0,
060850,2026-12-31,2026-07-28,2026-07-28,11.77,,,,,,6.19,0.73,,,,2.44,,,795.0,
143540,2026-12-31,2026-07-28,2026-07-28,18.07,,,,,,7.46,1.35,,,,,,,127.0,
265560,2026-12-31,2026-07-28,2026-07-28,20.57,,,,,,3.68,0.76,,,,1.94,,,1822.0,
036000,2026-12-31,2026-07-28,2026-07-28,49.33,,,,,,0.5,0.25,,,,,,,5479.0,
250930,2026-12-31,2026-07-28,2026-07-28,0.0,,,,,,,0.79,,,,,,,,
053280,2026-12-31,2026-07-28,2026-07-28,0.0,,,,,,,0.46,,,,7.91,,,,
122640,2026-12-31,2026-07-28,2026-07-28,0.0,,,,,,,3.03,,,,,,,,
476040,2026-12-31,2026-07-28,2026-07-28,0.0,,,,,,,2.0,,,,,,,,
045060,2026-12-31,2026-07-28,2026-07-28,4.57,,,,,,6.66,0.3,,,,2.28,,,329.0,
192410,2026-12-31,2026-07-28,2026-07-28,0.0,,,,,,,30.44,,,,,,,,
080520,2026-12-31,2026-07-28,2026-07-28,0.76,,,,,,32.79,0.25,,,,3.55,,,86.0,
039830,2026-12-31,2026-07-28,2026-07-28,12.6,,,,,,7.68,0.97,,,,3.43,,,2279.0,
322310,2026-12-31,2026-07-28,2026-07-28,0.0,,,,,,,2.07,,,,,,,,
046120,2026-12-31,2026-07-28,2026-07-28,1.27,,,,,,139.48,1.77,,,,,,,29.0,
475830,2026-12-31,2026-07-28,2026-07-28,0.0,,,,,,,7.1,,,,,,,,
014940,2026-12-31,2026-07-28,2026-07-28,15.26,,,,,,9.83,1.5,,,,,,,420.0,
065500,2026-12-31,2026-07-28,2026-07-28,4.57,,,,,,19.19,0.88,,,,,,,57.0,
010470,2026-12-31,2026-07-28,2026-07-28,5.96,,,,,,7.05,0.42,,,,5.75,,,666.0,
417860,2026-12-31,2026-07-28,2026-07-28,0.0,,,,,,,3.76,,,,,,,,
352910,2026-12-31,2026-07-28,2026-07-28,0.0,,,,,,,1.34,,,,,,,,
053980,2026-12-31,2026-07-28,2026-07-28,9.53,,,,,,4.46,0.43,,,,6.13,,,548.0,
036220,2026-12-31,2026-07-28,2026-07-28,1.11,,,,,,26.55,0.29,,,,3.33,,,226.0,
052420,2026-12-31,2026-07-28,2026-07-28,12.03,,,,,,2.26,0.27,,,,,,,3720.0,
052300,2026-12-31,2026-07-28,2026-07-28,0.0,,,,,,,0.09,,,,,,,,
039200,2026-12-31,2026-07-28,2026-07-28,28.87,,,,,,22.11,6.38,,,,,,,1368.0,
226400,2026-12-31,2026-07-28,2026-07-28,11.12,,,,,,12.39,1.38,,,,,,,374.0,
031510,2026-12-31,2026-07-28,2026-07-28,1.38,,,,,,28.84,0.4,,,,1.87,,,37.0,
342870,2026-12-31,2026-07-28,2026-07-28,0.0,,,,,,,0.45,,,,,,,,
368970,2026-12-31,2026-07-28,2026-07-28,0.0,,,,,,,0.49,,,,,,,,
138080,2026-12-31,2026-07-28,2026-07-28,0.0,,,,,,,2.77,,,,,,,,
080580,2026-12-31,2026-07-28,2026-07-28,16.92,,,,,,23.75,4.02,,,,,,,424.0,
067170,2026-12-31,2026-07-28,2026-07-28,0.0,,,,,,,0.43,,,,,,,,
353590,2026-12-31,2026-07-28,2026-07-28,0.0,,,,,,,1.04,,,,,,,,
173130,2026-12-31,2026-07-28,2026-07-28,19.57,,,,,,5.99,1.17,,,,4.3,,,971.0,
440320,2026-12-31,2026-07-28,2026-07-28,0.0,,,,,,,0.55,,,,,,,,
049480,2026-12-31,2026-07-28,2026-07-28,8.47,,,,,,6.56,0.56,,,,1.43,,,266.0,
394280,2026-12-31,2026-07-28,2026-07-28,0.0,,,,,,,13.57,,,,,,,,
476060,2026-12-31,2026-07-28,2026-07-28,22.17,,,,,,28.72,6.37,,,,,,,359.0,
382150,2026-12-31,2026-07-28,2026-07-28,0.0,,,,,,,2.68,,,,,,,,
244460,2026-12-31,2026-07-28,2026-07-28,0.0,,,,,,,7.94,,,,,,,,
226950,2026-12-31,2026-07-28,2026-07-28,0.0,,,,,,,15.88,,,,,,,,
057540,2026-12-31,2026-07-28,2026-07-28,0.0,,,,,,,0.5,,,,,,,,
131030,2026-12-31,2026-07-28,2026-07-28,7.44,,,,,,7.05,0.52,,,,,,,731.0,
082210,2026-12-31,2026-07-28,2026-07-28,0.0,,,,,,,1.13,,,,,,,,
109080,2026-12-31,2026-07-28,2026-07-28,7.47,,,,,,8.28,0.62,,,,3.23,,,936.0,
380540,2026-12-31,2026-07-28,2026-07-28,0.0,,,,,,,8.95,,,,,,,,
153710,2026-12-31,2026-07-28,2026-07-28,0.0,,,,,,,2.63,,,,,,,,
432430,2026-12-31,2026-07-28,2026-07-28,0.0,,,,,,,1.15,,,,,,,,
338840,2026-12-31,2026-07-28,2026-07-28,0.0,,,,,,,4.92,,,,,,,,
122990,2026-12-31,2026-07-28,2026-07-28,0.0,,,,,,,0.53,,,,8.59,,,,
232140,2026-12-31,2026-07-28,2026-07-28,5.32,,,,,,34.23,1.82,,,,,,,239.0,
112290,2026-12-31,2026-07-28,2026-07-28,9.42,,,,,,36.59,3.45,,,,,,,229.0,
065530,2026-12-31,2026-07-28,2026-07-28,5.82,,,,,,11.75,0.68,,,,4.48,,,95.0,
067900,2026-12-31,2026-07-28,2026-07-28,8.78,,,,,,3.37,0.3,,,,1.76,,,1681.0,
007530,2026-12-31,2026-07-28,2026-07-28,4.53,,,,,,13.41,0.61,,,,1.27,,,117.0,
155650,2026-12-31,2026-07-28,2026-07-28,1.16,,,,,,36.87,0.43,,,,2.71,,,75.0,
273640,2026-12-31,2026-07-28,2026-07-28,5.56,,,,,,14.94,0.83,,,,2.15,,,311.0,
251370,2026-12-31,2026-07-28,2026-07-28,0.0,,,,,,,0.71,,,,,,,,
209640,2026-12-31,2026-07-28,2026-07-28,0.0,,,,,,,1.08,,,,,,,,
096250,2026-12-31,2026-07-28,2026-07-28,2.59,,,,,,42.99,1.11,,,,1.48,,,134.0,
273060,2026-12-31,2026-07-28,2026-07-28,3.74,,,,,,21.95,0.82,,,,,,,37.0,
019210,2026-12-31,2026-07-28,2026-07-28,6.41,,,,,,24.54,1.57,,,,1.05,,,736.0,
122870,2026-12-31,2026-07-28,2026-07-28,7.19,,,,,,19.72,1.42,,,,0.76,,,1990.0,
079000,2026-12-31,2026-07-28,2026-07-28,0.0,,,,,,,0.37,,,,9.68,,,,
403490,2026-12-31,2026-07-28,2026-07-28,0.0,,,,,,,0.59,,,,,,,,
032820,2026-12-31,2026-07-28,2026-07-28,0.66,,,,,,1806.0,11.96,,,,,,,5.0,
041190,2026-12-31,2026-07-28,2026-07-28,14.24,,,,,,3.05,0.43,,,,,,,1420.0,
115440,2026-12-31,2026-07-28,2026-07-28,3.84,,,,,,17.51,0.67,,,,0.81,,,354.0,
046970,2026-12-31,2026-07-28,2026-07-28,0.0,,,,,,,4.31,,,,,,,,
082850,2026-12-31,2026-07-28,2026-07-28,0.0,,,,,,,0.23,,,,2.0,,,,
215360,2026-12-31,2026-07-28,2026-07-28,11.62,,,,,,3.94,0.46,,,,3.31,,,1536.0,
072470,2026-12-31,2026-07-28,2026-07-28,7.77,,,,,,4.04,0.31,,,,2.55,,,582.0,
073560,2026-12-31,2026-07-28,2026-07-28,7.16,,,,,,4.23,0.3,,,,10.32,,,344.0,
037400,2026-12-31,2026-07-28,2026-07-28,0.0,,,,,,,0.12,,,,2.96,,,,
153490,2026-12-31,2026-07-28,2026-07-28,0.0,,,,,,,0.23,,,,4.94,,,,
101170,2026-12-31,2026-07-28,2026-07-28,2.89,,,,,,37.29,1.08,,,,0.74,,,181.0,
103840,2026-12-31,2026-07-28,2026-07-28,4.83,,,,,,13.03,0.63,,,,,,,137.0,
101970,2026-12-31,2026-07-28,2026-07-28,0.0,,,,,,,0.77,,,,,,,,
046940,2026-12-31,2026-07-28,2026-07-28,30.6,,,,,,1.05,0.32,,,,4.32,,,2654.0,
065680,2026-12-31,2026-07-28,2026-07-28,8.21,,,,,,8.55,0.7,,,,1.53,,,2684.0,
018620,2026-12-31,2026-07-28,2026-07-28,0.0,,,,,,,0.57,,,,,,,,
457550,2026-12-31,2026-07-28,2026-07-28,10.43,,,,,,24.06,2.51,,,,1.09,,,572.0,
396470,2026-12-31,2026-07-28,2026-07-28,5.39,,,,,,22.17,1.2,,,,1.43,,,221.0,
307280,2026-12-31,2026-07-28,2026-07-28,15.37,,,,,,5.69,0.87,,,,2.64,,,933.0,
032940,2026-12-31,2026-07-28,2026-07-28,4.05,,,,,,7.71,0.31,,,,,,,632.0,
240810,2026-12-31,2026-07-28,2026-07-28,8.66,,,,,,51.82,4.49,,,,0.22,,,1727.0,
074600,2026-12-31,2026-07-28,2026-07-28,4.62,,,,,,26.81,1.24,,,,0.57,,,856.0,
104830,2026-12-31,2026-07-28,2026-07-28,9.27,,,,,,7.64,0.71,,,,1.69,,,3863.0,
014190,2026-12-31,2026-07-28,2026-07-28,2.54,,,,,,13.54,0.34,,,,,,,79.0,
217820,2026-12-31,2026-07-28,2026-07-28,1.95,,,,,,37.22,0.73,,,,,,,45.0,
030530,2026-12-31,2026-07-28,2026-07-28,2.74,,,,,,41.56,1.14,,,,,,,359.0,
012620,2026-12-31,2026-07-28,2026-07-28,4.92,,,,,,3.61,0.18,,,,4.01,,,1866.0,
136150,2026-12-31,2026-07-28,2026-07-28,0.0,,,,,,,1.11,,,,,,,,
382840,2026-12-31,2026-07-28,2026-07-28,0.0,,,,,,,0.61,,,,,,,,
336570,2026-12-31,2026-07-28,2026-07-28,22.47,,,,,,12.2,2.74,,,,1.04,,,393.0,
376980,2026-12-31,2026-07-28,2026-07-28,3.33,,,,,,17.94,0.6,,,,,,,143.0,
008370,2026-12-31,2026-07-28,2026-07-28,7.28,,,,,,7.31,0.53,,,,9.53,,,646.0,
008290,2026-12-31,2026-07-28,2026-07-28,0.0,,,,,,,0.45,,,,,,,,
101160,2026-12-31,2026-07-28,2026-07-28,11.82,,,,,,11.54,1.36,,,,0.35,,,2482.0,
336060,2026-12-31,2026-07-28,2026-07-28,6.4,,,,,,10.35,0.66,,,,,,,57.0,
095270,2026-12-31,2026-07-28,2026-07-28,2.73,,,,,,32.46,0.89,,,,,,,116.0,
289930,2026-12-31,2026-07-28,2026-07-28,3.5,,,,,,45.31,1.58,,,,,,,143.0,
065950,2026-12-31,2026-07-28,2026-07-28,0.0,,,,,,,0.65,,,,2.06,,,,
076080,2026-12-31,2026-07-28,2026-07-28,0.0,,,,,,,1.61,,,,,,,,
043590,2026-12-31,2026-07-28,2026-07-28,0.0,,,,,,,0.42,,,,,,,,
196700,2026-12-31,2026-07-28,2026-07-28,10.18,,,,,,4.31,0.44,,,,,,,286.0,
069080,2026-12-31,2026-07-28,2026-07-28,3.5,,,,,,14.58,0.51,,,,5.83,,,824.0,
053580,2026-12-31,2026-07-28,2026-07-28,11.12,,,,,,6.35,0.71,,,,3.2,,,984.0,
479960,2026-12-31,2026-07-28,2026-07-28,11.84,,,,,,7.91,0.94,,,,8.98,,,704.0,
044340,2026-12-31,2026-07-28,2026-07-28,0.0,,,,,,,0.57,,,,1.89,,,,
330350,2026-12-31,2026-07-28,2026-07-28,5.06,,,,,,16.81,0.85,,,,,,,376.0,
348350,2026-12-31,2026-07-28,2026-07-28,5.09,,,,,,12.88,0.66,,,,2.36,,,659.0,
112040,2026-12-31,2026-07-28,2026-07-28,0.0,,,,,,,1.24,,,,1.98,,,,
101730,2026-12-31,2026-07-28,2026-07-28,0.0,,,,,,,0.61,,,,,,,,
123420,2026-12-31,2026-07-28,2026-07-28,7.09,,,,,,3.14,0.22,,,,,,,1812.0,
065370,2026-12-31,2026-07-28,2026-07-28,4.72,,,,,,14.24,0.67,,,,4.99,,,211.0,
038620,2026-12-31,2026-07-28,2026-07-28,4.8,,,,,,6.11,0.29,,,,,,,305.0,
299900,2026-12-31,2026-07-28,2026-07-28,0.0,,,,,,,0.31,,,,,,,,
036090,2026-12-31,2026-07-28,2026-07-28,5.38,,,,,,5.66,0.3,,,,,,,198.0,
459100,2026-12-31,2026-07-28,2026-07-28,4.51,,,,,,24.93,1.12,,,,7.92,,,152.0,
136540,2026-12-31,2026-07-28,2026-07-28,9.85,,,,,,6.03,0.59,,,,7.84,,,1694.0,
097800,2026-12-31,2026-07-28,2026-07-28,0.0,,,,,,,0.73,,,,,,,,
192390,2026-12-31,2026-07-28,2026-07-28,0.0,,,,,,,0.27,,,,,,,,
335870,2026-12-31,2026-07-28,2026-07-28,0.0,,,,,,,0.53,,,,,,,,
036200,2026-12-31,2026-07-28,2026-07-28,3.69,,,,,,22.89,0.84,,,,1.15,,,305.0,
018000,2026-12-31,2026-07-28,2026-07-28,0.0,,,,,,,1.67,,,,,,,,
203450,2026-12-31,2026-07-28,2026-07-28,4.82,,,,,,14.88,0.72,,,,3.62,,,167.0,
011320,2026-12-31,2026-07-28,2026-07-28,7.92,,,,,,6.65,0.53,,,,1.61,,,559.0,
086390,2026-12-31,2026-07-28,2026-07-28,0.0,,,,,,,1.58,,,,,,,,
241690,2026-12-31,2026-07-28,2026-07-28,0.0,,,,,,,0.44,,,,0.69,,,,
142210,2026-12-31,2026-07-28,2026-07-28,9.53,,,,,,7.86,0.75,,,,3.28,,,640.0,
389680,2026-12-31,2026-07-28,2026-07-28,0.0,,,,,,,1.27,,,,,,,,
088340,2026-12-31,2026-07-28,2026-07-28,0.0,,,,,,,1.33,,,,,,,,
048430,2026-12-31,2026-07-28,2026-07-28,7.18,,,,,,5.54,0.4,,,,3.75,,,964.0,
206650,2026-12-31,2026-07-28,2026-07-28,23.57,,,,,,6.97,1.64,,,,,,,1127.0,
089850,2026-12-31,2026-07-28,2026-07-28,0.0,,,,,,,0.46,,,,,,,,
084440,2026-12-31,2026-07-28,2026-07-28,17.66,,,,,,15.18,2.68,,,,,,,68.0,
264450,2026-12-31,2026-07-28,2026-07-28,12.19,,,,,,5.84,0.71,,,,4.95,,,1627.0,
078070,2026-12-31,2026-07-28,2026-07-28,7.68,,,,,,6.56,0.5,,,,2.96,,,1234.0,
024800,2026-12-31,2026-07-28,2026-07-28,10.62,,,,,,2.44,0.26,,,,,,,1687.0,
054930,2026-12-31,2026-07-28,2026-07-28,6.78,,,,,,4.41,0.3,,,,5.83,,,3507.0,
069330,2026-12-31,2026-07-28,2026-07-28,6.58,,,,,,10.91,0.72,,,,,,,97.0,
049520,2026-12-31,2026-07-28,2026-07-28,11.09,,,,,,5.0,0.55,,,,11.19,,,715.0,
473050,2026-12-31,2026-07-28,2026-07-28,,,,,,,,,,,,,,,,
474490,2026-12-31,2026-07-28,2026-07-28,,,,,,,,,,,,,,,,
493790,2026-12-31,2026-07-28,2026-07-28,,,,,,,,,,,,,,,,
263770,2026-12-31,2026-07-28,2026-07-28,2.95,,,,,,15.12,0.45,,,,3.82,,,104.0,
388720,2026-12-31,2026-07-28,2026-07-28,0.0,,,,,,,7.67,,,,,,,,
023410,2026-12-31,2026-07-28,2026-07-28,0.0,,,,,,,0.25,,,,5.66,,,,
056080,2026-12-31,2026-07-28,2026-07-28,0.0,,,,,,,13.81,,,,,,,,
468760,2026-12-31,2026-07-28,2026-07-28,,,,,,,,,,,,,,,,
488060,2026-12-31,2026-07-28,2026-07-28,,,,,,,,,,,,,,,,
0105P0,2026-12-31,2026-07-28,2026-07-28,,,,,,,,,,,,,,,,
084370,2026-12-31,2026-07-28,2026-07-28,9.38,,,,,,52.52,4.93,,,,0.23,,,1906.0,
240600,2026-12-31,2026-07-28,2026-07-28,0.0,,,,,,,0.45,,,,,,,,
179900,2026-12-31,2026-07-28,2026-07-28,0.0,,,,,,,0.83,,,,,,,,
263050,2026-12-31,2026-07-28,2026-07-28,0.0,,,,,,,2.31,,,,,,,,
191410,2026-12-31,2026-07-28,2026-07-28,8.1,,,,,,8.08,0.65,,,,,,,152.0,
372170,2026-12-31,2026-07-28,2026-07-28,0.0,,,,,,,0.62,,,,0.58,,,,
146060,2026-12-31,2026-07-28,2026-07-28,6.15,,,,,,7.47,0.46,,,,,,,136.0,
039020,2026-12-31,2026-07-28,2026-07-28,0.0,,,,,,,0.29,,,,2.07,,,,
067920,2026-12-31,2026-07-28,2026-07-28,0.0,,,,,,,0.71,,,,4.09,,,,
044960,2026-12-31,2026-07-28,2026-07-28,7.59,,,,,,9.27,0.7,,,,2.69,,,321.0,
303530,2026-12-31,2026-07-28,2026-07-28,0.0,,,,,,,0.52,,,,,,,,
302430,2026-12-31,2026-07-28,2026-07-28,0.0,,,,,,,0.85,,,,,,,,
462350,2026-12-31,2026-07-28,2026-07-28,0.0,,,,,,,3.17,,,,,,,,
274400,2026-12-31,2026-07-28,2026-07-28,0.0,,,,,,,0.56,,,,,,,,
296640,2026-12-31,2026-07-28,2026-07-28,7.56,,,,,,8.75,0.66,,,,4.92,,,511.0,
215790,2026-12-31,2026-07-28,2026-07-28,0.0,,,,,,,0.93,,,,,,,,
344860,2026-12-31,2026-07-28,2026-07-28,2.02,,,,,,50.69,1.02,,,,6.83,,,26.0,
333050,2026-12-31,2026-07-28,2026-07-28,9.34,,,,,,10.75,1.0,,,,2.4,,,465.0,
469610,2026-12-31,2026-07-28,2026-07-28,15.95,,,,,,10.27,1.64,,,,,,,1110.0,
088390,2026-12-31,2026-07-28,2026-07-28,13.23,,,,,,2.63,0.35,,,,,,,2469.0,
272290,2026-12-31,2026-07-28,2026-07-28,14.74,,,,,,6.12,0.9,,,,1.86,,,3080.0,
053350,2026-12-31,2026-07-28,2026-07-28,2.36,,,,,,23.74,0.56,,,,,,,163.0,
452400,2026-12-31,2026-07-28,2026-07-28,0.21,,,,,,203.93,0.42,,,,,,,28.0,
264850,2026-12-31,2026-07-28,2026-07-28,7.87,,,,,,34.71,2.73,,,,1.03,,,140.0,
054210,2026-12-31,2026-07-28,2026-07-28,9.8,,,,,,6.12,0.6,,,,1.55,,,1056.0,
009730,2026-12-31,2026-07-28,2026-07-28,0.0,,,,,,,0.26,,,,,,,,
065440,2026-12-31,2026-07-28,2026-07-28,3.04,,,,,,21.9,0.67,,,,,,,59.0,
424870,2026-12-31,2026-07-28,2026-07-28,0.0,,,,,,,7.13,,,,,,,,
115610,2026-12-31,2026-07-28,2026-07-28,0.0,,,,,,,1.64,,,,,,,,
478110,2026-12-31,2026-07-28,2026-07-28,,,,,,,,,,,,,,,,
131400,2026-12-31,2026-07-28,2026-07-28,0.0,,,,,,,0.38,,,,,,,,
351330,2026-12-31,2026-07-28,2026-07-28,0.0,,,,,,,0.87,,,,,,,,
080010,2026-12-31,2026-07-28,2026-07-28,10.34,,,,,,4.76,0.49,,,,2.66,,,1579.0,
086890,2026-12-31,2026-07-28,2026-07-28,0.0,,,,,,,1.09,,,,,,,,
047560,2026-12-31,2026-07-28,2026-07-28,0.0,,,,,,,1.58,,,,,,,,
239340,2026-12-31,2026-07-28,2026-07-28,0.0,,,,,,,1.2,,,,,,,,
067010,2026-12-31,2026-07-28,2026-07-28,1.19,,,,,,35.52,0.42,,,,2.51,,,56.0,
456070,2026-12-31,2026-07-28,2026-07-28,0.0,,,,,,,1.55,,,,,,,,
102710,2026-12-31,2026-07-28,2026-07-28,11.6,,,,,,10.65,1.24,,,,0.52,,,3635.0,
041520,2026-12-31,2026-07-28,2026-07-28,4.77,,,,,,12.52,0.6,,,,4.13,,,706.0,
063760,2026-12-31,2026-07-28,2026-07-28,4.03,,,,,,7.99,0.32,,,,4.09,,,306.0,
123570,2026-12-31,2026-07-28,2026-07-28,2.05,,,,,,18.47,0.38,,,,3.53,,,92.0,
083470,2026-12-31,2026-07-28,2026-07-28,0.0,,,,,,,1.41,,,,,,,,
091120,2026-12-31,2026-07-28,2026-07-28,0.0,,,,,,,0.31,,,,,,,,
039030,2026-12-31,2026-07-28,2026-07-28,8.4,,,,,,57.58,4.84,,,,0.44,,,4689.0,
294090,2026-12-31,2026-07-28,2026-07-28,,,,,,,,,,,,,,,,
088290,2026-12-31,2026-07-28,2026-07-28,0.0,,,,,,,1.92,,,,,,,,
353810,2026-12-31,2026-07-28,2026-07-28,25.93,,,,,,7.14,1.85,,,,4.17,,,840.0,
261520,2026-12-31,2026-07-28,2026-07-28,0.0,,,,,,,0.77,,,,,,,,
099750,2026-12-31,2026-07-28,2026-07-28,6.27,,,,,,37.72,2.37,,,,,,,171.0,
377330,2026-12-31,2026-07-28,2026-07-28,0.0,,,,,,,0.55,,,,,,,,
035810,2026-12-31,2026-07-28,2026-07-28,3.84,,,,,,10.02,0.38,,,,32.72,,,415.0,
092130,2026-12-31,2026-07-28,2026-07-28,30.14,,,,,,13.14,3.96,,,,6.05,,,1069.0,
134060,2026-12-31,2026-07-28,2026-07-28,5.28,,,,,,14.83,0.78,,,,5.17,,,326.0,
001840,2026-12-31,2026-07-28,2026-07-28,23.82,,,,,,16.91,4.03,,,,,,,131.0,
041830,2026-12-31,2026-07-28,2026-07-28,10.17,,,,,,20.76,2.11,,,,1.19,,,2423.0,
352940,2026-12-31,2026-07-28,2026-07-28,2.39,,,,,,21.67,0.52,,,,,,,93.0,
079950,2026-12-31,2026-07-28,2026-07-28,0.0,,,,,,,0.58,,,,,,,,
0007J0,2026-12-31,2026-07-28,2026-07-28,0.0,,,,,,,3.24,,,,,,,,
389470,2026-12-31,2026-07-28,2026-07-28,0.0,,,,,,,5.33,,,,,,,,
277410,2026-12-31,2026-07-28,2026-07-28,0.98,,,,,,32.41,0.32,,,,3.63,,,170.0,
060150,2026-12-31,2026-07-28,2026-07-28,0.0,,,,,,,0.42,,,,,,,,
033230,2026-12-31,2026-07-28,2026-07-28,0.0,,,,,,,0.57,,,,,,,,
450520,2026-12-31,2026-07-28,2026-07-28,0.0,,,,,,,0.64,,,,,,,,
465480,2026-12-31,2026-07-28,2026-07-28,4.78,,,,,,12.16,0.58,,,,3.12,,,264.0,
037330,2026-12-31,2026-07-28,2026-07-28,3.47,,,,,,5.88,0.2,,,,4.11,,,145.0,
100030,2026-12-31,2026-07-28,2026-07-28,30.3,,,,,,2.03,0.61,,,,6.85,,,8108.0,
211050,2026-12-31,2026-07-28,2026-07-28,33.71,,,,,,6.39,2.15,,,,3.91,,,1480.0,
083640,2026-12-31,2026-07-28,2026-07-28,0.0,,,,,,,0.23,,,,,,,,
064090,2026-12-31,2026-07-28,2026-07-28,0.0,,,,,,,0.59,,,,,,,,
216050,2026-12-31,2026-07-28,2026-07-28,9.22,,,,,,4.78,0.44,,,,6.28,,,993.0,
049070,2026-12-31,2026-07-28,2026-07-28,2.43,,,,,,17.1,0.42,,,,1.14,,,1023.0,
119610,2026-12-31,2026-07-28,2026-07-28,8.19,,,,,,13.51,1.11,,,,4.78,,,1007.0,
017250,2026-12-31,2026-07-28,2026-07-28,4.84,,,,,,8.95,0.43,,,,,,,101.0,
051370,2026-12-31,2026-07-28,2026-07-28,10.6,,,,,,4.41,0.47,,,,,,,1410.0,
064290,2026-12-31,2026-07-28,2026-07-28,0.0,,,,,,,7.2,,,,,,,,
189300,2026-12-31,2026-07-28,2026-07-28,2.77,,,,,,77.35,2.15,,,,0.36,,,724.0,
287840,2026-12-31,2026-07-28,2026-07-28,0.0,,,,,,,10.01,,,,,,,,
048530,2026-12-31,2026-07-28,2026-07-28,0.0,,,,,,,1.09,,,,,,,,
070590,2026-12-31,2026-07-28,2026-07-28,6.08,,,,,,28.79,1.75,,,,,,,58.0,
115310,2026-12-31,2026-07-28,2026-07-28,6.88,,,,,,7.83,0.54,,,,3.43,,,893.0,
039290,2026-12-31,2026-07-28,2026-07-28,0.0,,,,,,,0.42,,,,,,,,
071200,2026-12-31,2026-07-28,2026-07-28,13.77,,,,,,7.15,0.98,,,,1.29,,,1083.0,
101930,2026-12-31,2026-07-28,2026-07-28,7.48,,,,,,11.57,0.87,,,,4.69,,,553.0,
333430,2026-12-31,2026-07-28,2026-07-28,16.27,,,,,,14.51,2.36,,,,,,,243.0,
068330,2026-12-31,2026-07-28,2026-07-28,7.4,,,,,,8.07,0.6,,,,1.08,,,115.0,
178780,2026-12-31,2026-07-28,2026-07-28,13.25,,,,,,7.38,0.98,,,,11.36,,,298.0,
019540,2026-12-31,2026-07-28,2026-07-28,23.81,,,,,,1.73,0.41,,,,2.5,,,3457.0,
094820,2026-12-31,2026-07-28,2026-07-28,12.79,,,,,,8.23,1.05,,,,3.5,,,1250.0,
049550,2026-12-31,2026-07-28,2026-07-28,3.21,,,,,,24.41,0.78,,,,,,,128.0,
389020,2026-12-31,2026-07-28,2026-07-28,0.0,,,,,,,2.97,,,,,,,,
254120,2026-12-31,2026-07-28,2026-07-28,0.0,,,,,,,0.89,,,,,,,,
043910,2026-12-31,2026-07-28,2026-07-28,0.0,,,,,,,0.42,,,,,,,,
234920,2026-12-31,2026-07-28,2026-07-28,0.0,,,,,,,3.71,,,,,,,,
289220,2026-12-31,2026-07-28,2026-07-28,0.0,,,,,,,0.55,,,,,,,,
049630,2026-12-31,2026-07-28,2026-07-28,10.07,,,,,,12.68,1.28,,,,,,,440.0,
417840,2026-12-31,2026-07-28,2026-07-28,6.51,,,,,,52.21,3.4,,,,,,,163.0,
110020,2026-12-31,2026-07-28,2026-07-28,0.0,,,,,,,0.94,,,,,,,,
208140,2026-12-31,2026-07-28,2026-07-28,4.65,,,,,,11.59,0.54,,,,9.28,,,186.0,
040420,2026-12-31,2026-07-28,2026-07-28,7.95,,,,,,13.0,1.03,,,,9.19,,,444.0,
045510,2026-12-31,2026-07-28,2026-07-28,2.51,,,,,,28.19,0.71,,,,,,,36.0,
217190,2026-12-31,2026-07-28,2026-07-28,1.86,,,,,,67.61,1.25,,,,1.04,,,71.0,
095700,2026-12-31,2026-07-28,2026-07-28,0.0,,,,,,,0.43,,,,,,,,
122310,2026-12-31,2026-07-28,2026-07-28,0.92,,,,,,56.56,0.52,,,,4.35,,,61.0,
361390,2026-12-31,2026-07-28,2026-07-28,0.0,,,,,,,1.95,,,,,,,,
225220,2026-12-31,2026-07-28,2026-07-28,0.0,,,,,,,0.34,,,,,,,,
123330,2026-12-31,2026-07-28,2026-07-28,46.02,,,,,,9.49,4.37,,,,,,,2414.0,
381620,2026-12-31,2026-07-28,2026-07-28,0.0,,,,,,,1.37,,,,,,,,
159580,2026-12-31,2026-07-28,2026-07-28,4.13,,,,,,11.63,0.48,,,,2.5,,,172.0,
147830,2026-12-31,2026-07-28,2026-07-28,13.32,,,,,,9.65,1.29,,,,5.18,,,600.0,
033100,2026-12-31,2026-07-28,2026-07-28,24.53,,,,,,11.46,2.81,,,,2.63,,,3655.0,
079370,2026-12-31,2026-07-28,2026-07-28,0.0,,,,,,,0.73,,,,0.63,,,,
054950,2026-12-31,2026-07-28,2026-07-28,12.12,,,,,,8.72,1.06,,,,3.03,,,2461.0,
090470,2026-12-31,2026-07-28,2026-07-28,0.0,,,,,,,0.48,,,,1.33,,,,
023440,2026-12-31,2026-07-28,2026-07-28,0.0,,,,,,,0.85,,,,,,,,
137950,2026-12-31,2026-07-28,2026-07-28,0.0,,,,,,,0.43,,,,1.75,,,,
033320,2026-12-31,2026-07-28,2026-07-28,7.53,,,,,,5.77,0.43,,,,1.88,,,462.0,
417500,2026-12-31,2026-07-28,2026-07-28,8.94,,,,,,13.44,1.2,,,,3.46,,,215.0,
204270,2026-12-31,2026-07-28,2026-07-28,0.0,,,,,,,2.9,,,,,,,,
127120,2026-12-31,2026-07-28,2026-07-28,0.0,,,,,,,15.0,,,,,,,,
026040,2026-12-31,2026-07-28,2026-07-28,4.17,,,,,,13.11,0.55,,,,6.1,,,125.0,
452160,2026-12-31,2026-07-28,2026-07-28,0.0,,,,,,,0.77,,,,3.19,,,,
126880,2026-12-31,2026-07-28,2026-07-28,1.84,,,,,,20.79,0.38,,,,1.91,,,126.0,
322510,2026-12-31,2026-07-28,2026-07-28,0.0,,,,,,,3.11,,,,,,,,
033050,2026-12-31,2026-07-28,2026-07-28,5.87,,,,,,8.04,0.47,,,,,,,108.0,
094970,2026-12-31,2026-07-28,2026-07-28,9.87,,,,,,2.87,0.28,,,,2.45,,,853.0,
418550,2026-12-31,2026-07-28,2026-07-28,0.0,,,,,,,0.65,,,,,,,,
060230,2026-12-31,2026-07-28,2026-07-28,0.0,,,,,,,0.18,,,,,,,,
420570,2026-12-31,2026-07-28,2026-07-28,7.95,,,,,,20.24,1.61,,,,2.69,,,459.0,
089790,2026-12-31,2026-07-28,2026-07-28,0.0,,,,,,,0.51,,,,,,,,
0010V0,2026-12-31,2026-07-28,2026-07-28,9.9,,,,,,6.38,0.63,,,,3.18,,,1232.0,
412540,2026-12-31,2026-07-28,2026-07-28,,,,,,,,,,,,,,,,
199820,2026-12-31,2026-07-28,2026-07-28,4.22,,,,,,21.07,0.89,,,,1.59,,,298.0,
038010,2026-12-31,2026-07-28,2026-07-28,7.32,,,,,,4.37,0.32,,,,2.3,,,1194.0,
080220,2026-12-31,2026-07-28,2026-07-28,17.4,,,,,,53.2,9.26,,,,,,,1173.0,
216080,2026-12-31,2026-07-28,2026-07-28,0.0,,,,,,,2.35,,,,,,,,
337930,2026-12-31,2026-07-28,2026-07-28,10.22,,,,,,7.13,0.73,,,,7.02,,,400.0,
229000,2026-12-31,2026-07-28,2026-07-28,0.0,,,,,,,1.58,,,,,,,,
082270,2026-12-31,2026-07-28,2026-07-28,0.0,,,,,,,7.28,,,,,,,,
153890,2026-12-31,2026-07-28,2026-07-28,0.0,,,,,,,5.93,,,,,,,,
034940,2026-12-31,2026-07-28,2026-07-28,0.0,,,,,,,0.79,,,,,,,,
067000,2026-12-31,2026-07-28,2026-07-28,0.0,,,,,,,0.89,,,,,,,,
309930,2026-12-31,2026-07-28,2026-07-28,0.0,,,,,,,0.83,,,,,,,,
018700,2026-12-31,2026-07-28,2026-07-28,0.0,,,,,,,0.62,,,,,,,,
033340,2026-12-31,2026-07-28,2026-07-28,0.0,,,,,,,0.53,,,,,,,,
036930,2026-12-31,2026-07-28,2026-07-28,6.04,,,,,,164.92,9.97,,,,0.04,,,781.0,
072020,2026-12-31,2026-07-28,2026-07-28,5.76,,,,,,13.8,0.8,,,,2.21,,,656.0,
000440,2026-12-31,2026-07-28,2026-07-28,0.0,,,,,,,1.01,,,,2.99,,,,
051980,2026-12-31,2026-07-28,2026-07-28,0.0,,,,,,,0.93,,,,,,,,
221800,2026-12-31,2026-07-28,2026-07-28,0.0,,,,,,,1.35,,,,2.37,,,,
228760,2026-12-31,2026-07-28,2026-07-28,0.0,,,,,,,2.35,,,,,,,,
314130,2026-12-31,2026-07-28,2026-07-28,0.0,,,,,,,1.48,,,,,,,,
389030,2026-12-31,2026-07-28,2026-07-28,0.0,,,,,,,7.16,,,,,,,,
263860,2026-12-31,2026-07-28,2026-07-28,12.09,,,,,,14.2,1.72,,,,2.44,,,867.0,
303030,2026-12-31,2026-07-28,2026-07-28,0.0,,,,,,,1.39,,,,,,,,
208350,2026-12-31,2026-07-28,2026-07-28,3.67,,,,,,12.65,0.46,,,,,,,234.0,
446840,2026-12-31,2026-07-28,2026-07-28,0.0,,,,,,,4.2,,,,,,,,
144510,2026-12-31,2026-07-28,2026-07-28,0.0,,,,,,,1.04,,,,,,,,
340450,2026-12-31,2026-07-28,2026-07-28,5.59,,,,,,25.65,1.43,,,,,,,185.0,
306620,2026-12-31,2026-07-28,2026-07-28,0.0,,,,,,,1.42,,,,,,,,
358570,2026-12-31,2026-07-28,2026-07-28,0.0,,,,,,,4.18,,,,,,,,
382480,2026-12-31,2026-07-28,2026-07-28,0.79,,,,,,99.12,0.78,,,,0.65,,,17.0,
382800,2026-12-31,2026-07-28,2026-07-28,5.38,,,,,,19.15,1.03,,,,3.15,,,199.0,
051160,2026-12-31,2026-07-28,2026-07-28,8.52,,,,,,8.44,0.72,,,,,,,915.0,
053050,2026-12-31,2026-07-28,2026-07-28,3.99,,,,,,13.66,0.54,,,,2.27,,,129.0,
388610,2026-12-31,2026-07-28,2026-07-28,2.53,,,,,,48.43,1.23,,,,,,,115.0,
493330,2026-12-31,2026-07-28,2026-07-28,0.0,,,,,,,1.13,,,,,,,,
119850,2026-12-31,2026-07-28,2026-07-28,18.95,,,,,,12.48,2.36,,,,0.47,,,2565.0,
065060,2026-12-31,2026-07-28,2026-07-28,0.0,,,,,,,0.39,,,,,,,,
204840,2026-12-31,2026-07-28,2026-07-28,0.0,,,,,,,3.17,,,,,,,,
311320,2026-12-31,2026-07-28,2026-07-28,9.28,,,,,,14.25,1.32,,,,0.97,,,433.0,
456160,2026-12-31,2026-07-28,2026-07-28,0.0,,,,,,,7.73,,,,,,,,
388050,2026-12-31,2026-07-28,2026-07-28,13.19,,,,,,21.45,2.83,,,,1.57,,,297.0,
018120,2026-12-31,2026-07-28,2026-07-28,13.26,,,,,,8.93,1.18,,,,7.63,,,1835.0,
109820,2026-12-31,2026-07-28,2026-07-28,0.0,,,,,,,1.67,,,,,,,,
086060,2026-12-31,2026-07-28,2026-07-28,6.89,,,,,,11.5,0.79,,,,0.99,,,440.0,
036890,2026-12-31,2026-07-28,2026-07-28,11.04,,,,,,7.73,0.85,,,,2.61,,,1633.0,
363250,2026-12-31,2026-07-28,2026-07-28,0.0,,,,,,,3.96,,,,,,,,
007370,2026-12-31,2026-07-28,2026-07-28,16.16,,,,,,2.08,0.34,,,,3.95,,,1828.0,
285800,2026-12-31,2026-07-28,2026-07-28,0.0,,,,,,,0.36,,,,,,,,
085660,2026-12-31,2026-07-28,2026-07-28,0.0,,,,,,,2.27,,,,,,,,
351870,2026-12-31,2026-07-28,2026-07-28,2.25,,,,,,16.67,0.37,,,,,,,108.0,
094850,2026-12-31,2026-07-28,2026-07-28,10.97,,,,,,5.13,0.56,,,,3.62,,,807.0,
004650,2026-12-31,2026-07-28,2026-07-28,9.32,,,,,,5.29,0.49,,,,6.48,,,1749.0,
0011T0,2026-12-31,2026-07-28,2026-07-28,0.0,,,,,,,2.38,,,,,,,,
278280,2026-12-31,2026-07-28,2026-07-28,0.0,,,,,,,0.86,,,,,,,,
362320,2026-12-31,2026-07-28,2026-07-28,2.18,,,,,,50.05,1.09,,,,,,,93.0,
013720,2026-12-31,2026-07-28,2026-07-28,0.0,,,,,,,0.36,,,,,,,,
066360,2026-12-31,2026-07-28,2026-07-28,23.62,,,,,,1.3,0.31,,,,,,,496.0,
047820,2026-12-31,2026-07-28,2026-07-28,1.04,,,,,,25.57,0.27,,,,,,,115.0,
094360,2026-12-31,2026-07-28,2026-07-28,7.06,,,,,,32.61,2.3,,,,1.22,,,291.0,
0082N0,2026-12-31,2026-07-28,2026-07-28,0.0,,,,,,,9.74,,,,,,,,
016920,2026-12-31,2026-07-28,2026-07-28,0.0,,,,,,,0.36,,,,0.99,,,,
284620,2026-12-31,2026-07-28,2026-07-28,0.0,,,,,,,31.06,,,,,,,,
293490,2026-12-31,2026-07-28,2026-07-28,0.0,,,,,,,0.56,,,,,,,,
140430,2026-12-31,2026-07-28,2026-07-28,0.0,,,,,,,0.46,,,,,,,,
042000,2026-12-31,2026-07-28,2026-07-28,14.68,,,,,,10.67,1.57,,,,,,,1615.0,
313760,2026-12-31,2026-07-28,2026-07-28,0.0,,,,,,,0.24,,,,,,,,
071850,2026-12-31,2026-07-28,2026-07-28,0.0,,,,,,,0.6,,,,,,,,
198080,2026-12-31,2026-07-28,2026-07-28,14.79,,,,,,2.31,0.34,,,,,,,904.0,
210120,2026-12-31,2026-07-28,2026-07-28,0.0,,,,,,,2.25,,,,,,,,
050110,2026-12-31,2026-07-28,2026-07-28,0.0,,,,,,,0.26,,,,,,,,
452300,2026-12-31,2026-07-28,2026-07-28,6.7,,,,,,12.02,0.81,,,,1.48,,,163.0,
451760,2026-12-31,2026-07-28,2026-07-28,0.0,,,,,,,1.19,,,,,,,,
078340,2026-12-31,2026-07-28,2026-07-28,3.67,,,,,,8.32,0.31,,,,4.9,,,3192.0,
063080,2026-12-31,2026-07-28,2026-07-28,4.32,,,,,,7.06,0.3,,,,,,,1661.0,
307930,2026-12-31,2026-07-28,2026-07-28,8.83,,,,,,12.11,1.07,,,,2.85,,,464.0,
079190,2026-12-31,2026-07-28,2026-07-28,0.0,,,,,,,0.74,,,,,,,,
263700,2026-12-31,2026-07-28,2026-07-28,28.01,,,,,,1.85,0.52,,,,,,,989.0,
214370,2026-12-31,2026-07-28,2026-07-28,9.45,,,,,,133.33,12.6,,,,0.8,,,411.0,
221980,2026-12-31,2026-07-28,2026-07-28,3.42,,,,,,10.03,0.34,,,,5.32,,,936.0,
038530,2026-12-31,2026-07-28,2026-07-28,0.0,,,,,,,0.34,,,,,,,,
192250,2026-12-31,2026-07-28,2026-07-28,2.82,,,,,,19.6,0.55,,,,2.75,,,371.0,
431190,2026-12-31,2026-07-28,2026-07-28,0.0,,,,,,,0.5,,,,,,,,
115500,2026-12-31,2026-07-28,2026-07-28,12.87,,,,,,34.98,4.5,,,,2.44,,,211.0,
089150,2026-12-31,2026-07-28,2026-07-28,7.73,,,,,,10.8,0.84,,,,4.57,,,162.0,
025880,2026-12-31,2026-07-28,2026-07-28,12.92,,,,,,3.79,0.49,,,,6.64,,,655.0,
093320,2026-12-31,2026-07-28,2026-07-28,8.37,,,,,,38.59,3.23,,,,0.44,,,3535.0,
093640,2026-12-31,2026-07-28,2026-07-28,0.0,,,,,,,1.51,,,,,,,,
073010,2026-12-31,2026-07-28,2026-07-28,7.91,,,,,,15.0,1.19,,,,0.81,,,164.0,
105330,2026-12-31,2026-07-28,2026-07-28,0.0,,,,,,,0.84,,,,,,,,
053080,2026-12-31,2026-07-28,2026-07-28,0.0,,,,,,,0.82,,,,,,,,
199430,2026-12-31,2026-07-28,2026-07-28,0.0,,,,,,,8.46,,,,,,,,
432470,2026-12-31,2026-07-28,2026-07-28,0.0,,,,,,,1.1,,,,,,,,
272110,2026-12-31,2026-07-28,2026-07-28,26.43,,,,,,7.06,1.87,,,,,,,3271.0,
039420,2026-12-31,2026-07-28,2026-07-28,13.89,,,,,,5.81,0.81,,,,3.83,,,449.0,
083550,2026-12-31,2026-07-28,2026-07-28,3.25,,,,,,7.2,0.23,,,,2.07,,,336.0,
032500,2026-12-31,2026-07-28,2026-07-28,0.0,,,,,,,4.53,,,,,,,,
225430,2026-12-31,2026-07-28,2026-07-28,0.0,,,,,,,0.29,,,,,,,,
102370,2026-12-31,2026-07-28,2026-07-28,0.0,,,,,,,0.69,,,,,,,,
068100,2026-12-31,2026-07-28,2026-07-28,0.0,,,,,,,2.01,,,,,,,,
106080,2026-12-31,2026-07-28,2026-07-28,0.0,,,,,,,0.32,,,,,,,,
455180,2026-12-31,2026-07-28,2026-07-28,0.0,,,,,,,0.57,,,,,,,,
036030,2026-12-31,2026-07-28,2026-07-28,14.39,,,,,,4.99,0.72,,,,6.31,,,890.0,
064820,2026-12-31,2026-07-28,2026-07-28,20.56,,,,,,3.93,0.81,,,,8.86,,,2008.0,
024880,2026-12-31,2026-07-28,2026-07-28,7.41,,,,,,3.65,0.27,,,,19.21,,,1000.0,
042040,2026-12-31,2026-07-28,2026-07-28,0.0,,,,,,,0.13,,,,,,,,
054410,2026-12-31,2026-07-28,2026-07-28,4.03,,,,,,9.6,0.39,,,,,,,386.0,
288180,2026-12-31,2026-07-28,2026-07-28,,,,,,,,,,,,,,,,
258610,2026-12-31,2026-07-28,2026-07-28,0.0,,,,,,,0.8,,,,,,,,
274090,2026-12-31,2026-07-28,2026-07-28,0.0,,,,,,,0.69,,,,,,,,
089010,2026-12-31,2026-07-28,2026-07-28,4.76,,,,,,28.01,1.33,,,,1.18,,,667.0,
220260,2026-12-31,2026-07-28,2026-07-28,0.0,,,,,,,1.49,,,,,,,,
052400,2026-12-31,2026-07-28,2026-07-28,28.76,,,,,,7.27,2.09,,,,3.19,,,5176.0,
402030,2026-12-31,2026-07-28,2026-07-28,0.0,,,,,,,5.7,,,,,,,,
391710,2026-12-31,2026-07-28,2026-07-28,0.0,,,,,,,1.94,,,,,,,,
046070,2026-12-31,2026-07-28,2026-07-28,0.0,,,,,,,11.62,,,,,,,,
047770,2026-12-31,2026-07-28,2026-07-28,6.31,,,,,,20.13,1.27,,,,,,,117.0,
080530,2026-12-31,2026-07-28,2026-07-28,9.81,,,,,,4.49,0.44,,,,,,,520.0,
104540,2026-12-31,2026-07-28,2026-07-28,8.37,,,,,,8.12,0.68,,,,,,,489.0,
027050,2026-12-31,2026-07-28,2026-07-28,0.0,,,,,,,0.52,,,,,,,,
190650,2026-12-31,2026-07-28,2026-07-28,7.93,,,,,,5.45,0.43,,,,8.33,,,1210.0,
123410,2026-12-31,2026-07-28,2026-07-28,16.85,,,,,,3.22,0.54,,,,3.94,,,1577.0,
036690,2026-12-31,2026-07-28,2026-07-28,0.0,,,,,,,4.56,,,,,,,,
049430,2026-12-31,2026-07-28,2026-07-28,8.94,,,,,,7.61,0.68,,,,3.66,,,2510.0,
183300,2026-12-31,2026-07-28,2026-07-28,18.41,,,,,,21.64,3.98,,,,2.57,,,2514.0,
041960,2026-12-31,2026-07-28,2026-07-28,0.0,,,,,,,7.01,,,,,,,,
089890,2026-12-31,2026-07-28,2026-07-28,17.84,,,,,,22.89,4.08,,,,,,,827.0,
360350,2026-12-31,2026-07-28,2026-07-28,0.0,,,,,,,1.73,,,,,,,,
082660,2026-12-31,2026-07-28,2026-07-28,0.0,,,,,,,2.16,,,,,,,,
043710,2026-12-31,2026-07-28,2026-07-28,0.0,,,,,,,1.43,,,,,,,,
222040,2026-12-31,2026-07-28,2026-07-28,0.0,,,,,,,3.44,,,,,,,,
241710,2026-12-31,2026-07-28,2026-07-28,17.98,,,,,,19.55,3.52,,,,0.44,,,4255.0,
439960,2026-12-31,2026-07-28,2026-07-28,0.0,,,,,,,28.85,,,,,,,,
355150,2026-12-31,2026-07-28,2026-07-28,0.0,,,,,,,4.73,,,,,,,,
166480,2026-12-31,2026-07-28,2026-07-28,0.0,,,,,,,1.56,,,,,,,,
045970,2026-12-31,2026-07-28,2026-07-28,0.0,,,,,,,0.79,,,,,,,,
196450,2026-12-31,2026-07-28,2026-07-28,5.46,,,,,,11.83,0.65,,,,,,,71.0,
384470,2026-12-31,2026-07-28,2026-07-28,0.0,,,,,,,2.78,,,,,,,,
102940,2026-12-31,2026-07-28,2026-07-28,4.42,,,,,,7.81,0.35,,,,,,,2001.0,
056360,2026-12-31,2026-07-28,2026-07-28,2.19,,,,,,11.85,0.26,,,,1.11,,,379.0,
282880,2026-12-31,2026-07-28,2026-07-28,0.99,,,,,,58.31,0.57,,,,2.32,,,148.0,
121850,2026-12-31,2026-07-28,2026-07-28,0.0,,,,,,,3.47,,,,,,,,
448710,2026-12-31,2026-07-28,2026-07-28,13.71,,,,,,6.23,0.85,,,,1.48,,,1627.0,
126730,2026-12-31,2026-07-28,2026-07-28,5.1,,,,,,31.76,1.62,,,,3.53,,,357.0,
015710,2026-12-31,2026-07-28,2026-07-28,4.51,,,,,,7.41,0.33,,,,5.91,,,343.0,
052330,2026-12-31,2026-07-28,2026-07-28,7.95,,,,,,5.25,0.42,,,,2.57,,,2221.0,
322780,2026-12-31,2026-07-28,2026-07-28,0.0,,,,,,,0.66,,,,,,,,
215380,2026-12-31,2026-07-28,2026-07-28,0.0,,,,,,,1.74,,,,,,,,
200130,2026-12-31,2026-07-28,2026-07-28,0.0,,,,,,,0.66,,,,0.91,,,,
294570,2026-12-31,2026-07-28,2026-07-28,12.53,,,,,,8.03,1.01,,,,1.76,,,2127.0,
464490,2026-12-31,2026-07-28,2026-07-28,0.0,,,,,,,2.02,,,,,,,,
317690,2026-12-31,2026-07-28,2026-07-28,0.0,,,,,,,1.06,,,,,,,,
432720,2026-12-31,2026-07-28,2026-07-28,0.0,,,,,,,2.69,,,,,,,,
365270,2026-12-31,2026-07-28,2026-07-28,0.0,,,,,,,4.52,,,,,,,,
348080,2026-12-31,2026-07-28,2026-07-28,0.0,,,,,,,0.4,,,,,,,,
060280,2026-12-31,2026-07-28,2026-07-28,2.86,,,,,,115.97,3.32,,,,,,,67.0,
372320,2026-12-31,2026-07-28,2026-07-28,0.0,,,,,,,65.23,,,,,,,,
051780,2026-12-31,2026-07-28,2026-07-28,0.0,,,,,,,0.72,,,,,,,,
115180,2026-12-31,2026-07-28,2026-07-28,0.0,,,,,,,18.72,,,,,,,,
494120,2026-12-31,2026-07-28,2026-07-28,0.0,,,,,,,5.01,,,,,,,,
445680,2026-12-31,2026-07-28,2026-07-28,0.0,,,,,,,12.44,,,,,,,,
182360,2026-12-31,2026-07-28,2026-07-28,0.0,,,,,,,0.49,,,,,,,,
405100,2026-12-31,2026-07-28,2026-07-28,3.23,,,,,,39.15,1.27,,,,4.96,,,247.0,
066310,2026-12-31,2026-07-28,2026-07-28,2.92,,,,,,22.45,0.66,,,,1.58,,,282.0,
377460,2026-12-31,2026-07-28,2026-07-28,22.51,,,,,,19.81,4.46,,,,,,,206.0,
016600,2026-12-31,2026-07-28,2026-07-28,1.73,,,,,,12.86,0.22,,,,,,,175.0,
355390,2026-12-31,2026-07-28,2026-07-28,0.0,,,,,,,1.27,,,,,,,,
096240,2026-12-31,2026-07-28,2026-07-28,12.6,,,,,,11.97,1.51,,,,9.52,,,702.0,
040350,2026-12-31,2026-07-28,2026-07-28,0.0,,,,,,,2.72,,,,,,,,
110790,2026-12-31,2026-07-28,2026-07-28,3.53,,,,,,4.37,0.15,,,,11.9,,,615.0,
045520,2026-12-31,2026-07-28,2026-07-28,0.0,,,,,,,0.92,,,,,,,,
214150,2026-12-31,2026-07-28,2026-07-28,23.77,,,,,,21.42,5.09,,,,2.31,,,2017.0,
466100,2026-12-31,2026-07-28,2026-07-28,0.0,,,,,,,10.23,,,,,,,,
237880,2026-12-31,2026-07-28,2026-07-28,5.45,,,,,,13.26,0.72,,,,2.5,,,755.0,
139670,2026-12-31,2026-07-28,2026-07-28,13.52,,,,,,6.55,0.89,,,,,,,242.0,
475430,2026-12-31,2026-07-28,2026-07-28,5.18,,,,,,7.16,0.37,,,,1.27,,,551.0,
487720,2026-12-31,2026-07-28,2026-07-28,,,,,,,,,,,,,,,,
489480,2026-12-31,2026-07-28,2026-07-28,,,,,,,,,,,,,,,,
466690,2026-12-31,2026-07-28,2026-07-28,,,,,,,,,,,,,,,,
0131D0,2026-12-31,2026-07-28,2026-07-28,,,,,,,,,,,,,,,,
054780,2026-12-31,2026-07-28,2026-07-28,0.0,,,,,,,0.6,,,,,,,,
256940,2026-12-31,2026-07-28,2026-07-28,0.0,,,,,,,1.88,,,,,,,,
219130,2026-12-31,2026-07-28,2026-07-28,9.05,,,,,,72.69,6.58,,,,,,,835.0,
336680,2026-12-31,2026-07-28,2026-07-28,3.63,,,,,,14.44,0.52,,,,3.07,,,169.0,
360070,2026-12-31,2026-07-28,2026-07-28,0.0,,,,,,,0.54,,,,,,,,
065130,2026-12-31,2026-07-28,2026-07-28,0.0,,,,,,,0.25,,,,,,,,
134580,2026-12-31,2026-07-28,2026-07-28,0.0,,,,,,,1.53,,,,,,,,
023160,2026-12-31,2026-07-28,2026-07-28,10.23,,,,,,8.61,0.88,,,,2.52,,,2469.0,
323280,2026-12-31,2026-07-28,2026-07-28,0.0,,,,,,,6.97,,,,,,,,
053620,2026-12-31,2026-07-28,2026-07-28,6.1,,,,,,4.3,0.26,,,,6.24,,,1489.0,
044490,2026-12-31,2026-07-28,2026-07-28,0.89,,,,,,87.82,0.78,,,,,,,271.0,
124560,2026-12-31,2026-07-28,2026-07-28,0.0,,,,,,,0.29,,,,7.23,,,,
191420,2026-12-31,2026-07-28,2026-07-28,0.0,,,,,,,0.96,,,,,,,,
073640,2026-12-31,2026-07-28,2026-07-28,0.0,,,,,,,2.31,,,,,,,,
066700,2026-12-31,2026-07-28,2026-07-28,7.81,,,,,,7.28,0.57,,,,,,,296.0,
095610,2026-12-31,2026-07-28,2026-07-28,14.69,,,,,,37.64,5.53,,,,0.7,,,3244.0,
064520,2026-12-31,2026-07-28,2026-07-28,0.0,,,,,,,0.35,,,,,,,,
089030,2026-12-31,2026-07-28,2026-07-28,4.37,,,,,,148.1,6.47,,,,0.33,,,263.0,
054450,2026-12-31,2026-07-28,2026-07-28,0.0,,,,,,,0.86,,,,,,,,
200230,2026-12-31,2026-07-28,2026-07-28,0.0,,,,,,,0.13,,,,,,,,
393210,2026-12-31,2026-07-28,2026-07-28,0.0,,,,,,,1.23,,,,,,,,
475960,2026-12-31,2026-07-28,2026-07-28,0.0,,,,,,,10.8,,,,,,,,
215480,2026-12-31,2026-07-28,2026-07-28,0.0,,,,,,,0.55,,,,,,,,
051360,2026-12-31,2026-07-28,2026-07-28,15.35,,,,,,2.72,0.42,,,,4.05,,,3180.0,
045340,2026-12-31,2026-07-28,2026-07-28,23.34,,,,,,6.24,1.46,,,,1.61,,,997.0,
108230,2026-12-31,2026-07-28,2026-07-28,0.0,,,,,,,0.26,,,,3.59,,,,
079970,2026-12-31,2026-07-28,2026-07-28,5.04,,,,,,6.77,0.34,,,,,,,88.0,
199800,2026-12-31,2026-07-28,2026-07-28,0.0,,,,,,,6.23,,,,,,,,
417790,2026-12-31,2026-07-28,2026-07-28,11.06,,,,,,4.71,0.52,,,,3.68,,,1156.0,
290090,2026-12-31,2026-07-28,2026-07-28,0.0,,,,,,,0.43,,,,,,,,
026150,2026-12-31,2026-07-28,2026-07-28,0.0,,,,,,,0.7,,,,0.84,,,,
464280,2026-12-31,2026-07-28,2026-07-28,9.99,,,,,,6.19,0.62,,,,,,,808.0,
117730,2026-12-31,2026-07-28,2026-07-28,0.0,,,,,,,5.2,,,,,,,,
033830,2026-12-31,2026-07-28,2026-07-28,2.88,,,,,,7.85,0.23,,,,4.46,,,200.0,
057680,2026-12-31,2026-07-28,2026-07-28,0.0,,,,,,,0.13,,,,,,,,
204610,2026-12-31,2026-07-28,2026-07-28,16.78,,,,,,9.29,1.56,,,,4.9,,,308.0,
125020,2026-12-31,2026-07-28,2026-07-28,2.3,,,,,,93.92,2.16,,,,,,,51.0,
064760,2026-12-31,2026-07-28,2026-07-28,13.21,,,,,,27.11,3.58,,,,0.86,,,6138.0,
246710,2026-12-31,2026-07-28,2026-07-28,0.0,,,,,,,4.86,,,,,,,,
340570,2026-12-31,2026-07-28,2026-07-28,18.83,,,,,,12.11,2.28,,,,2.62,,,4725.0,
043220,2026-12-31,2026-07-28,2026-07-28,0.0,,,,,,,1.55,,,,,,,,
277880,2026-12-31,2026-07-28,2026-07-28,1.19,,,,,,47.3,0.56,,,,,,,61.0,
131290,2026-12-31,2026-07-28,2026-07-28,9.97,,,,,,50.03,4.99,,,,0.26,,,3526.0,
425420,2026-12-31,2026-07-28,2026-07-28,16.85,,,,,,19.39,3.27,,,,,,,1586.0,
484810,2026-12-31,2026-07-28,2026-07-28,0.0,,,,,,,3.11,,,,,,,,
131100,2026-12-31,2026-07-28,2026-07-28,0.53,,,,,,44.0,0.23,,,,,,,11.0,
356860,2026-12-31,2026-07-28,2026-07-28,15.1,,,,,,25.75,3.89,,,,1.87,,,934.0,
321550,2026-12-31,2026-07-28,2026-07-28,0.0,,,,,,,3.07,,,,,,,,
425040,2026-12-31,2026-07-28,2026-07-28,8.04,,,,,,10.21,0.82,,,,1.94,,,759.0,
241790,2026-12-31,2026-07-28,2026-07-28,3.69,,,,,,10.29,0.38,,,,1.55,,,438.0,
022220,2026-12-31,2026-07-28,2026-07-28,0.0,,,,,,,0.32,,,,,,,,
104480,2026-12-31,2026-07-28,2026-07-28,9.49,,,,,,1.16,0.11,,,,,,,1282.0,
081150,2026-12-31,2026-07-28,2026-07-28,1.98,,,,,,18.87,0.37,,,,1.93,,,137.0,
130740,2026-12-31,2026-07-28,2026-07-28,0.0,,,,,,,0.33,,,,,,,,
084730,2026-12-31,2026-07-28,2026-07-28,0.0,,,,,,,0.38,,,,,,,,
440110,2026-12-31,2026-07-28,2026-07-28,0.0,,,,,,,143.99,,,,,,,,
290560,2026-12-31,2026-07-28,2026-07-28,12.45,,,,,,5.38,0.67,,,,,,,179.0,
288330,2026-12-31,2026-07-28,2026-07-28,0.0,,,,,,,1.01,,,,,,,,
033540,2026-12-31,2026-07-28,2026-07-28,0.0,,,,,,,0.37,,,,,,,,
388870,2026-12-31,2026-07-28,2026-07-28,0.0,,,,,,,4.38,,,,,,,,
043200,2026-12-31,2026-07-28,2026-07-28,0.0,,,,,,,0.96,,,,,,,,
214450,2026-12-31,2026-07-28,2026-07-28,26.66,,,,,,23.63,6.3,,,,0.99,,,15893.0,
177830,2026-12-31,2026-07-28,2026-07-28,0.0,,,,,,,0.37,,,,3.34,,,,
037070,2026-12-31,2026-07-28,2026-07-28,4.32,,,,,,36.32,1.57,,,,2.23,,,185.0,
150900,2026-12-31,2026-07-28,2026-07-28,7.11,,,,,,13.83,0.98,,,,3.08,,,235.0,
037030,2026-12-31,2026-07-28,2026-07-28,10.79,,,,,,4.87,0.53,,,,,,,652.0,
047310,2026-12-31,2026-07-28,2026-07-28,0.0,,,,,,,0.51,,,,,,,,
368770,2026-12-31,2026-07-28,2026-07-28,20.39,,,,,,38.74,7.9,,,,0.78,,,285.0,
170790,2026-12-31,2026-07-28,2026-07-28,8.54,,,,,,6.72,0.57,,,,4.62,,,1160.0,
049120,2026-12-31,2026-07-28,2026-07-28,0.0,,,,,,,0.39,,,,,,,,
038950,2026-12-31,2026-07-28,2026-07-28,0.0,,,,,,,0.26,,,,1.7,,,,
387570,2026-12-31,2026-07-28,2026-07-28,0.0,,,,,,,1.17,,,,,,,,
441270,2026-12-31,2026-07-28,2026-07-28,0.0,,,,,,,1.38,,,,,,,,
106240,2026-12-31,2026-07-28,2026-07-28,0.0,,,,,,,0.35,,,,,,,,
131760,2026-12-31,2026-07-28,2026-07-28,0.0,,,,,,,0.49,,,,,,,,
065690,2026-12-31,2026-07-28,2026-07-28,11.37,,,,,,2.86,0.32,,,,,,,502.0,
140860,2026-12-31,2026-07-28,2026-07-28,15.32,,,,,,51.18,7.84,,,,0.2,,,4963.0,
091700,2026-12-31,2026-07-28,2026-07-28,6.53,,,,,,8.23,0.54,,,,5.59,,,674.0,
032800,2026-12-31,2026-07-28,2026-07-28,0.0,,,,,,,0.29,,,,,,,,
318010,2026-12-31,2026-07-28,2026-07-28,4.35,,,,,,9.25,0.4,,,,5.78,,,374.0,
027710,2026-12-31,2026-07-28,2026-07-28,10.67,,,,,,3.74,0.4,,,,9.83,,,272.0,
225590,2026-12-31,2026-07-28,2026-07-28,3.54,,,,,,5.57,0.2,,,,,,,535.0,
054300,2026-12-31,2026-07-28,2026-07-28,0.0,,,,,,,0.58,,,,,,,,
068050,2026-12-31,2026-07-28,2026-07-28,0.0,,,,,,,0.44,,,,,,,,
222110,2026-12-31,2026-07-28,2026-07-28,6.94,,,,,,31.04,2.16,,,,,,,154.0,
271830,2026-12-31,2026-07-28,2026-07-28,0.0,,,,,,,0.43,,,,,,,,
263750,2026-12-31,2026-07-28,2026-07-28,0.0,,,,,,,2.57,,,,,,,,
251970,2026-12-31,2026-07-28,2026-07-28,11.7,,,,,,17.12,2.0,,,,0.95,,,2778.0,
187660,2026-12-31,2026-07-28,2026-07-28,0.0,,,,,,,10.84,,,,,,,,
0015S0,2026-12-31,2026-07-28,2026-07-28,4.83,,,,,,20.82,1.01,,,,,,,305.0,
168360,2026-12-31,2026-07-28,2026-07-28,0.0,,,,,,,9.2,,,,0.45,,,,
087010,2026-12-31,2026-07-28,2026-07-28,0.0,,,,,,,23.4,,,,,,,,
064800,2026-12-31,2026-07-28,2026-07-28,7.35,,,,,,3.08,0.23,,,,,,,630.0,
119500,2026-12-31,2026-07-28,2026-07-28,4.2,,,,,,12.83,0.54,,,,2.57,,,182.0,
389140,2026-12-31,2026-07-28,2026-07-28,0.0,,,,,,,1.68,,,,,,,,
105760,2026-12-31,2026-07-28,2026-07-28,4.85,,,,,,9.27,0.45,,,,,,,392.0,
009520,2026-12-31,2026-07-28,2026-07-28,1.24,,,,,,290.0,3.59,,,,0.1,,,34.0,
189690,2026-12-31,2026-07-28,2026-07-28,6.25,,,,,,8.44,0.53,,,,3.33,,,178.0,
318020,2026-12-31,2026-07-28,2026-07-28,5.41,,,,,,8.59,0.47,,,,5.02,,,232.0,
256630,2026-12-31,2026-07-28,2026-07-28,0.0,,,,,,,0.71,,,,1.2,,,,
331380,2026-12-31,2026-07-28,2026-07-28,0.0,,,,,,,2.72,,,,,,,,
208710,2026-12-31,2026-07-28,2026-07-28,0.0,,,,,,,0.65,,,,,,,,
472850,2026-12-31,2026-07-28,2026-07-28,14.71,,,,,,6.52,0.96,,,,7.16,,,600.0,
039980,2026-12-31,2026-07-28,2026-07-28,0.0,,,,,,,0.79,,,,,,,,
041910,2026-12-31,2026-07-28,2026-07-28,4.53,,,,,,11.16,0.51,,,,,,,464.0,
234100,2026-12-31,2026-07-28,2026-07-28,0.23,,,,,,83.33,0.19,,,,,,,30.0,
041020,2026-12-31,2026-07-28,2026-07-28,5.45,,,,,,27.91,1.52,,,,,,,98.0,
114630,2026-12-31,2026-07-28,2026-07-28,1.95,,,,,,10.04,0.2,,,,,,,145.0,
487580,2026-12-31,2026-07-28,2026-07-28,22.83,,,,,,8.47,1.93,,,,,,,379.0,
290720,2026-12-31,2026-07-28,2026-07-28,7.36,,,,,,40.27,2.96,,,,,,,75.0,
005670,2026-12-31,2026-07-28,2026-07-28,10.05,,,,,,5.52,0.55,,,,2.65,,,1094.0,
094940,2026-12-31,2026-07-28,2026-07-28,0.0,,,,,,,1.14,,,,,,,,
007330,2026-12-31,2026-07-28,2026-07-28,6.2,,,,,,5.83,0.36,,,,7.79,,,1696.0,
093380,2026-12-31,2026-07-28,2026-07-28,1.15,,,,,,31.73,0.36,,,,3.0,,,84.0,
023900,2026-12-31,2026-07-28,2026-07-28,5.95,,,,,,8.61,0.51,,,,2.86,,,812.0,
371950,2026-12-31,2026-07-28,2026-07-28,0.0,,,,,,,8.37,,,,,,,,
298060,2026-12-31,2026-07-28,2026-07-28,0.74,,,,,,85.0,0.63,,,,,,,30.0,
370090,2026-12-31,2026-07-28,2026-07-28,0.0,,,,,,,1.19,,,,,,,,
445180,2026-12-31,2026-07-28,2026-07-28,14.28,,,,,,7.47,1.07,,,,1.8,,,893.0,
220100,2026-12-31,2026-07-28,2026-07-28,0.0,,,,,,,3.17,,,,,,,,
035200,2026-12-31,2026-07-28,2026-07-28,2.58,,,,,,21.44,0.55,,,,2.99,,,125.0,
334970,2026-12-31,2026-07-28,2026-07-28,0.0,,,,,,,1.03,,,,,,,,
321260,2026-12-31,2026-07-28,2026-07-28,9.14,,,,,,10.27,0.94,,,,4.06,,,144.0,
053610,2026-12-31,2026-07-28,2026-07-28,13.66,,,,,,10.81,1.48,,,,0.7,,,5293.0,
468530,2026-12-31,2026-07-28,2026-07-28,0.0,,,,,,,7.26,,,,,,,,
303360,2026-12-31,2026-07-28,2026-07-28,14.56,,,,,,14.25,2.07,,,,,,,347.0,
377220,2026-12-31,2026-07-28,2026-07-28,0.0,,,,,,,0.52,,,,,,,,
335810,2026-12-31,2026-07-28,2026-07-28,0.0,,,,,,,0.72,,,,,,,,
053160,2026-12-31,2026-07-28,2026-07-28,1.26,,,,,,53.1,0.67,,,,1.46,,,168.0,
405000,2026-12-31,2026-07-28,2026-07-28,0.0,,,,,,,3.15,,,,,,,,
041590,2026-12-31,2026-07-28,2026-07-28,0.71,,,,,,395.0,2.8,,,,,,,6.0,
367000,2026-12-31,2026-07-28,2026-07-28,0.0,,,,,,,0.72,,,,,,,,
075130,2026-12-31,2026-07-28,2026-07-28,3.17,,,,,,13.66,0.43,,,,5.05,,,145.0,
237820,2026-12-31,2026-07-28,2026-07-28,6.46,,,,,,5.82,0.38,,,,7.13,,,458.0,
023770,2026-12-31,2026-07-28,2026-07-28,0.0,,,,,,,1.17,,,,,,,,
019570,2026-12-31,2026-07-28,2026-07-28,7.06,,,,,,5.59,0.39,,,,,,,86.0,
300080,2026-12-31,2026-07-28,2026-07-28,37.49,,,,,,19.05,7.14,,,,,,,391.0,
033790,2026-12-31,2026-07-28,2026-07-28,0.0,,,,,,,3.59,,,,,,,,
032580,2026-12-31,2026-07-28,2026-07-28,0.0,,,,,,,2.61,,,,,,,,
0117P0,2026-12-31,2026-07-28,2026-07-28,12.09,,,,,,4.52,0.55,,,,,,,1139.0,
051380,2026-12-31,2026-07-28,2026-07-28,6.35,,,,,,9.02,0.57,,,,4.46,,,174.0,
241820,2026-12-31,2026-07-28,2026-07-28,0.0,,,,,,,2.52,,,,,,,,
452450,2026-12-31,2026-07-28,2026-07-28,0.0,,,,,,,1.75,,,,,,,,
237750,2026-12-31,2026-07-28,2026-07-28,0.0,,,,,,,0.53,,,,2.79,,,,
460940,2026-12-31,2026-07-28,2026-07-28,6.5,,,,,,18.92,1.23,,,,1.0,,,212.0,
319660,2026-12-31,2026-07-28,2026-07-28,14.58,,,,,,46.28,6.75,,,,0.54,,,2712.0,
031980,2026-12-31,2026-07-28,2026-07-28,18.11,,,,,,22.15,4.01,,,,1.15,,,4252.0,
002230,2026-12-31,2026-07-28,2026-07-28,6.93,,,,,,8.01,0.56,,,,5.58,,,559.0,
043370,2026-12-31,2026-07-28,2026-07-28,5.48,,,,,,4.4,0.24,,,,3.84,,,2369.0,
239890,2026-12-31,2026-07-28,2026-07-28,5.16,,,,,,11.02,0.57,,,,6.28,,,289.0,
347740,2026-12-31,2026-07-28,2026-07-28,5.8,,,,,,10.48,0.61,,,,2.95,,,162.0,
137400,2026-12-31,2026-07-28,2026-07-28,11.68,,,,,,8.64,1.01,,,,0.72,,,3200.0,
257370,2026-12-31,2026-07-28,2026-07-28,0.0,,,,,,,1.17,,,,,,,,
147760,2026-12-31,2026-07-28,2026-07-28,0.0,,,,,,,4.34,,,,,,,,
128660,2026-12-31,2026-07-28,2026-07-28,10.31,,,,,,8.55,0.88,,,,6.48,,,307.0,
006140,2026-12-31,2026-07-28,2026-07-28,6.71,,,,,,7.15,0.48,,,,4.44,,,629.0,
376180,2026-12-31,2026-07-28,2026-07-28,0.0,,,,,,,0.61,,,,7.63,,,,
304840,2026-12-31,2026-07-28,2026-07-28,0.0,,,,,,,0.54,,,,,,,,
087600,2026-12-31,2026-07-28,2026-07-28,0.0,,,,,,,0.31,,,,,,,,
291810,2026-12-31,2026-07-28,2026-07-28,0.0,,,,,,,0.69,,,,,,,,
378340,2026-12-31,2026-07-28,2026-07-28,0.0,,,,,,,1.56,,,,,,,,
161580,2026-12-31,2026-07-28,2026-07-28,0.0,,,,,,,4.68,,,,,,,,
347770,2026-12-31,2026-07-28,2026-07-28,0.0,,,,,,,0.48,,,,,,,,
163730,2026-12-31,2026-07-28,2026-07-28,0.65,,,,,,229.38,1.48,,,,1.36,,,32.0,
417180,2026-12-31,2026-07-28,2026-07-28,11.5,,,,,,3.73,0.43,,,,,,,1021.0,
469880,2026-12-31,2026-07-28,2026-07-28,,,,,,,,,,,,,,,,
469900,2026-12-31,2026-07-28,2026-07-28,,,,,,,,,,,,,,,,
475240,2026-12-31,2026-07-28,2026-07-28,,,,,,,,,,,,,,,,
475250,2026-12-31,2026-07-28,2026-07-28,,,,,,,,,,,,,,,,
484130,2026-12-31,2026-07-28,2026-07-28,,,,,,,,,,,,,,,,
0041L0,2026-12-31,2026-07-28,2026-07-28,,,,,,,,,,,,,,,,
0101C0,2026-12-31,2026-07-28,2026-07-28,,,,,,,,,,,,,,,,
299030,2026-12-31,2026-07-28,2026-07-28,0.0,,,,,,,0.86,,,,,,,,
067310,2026-12-31,2026-07-28,2026-07-28,10.6,,,,,,47.17,5.0,,,,0.23,,,637.0,
166090,2026-12-31,2026-07-28,2026-07-28,8.25,,,,,,24.27,2.0,,,,0.62,,,1984.0,
136480,2026-12-31,2026-07-28,2026-07-28,11.84,,,,,,7.18,0.85,,,,1.54,,,363.0,
003380,2026-12-31,2026-07-28,2026-07-28,7.24,,,,,,3.92,0.28,,,,1.3,,,2360.0,
450330,2026-12-31,2026-07-28,2026-07-28,3.42,,,,,,20.95,0.72,,,,1.48,,,194.0,
101670,2026-12-31,2026-07-28,2026-07-28,0.0,,,,,,,0.7,,,,,,,,
365590,2026-12-31,2026-07-28,2026-07-28,0.0,,,,,,,11.39,,,,,,,,
149980,2026-12-31,2026-07-28,2026-07-28,4.94,,,,,,22.26,1.1,,,,,,,215.0,
013030,2026-12-31,2026-07-28,2026-07-28,10.91,,,,,,7.31,0.8,,,,4.38,,,4211.0,
126700,2026-12-31,2026-07-28,2026-07-28,0.0,,,,,,,0.47,,,,0.89,,,,
160190,2026-12-31,2026-07-28,2026-07-28,0.0,,,,,,,3.96,,,,,,,,
221840,2026-12-31,2026-07-28,2026-07-28,4.97,,,,,,17.45,0.87,,,,,,,110.0,
106190,2026-12-31,2026-07-28,2026-07-28,8.78,,,,,,9.49,0.83,,,,1.46,,,1079.0,
065650,2026-12-31,2026-07-28,2026-07-28,0.0,,,,,,,0.8,,,,,,,,
066130,2026-12-31,2026-07-28,2026-07-28,7.78,,,,,,4.31,0.34,,,,4.3,,,755.0,
004590,2026-12-31,2026-07-28,2026-07-28,7.85,,,,,,4.87,0.38,,,,4.09,,,1029.0,
039340,2026-12-31,2026-07-28,2026-07-28,1.88,,,,,,28.17,0.53,,,,3.15,,,169.0,
034950,2026-12-31,2026-07-28,2026-07-28,19.08,,,,,,17.77,3.39,,,,7.97,,,5656.0,
222980,2026-12-31,2026-07-28,2026-07-28,0.0,,,,,,,0.71,,,,,,,,
256840,2026-12-31,2026-07-28,2026-07-28,1.23,,,,,,55.24,0.68,,,,3.02,,,42.0,
219750,2026-12-31,2026-07-28,2026-07-28,0.0,,,,,,,1.03,,,,,,,,
025550,2026-12-31,2026-07-28,2026-07-28,0.25,,,,,,156.15,0.4,,,,,,,13.0,
017890,2026-12-31,2026-07-28,2026-07-28,5.7,,,,,,8.71,0.5,,,,0.84,,,1507.0,
080720,2026-12-31,2026-07-28,2026-07-28,,,,,,,,,,,,,,,,
041460,2026-12-31,2026-07-28,2026-07-28,7.15,,,,,,13.13,0.94,,,,2.9,,,252.0,
101680,2026-12-31,2026-07-28,2026-07-28,0.0,,,,,,,0.6,,,,,,,,
039740,2026-12-31,2026-07-28,2026-07-28,4.13,,,,,,10.78,0.45,,,,,,,268.0,
053300,2026-12-31,2026-07-28,2026-07-28,12.81,,,,,,6.31,0.81,,,,4.85,,,654.0,
025770,2026-12-31,2026-07-28,2026-07-28,10.88,,,,,,7.26,0.79,,,,3.85,,,1038.0,
479880,2026-12-31,2026-07-28,2026-07-28,,,,,,,,,,,,,,,,
0164H0,2026-12-31,2026-07-28,2026-07-28,,,,,,,,,,,,,,,,
062970,2026-12-31,2026-07-28,2026-07-28,0.0,,,,,,,3.64,,,,,,,,
023760,2026-12-31,2026-07-28,2026-07-28,11.99,,,,,,2.3,0.28,,,,6.01,,,289.0,
054040,2026-12-31,2026-07-28,2026-07-28,12.48,,,,,,3.11,0.39,,,,6.21,,,1555.0,
021650,2026-12-31,2026-07-28,2026-07-28,4.71,,,,,,7.38,0.35,,,,4.77,,,284.0,
032300,2026-12-31,2026-07-28,2026-07-28,0.0,,,,,,,1.14,,,,0.7,,,,
037230,2026-12-31,2026-07-28,2026-07-28,5.09,,,,,,6.95,0.35,,,,3.77,,,191.0,
448900,2026-12-31,2026-07-28,2026-07-28,0.0,,,,,,,5.41,,,,,,,,
052600,2026-12-31,2026-07-28,2026-07-28,9.2,,,,,,9.54,0.88,,,,5.97,,,316.0,
256150,2026-12-31,2026-07-28,2026-07-28,4.72,,,,,,12.46,0.59,,,,5.67,,,354.0,
092460,2026-12-31,2026-07-28,2026-07-28,13.01,,,,,,11.09,1.44,,,,3.7,,,1511.0,
125490,2026-12-31,2026-07-28,2026-07-28,4.43,,,,,,53.98,2.39,,,,,,,128.0,
452190,2026-12-31,2026-07-28,2026-07-28,7.93,,,,,,29.66,2.35,,,,,,,104.0,
047080,2026-12-31,2026-07-28,2026-07-28,30.17,,,,,,4.57,1.38,,,,,,,210.0,
452280,2026-12-31,2026-07-28,2026-07-28,13.09,,,,,,18.47,2.42,,,,,,,518.0,
066980,2026-12-31,2026-07-28,2026-07-28,0.17,,,,,,651.0,1.12,,,,,,,2.0,
114810,2026-12-31,2026-07-28,2026-07-28,13.53,,,,,,8.55,1.16,,,,,,,1029.0,
042520,2026-12-31,2026-07-28,2026-07-28,0.0,,,,,,,7.49,,,,,,,,
430690,2026-12-31,2026-07-28,2026-07-28,0.0,,,,,,,0.71,,,,,,,,
078350,2026-12-31,2026-07-28,2026-07-28,8.79,,,,,,16.93,1.49,,,,,,,1025.0,
045100,2026-12-31,2026-07-28,2026-07-28,6.63,,,,,,11.59,0.77,,,,,,,2541.0,
320000,2026-12-31,2026-07-28,2026-07-28,0.0,,,,,,,2.26,,,,,,,,
091440,2026-12-31,2026-07-28,2026-07-28,0.0,,,,,,,2.41,,,,,,,,
276730,2026-12-31,2026-07-28,2026-07-28,0.0,,,,,,,1.59,,,,,,,,
024740,2026-12-31,2026-07-28,2026-07-28,1.07,,,,,,43.87,0.47,,,,,,,45.0,
005860,2026-12-31,2026-07-28,2026-07-28,3.9,,,,,,13.73,0.53,,,,3.37,,,162.0,
007770,2026-12-31,2026-07-28,2026-07-28,0.0,,,,,,,0.26,,,,,,,,
198940,2026-12-31,2026-07-28,2026-07-28,0.0,,,,,,,0.54,,,,,,,,
058450,2026-12-31,2026-07-28,2026-07-28,0.0,,,,,,,1.51,,,,,,,,
107640,2026-12-31,2026-07-28,2026-07-28,4.36,,,,,,61.22,2.67,,,,,,,450.0,
079170,2026-12-31,2026-07-28,2026-07-28,9.08,,,,,,3.67,0.33,,,,4.49,,,1273.0,
030520,2026-12-31,2026-07-28,2026-07-28,9.29,,,,,,11.42,1.06,,,,2.46,,,1427.0,
054920,2026-12-31,2026-07-28,2026-07-28,5.41,,,,,,10.64,0.58,,,,,,,314.0,
457370,2026-12-31,2026-07-28,2026-07-28,9.68,,,,,,8.61,0.83,,,,3.16,,,734.0,
002680,2026-12-31,2026-07-28,2026-07-28,4.37,,,,,,5.33,0.23,,,,,,,335.0,
098070,2026-12-31,2026-07-28,2026-07-28,19.73,,,,,,8.31,1.64,,,,1.57,,,2881.0,
408470,2026-12-31,2026-07-28,2026-07-28,20.14,,,,,,5.66,1.14,,,,,,,898.0,
498390,2026-12-31,2026-07-28,2026-07-28,,,,,,,,,,,,,,,,
034810,2026-12-31,2026-07-28,2026-07-28,0.0,,,,,,,0.26,,,,4.17,,,,
03481K,2026-12-31,2026-07-28,2026-07-28,,,,,,,,,,,,4.49,,,,
059270,2026-12-31,2026-07-28,2026-07-28,0.37,,,,,,384.62,1.41,,,,,,,13.0,
076610,2026-12-31,2026-07-28,2026-07-28,0.0,,,,,,,2.76,,,,,,,,
220180,2026-12-31,2026-07-28,2026-07-28,1.2,,,,,,33.69,0.4,,,,,,,39.0,
214180,2026-12-31,2026-07-28,2026-07-28,13.74,,,,,,5.43,0.75,,,,3.79,,,2427.0,
234340,2026-12-31,2026-07-28,2026-07-28,5.56,,,,,,22.92,1.27,,,,1.37,,,701.0,
084990,2026-12-31,2026-07-28,2026-07-28,0.0,,,,,,,1.0,,,,,,,,
170030,2026-12-31,2026-07-28,2026-07-28,7.32,,,,,,5.73,0.42,,,,6.61,,,793.0,
319400,2026-12-31,2026-07-28,2026-07-28,7.08,,,,,,202.43,14.33,,,,0.24,,,103.0,
048410,2026-12-31,2026-07-28,2026-07-28,0.0,,,,,,,5.02,,,,,,,,
052260,2026-12-31,2026-07-28,2026-07-28,0.18,,,,,,408.13,0.72,,,,2.14,,,8.0,
016790,2026-12-31,2026-07-28,2026-07-28,5.67,,,,,,43.22,2.45,,,,,,,23.0,
041440,2026-12-31,2026-07-28,2026-07-28,2.42,,,,,,22.38,0.54,,,,1.2,,,260.0,
039010,2026-12-31,2026-07-28,2026-07-28,9.94,,,,,,4.51,0.45,,,,7.29,,,1367.0,
090850,2026-12-31,2026-07-28,2026-07-28,21.29,,,,,,6.04,1.29,,,,3.52,,,1035.0,
460930,2026-12-31,2026-07-28,2026-07-28,8.48,,,,,,23.31,1.98,,,,0.92,,,604.0,
092300,2026-12-31,2026-07-28,2026-07-28,6.72,,,,,,5.29,0.36,,,,3.21,,,412.0,
011080,2026-12-31,2026-07-28,2026-07-28,0.0,,,,,,,0.19,,,,,,,,
308100,2026-12-31,2026-07-28,2026-07-28,0.0,,,,,,,0.16,,,,,,,,
064240,2026-12-31,2026-07-28,2026-07-28,0.04,,,,,,1391.0,0.57,,,,,,,1.0,
039610,2026-12-31,2026-07-28,2026-07-28,0.0,,,,,,,0.55,,,,,,,,
126640,2026-12-31,2026-07-28,2026-07-28,8.7,,,,,,12.86,1.12,,,,1.98,,,294.0,
127980,2026-12-31,2026-07-28,2026-07-28,0.0,,,,,,,0.92,,,,5.75,,,,
061250,2026-12-31,2026-07-28,2026-07-28,0.0,,,,,,,0.36,,,,,,,,
097870,2026-12-31,2026-07-28,2026-07-28,3.57,,,,,,13.01,0.46,,,,,,,354.0,
290270,2026-12-31,2026-07-28,2026-07-28,11.2,,,,,,4.35,0.49,,,,1.88,,,612.0,
353190,2026-12-31,2026-07-28,2026-07-28,2.68,,,,,,19.28,0.52,,,,14.31,,,145.0,
090710,2026-12-31,2026-07-28,2026-07-28,0.0,,,,,,,5.81,,,,,,,,
078590,2026-12-31,2026-07-28,2026-07-28,0.0,,,,,,,0.41,,,,,,,,
205470,2026-12-31,2026-07-28,2026-07-28,0.0,,,,,,,0.21,,,,,,,,
115160,2026-12-31,2026-07-28,2026-07-28,0.0,,,,,,,0.27,,,,,,,,
028080,2026-12-31,2026-07-28,2026-07-28,0.0,,,,,,,0.37,,,,,,,,
200670,2026-12-31,2026-07-28,2026-07-28,18.59,,,,,,4.83,0.9,,,,3.79,,,5017.0,
065510,2026-12-31,2026-07-28,2026-07-28,0.0,,,,,,,0.66,,,,3.8,,,,
263920,2026-12-31,2026-07-28,2026-07-28,3.45,,,,,,23.31,0.8,,,,5.36,,,160.0,
243070,2026-12-31,2026-07-28,2026-07-28,11.38,,,,,,6.79,0.77,,,,3.71,,,3651.0,
084110,2026-12-31,2026-07-28,2026-07-28,5.28,,,,,,9.46,0.5,,,,3.93,,,2367.0,
145020,2026-12-31,2026-07-28,2026-07-28,14.85,,,,,,18.18,2.7,,,,,,,13061.0,
024060,2026-12-31,2026-07-28,2026-07-28,0.2,,,,,,908.18,1.85,,,,0.2,,,11.0,
010240,2026-12-31,2026-07-28,2026-07-28,10.32,,,,,,4.8,0.49,,,,5.31,,,1099.0,
189980,2026-12-31,2026-07-28,2026-07-28,8.0,,,,,,5.46,0.44,,,,11.84,,,201.0,
037440,2026-12-31,2026-07-28,2026-07-28,8.93,,,,,,5.7,0.51,,,,2.83,,,619.0,
238490,2026-12-31,2026-07-28,2026-07-28,0.0,,,,,,,0.43,,,,,,,,
