date,ticker,close,market_cap,trading_value_20d,trading_value_60d,return_1m,return_3m,return_6m,return_12m,return_12m_ex_1m,high_52w,distance_from_52w_high,volatility_60d
2026-06-24,000020,4970,138819405900,516415206,550973733,-0.2048,-0.1519,-0.2136,-0.2582,-0.0534,7060,0.704,0.0177
2026-06-24,000040,285,24616927440,71782269,147218687,-0.2597,-0.2928,-0.4254,-0.3523,-0.0926,653,0.4364,0.0326
2026-06-24,000050,7720,211645884400,543893949,760450199,-0.2303,-0.1636,-0.3561,-0.1157,0.1146,12060,0.6401,0.0313
2026-07-06,000070,57500,0,642099872,754917595,0.0379,-0.1519,-0.0726,0.0126,-0.0253,74500,0.7718,0.0195
2026-06-24,000080,14690,1030262745590,2717186672,2584523656,-0.1323,-0.0982,-0.2256,-0.2852,-0.1529,22000,0.6677,0.0175
2026-06-24,000087,12440,14058916720,45192168,31587086,-0.0926,-0.1057,-0.1933,-0.2176,-0.125,16280,0.7641,0.006
2026-07-15,000100,69600,5567367309900,21952113652,24048517171,-0.1111,-0.2443,-0.3857,-0.3673,-0.2562,135800,0.5125,0.0297
2026-06-24,000105,60600,71564964000,202201097,273558747,-0.1898,-0.2725,-0.419,-0.3841,-0.1943,113300,0.5349,0.0225
2026-06-24,000120,74600,1701800862400,5526186675,6813832561,-0.1674,-0.3015,-0.2197,-0.1315,0.0359,145700,0.512,0.0237
2026-06-24,000140,7830,181708969950,236923527,201661440,-0.1031,-0.129,-0.2278,-0.3021,-0.199,11790,0.6641,0.0165
2026-06-24,000145,9550,4496235500,3391493,3164228,-0.0922,-0.1541,-0.2305,-0.2968,-0.2046,13680,0.6981,0.0164
2026-07-15,000150,1293000,21068179335000,131323296425,160193093266,-0.239,-0.0008,0.7036,1.2448,1.4838,2203000,0.5869,0.0632
2026-06-24,000155,510000,2038195620000,13720204750,13705363537,-0.1748,0.0794,-0.0078,0.1111,0.2859,736000,0.6929,0.0582
2026-06-24,000157,460000,410797480000,937878375,940458895,-0.0909,0.0965,0.0088,-0.1944,-0.1035,630000,0.7302,0.0542
2026-06-24,000180,4660,65008491200,91627598,124761654,-0.2361,-0.3656,-0.4052,-0.4699,-0.2338,9035,0.5158,0.0212
2026-07-03,0001A0,8780,0,1130907221,7109446110,-0.2018,-0.485,0.0,0.0,0.0,38500,0.2281,0.0453
2026-07-15,000210,47150,988069930600,4590285481,7097592791,-0.1396,-0.261,0.3627,-0.0827,0.0569,76800,0.6139,0.0459
2026-06-24,000215,21150,35661332250,97131837,195390146,-0.2019,-0.2433,-0.1881,-0.1278,0.0741,32000,0.6609,0.0343
2026-06-24,000220,3765,64126801515,3525194834,1328332911,-0.0516,-0.0928,-0.1183,-0.1998,-0.1482,4770,0.7893,0.0231
2026-06-24,000225,3545,8036266850,407985304,168874047,-0.1698,-0.1775,-0.2751,-0.3049,-0.1351,5250,0.6752,0.0205
2026-06-24,000227,10310,3356523600,9950340,8245961,-0.0246,-0.0409,-0.0932,-0.0584,-0.0338,11670,0.8835,0.0081
2026-06-24,000230,6240,72012096000,175548768,271143887,-0.2624,-0.3906,-0.5784,-0.1149,0.1475,15810,0.3947,0.0269
2026-07-06,000240,25550,0,5537954631,4142647154,-0.0058,0.0302,-0.0211,0.3497,0.3555,34650,0.7374,0.0367
2026-07-15,000250,188000,4402967494400,28122412390,71324908238,-0.2906,-0.6426,-0.2327,0.2145,0.5051,1184000,0.1588,0.0536
2026-07-16,000270,149700,58444825800600,168434452432,229002798670,-0.0998,0.0034,0.1239,0.5106,0.6104,206000,0.7267,0.0397
2026-06-24,000300,4200,174035631000,0,0,0.0,0.0,0.0,0.0,0.0,4200,1.0,0.0
2026-06-24,000320,16040,213190062040,163400838,312087278,-0.18,-0.2871,-0.2934,-0.2871,-0.1071,36250,0.4425,0.0282
2026-06-24,000325,26550,6466491450,4592132,7540720,-0.0781,-0.1338,-0.1477,-0.2157,-0.1376,39500,0.6722,0.016
2026-06-24,000370,5810,678253096150,5017928202,5598703831,-0.1919,-0.1341,0.086,0.0375,0.2294,9300,0.6247,0.0417
2026-06-24,000390,5990,162948779310,1285896721,5498129367,-0.2271,-0.3799,0.0084,-0.0416,0.1855,12350,0.485,0.0311
2026-07-15,000400,2580,792909297600,2716277618,2188911177,0.311,0.2056,0.5684,0.406,0.095,2725,0.9468,0.0525
2026-06-23,000430,3940,244280000000,5670509964,2578316186,0.0866,0.2861,0.2716,0.3547,0.2681,6000,0.8467,0.051
2026-07-03,000440,13300,0,352793524,2228032901,-0.181,-0.4036,-0.1734,-0.4515,-0.2705,32800,0.4055,0.0343
2026-06-24,000480,4630,217102968700,198917379,153386277,-0.0483,-0.0512,-0.085,-0.1643,-0.116,5640,0.8209,0.0114
2026-06-24,000490,7150,206112084750,2099096865,2967994775,-0.2426,-0.2583,-0.297,-0.3535,-0.1109,11800,0.6059,0.0314
2026-07-03,0004V0,7300,0,3174431413,14547596697,-0.4292,-0.6296,0.0,0.0,0.0,28850,0.253,0.0739
2026-07-03,0004Y0,2000,0,18147844,18137719,0.0,-0.0431,-0.0025,0.0,0.0,2115,0.9456,0.0025
2026-07-15,000500,220000,3647756857500,67605105560,67239309409,0.5082,2.8701,3.4685,5.3346,4.8264,313406,0.702,0.1219
2026-06-24,000520,6460,140129099060,863226268,1870875230,-0.1833,-0.3207,-0.3722,-0.4127,-0.2294,12310,0.5248,0.0397
2026-06-24,000540,3115,200115839175,529363938,527946060,-0.2193,-0.3108,-0.1395,-0.3221,-0.1028,6590,0.4727,0.032
2026-06-24,000545,5200,3993600000,17049737,19737644,-0.2227,-0.2375,-0.2828,-0.354,-0.1313,10510,0.4948,0.0213
2026-06-24,000590,68600,79197465200,60533832,60280348,-0.1091,-0.1489,-0.1499,-0.305,-0.1959,97200,0.7058,0.0177
2026-06-23,000640,76500,515038315500,1531212267,1550661998,-0.1166,-0.1835,-0.2808,-0.247,-0.1304,120430,0.6983,0.0184
2026-06-24,000650,190500,272266410000,9456432565,10182281227,-0.2128,-0.1496,-0.5475,3.5959,3.8087,457500,0.4164,0.0744
2026-07-27,000660,1816000,1294267494840000,12395567463819,12352015132812,-0.3774,0.4849,1.377,5.0533,5.4307,2919000,0.6221,0.0701
2026-07-06,000670,39900,0,1424098787,1697637296,-0.2161,-0.3179,-0.1895,-0.0293,0.1868,70000,0.57,0.0329
2026-06-24,000680,2765,217890339240,914799054,2690279920,-0.2991,-0.1081,-0.1621,-0.2752,0.0239,4630,0.5972,0.0402
2026-06-24,000700,5390,140365366680,230886682,311228234,-0.0593,-0.205,-0.1306,-0.1106,-0.0513,7180,0.7507,0.0222
2026-07-15,000720,101900,11369423606500,79476820005,144573215071,-0.3106,-0.421,0.3587,0.3826,0.6932,188700,0.54,0.0606
2026-06-24,000725,51600,54422158800,455608637,942190278,-0.1975,-0.2629,-0.101,-0.2565,-0.059,82400,0.6262,0.0444
2026-06-24,000760,11020,30856000000,24124716,30073365,-0.2534,-0.2644,-0.3753,-0.1601,0.0933,20350,0.5415,0.0213
2026-07-03,0007C0,17180,0,2439564213,12683075137,-0.3753,-0.4879,-0.5962,0.0,0.0,67000,0.2564,0.0608
2026-07-03,0007J0,8270,0,551966971,6688252973,-0.3549,0.0,0.0,0.0,0.0,35250,0.2346,0.0555
2026-07-15,000810,676000,29824511964000,88789909606,107165529426,0.0075,0.4337,0.4337,0.5329,0.5254,730000,0.926,0.0375
2026-06-24,000815,408000,1226864160000,10067074850,8598999475,0.0382,0.0737,0.0837,0.281,0.2428,452000,0.9027,0.0198
2026-06-24,000850,37700,82940000000,1774266092,843259526,0.0756,0.0162,-0.0105,0.1511,0.0755,44300,0.851,0.0282
2026-06-24,000860,12340,160420000000,359134558,409458460,-0.1997,-0.1371,-0.0616,-0.0471,0.1526,18790,0.6567,0.0308
2026-07-15,000880,90700,6409169837100,19880905677,31580026445,-0.2761,-0.2596,0.0413,0.0011,0.2772,150900,0.6011,0.0431
2026-06-24,00088K,34250,664602104250,3395122052,3427934450,-0.3271,-0.2144,-0.0879,-0.1438,0.1833,56100,0.6105,0.0365
2026-06-24,000890,3950,109114898750,9080158664,3158590807,1.4595,0.8765,0.8458,0.5551,-0.9044,3950,1.0,0.0782
2026-07-03,0008Z0,24250,228836677000,1211110950,1211110950,0.0,0.0,0.0,0.0,0.0,24250,1.0,0.0
2026-06-24,000910,2860,44649230340,242718695,509868042,-0.2704,-0.3425,-0.3529,-0.4103,-0.1399,5930,0.4823,0.0203
2026-06-24,000950,24650,41412000000,36077692,57380703,-0.1196,-0.3134,-0.4096,-0.4075,-0.2879,44650,0.5521,0.0247
2026-06-24,000970,6370,145239185000,274164788,406233804,-0.0835,-0.0421,-0.1404,-0.1322,-0.0487,7470,0.8527,0.0136
2026-07-15,000990,120200,5237952395200,107116291462,125804837857,-0.2392,0.2456,0.6764,1.5989,1.8381,220500,0.5451,0.0747
2026-07-07,0009K0,25500,1649114605500,4614389700,4614389700,0.0,0.0,0.0,0.0,0.0,25500,1.0,0.0
2026-07-03,001000,1230,0,3183410900,1125669428,-0.0238,-0.3624,-0.4044,-0.3197,-0.2959,2570,0.4786,0.0641
2026-06-24,001020,2495,88813671690,148705521,177082035,-0.2596,-0.1752,-0.199,-0.3098,-0.0502,4245,0.5878,0.0492
2026-07-15,001040,134100,3912635431800,18199241595,28205052345,-0.2821,-0.3394,-0.2306,-0.1309,0.1512,232000,0.578,0.0473
2026-06-24,001045,69500,157085498500,337422772,373972689,-0.1545,-0.203,-0.2252,-0.1647,-0.0102,108000,0.6435,0.0237
2026-06-24,00104K,156500,661449128000,1265363345,1653024745,0.0038,-0.0864,-0.0139,0.2621,0.2583,194500,0.8046,0.0382
2026-06-23,001060,25000,582148250000,1691496572,2023562552,-0.07,-0.1185,0.0588,0.213,0.283,39050,0.7145,0.031
2026-06-24,001065,20400,6975800400,7665536,6700602,-0.2,-0.2316,-0.3108,-0.2941,-0.0941,30000,0.68,0.0153
2026-06-24,001067,42250,8871359250,5943602,4367762,-0.16,-0.229,-0.3028,-0.353,-0.193,65600,0.6441,0.0202
2026-06-24,001070,5260,27878000000,144039016,128403094,-0.1571,-0.2265,-0.2196,-0.307,-0.1499,8800,0.5977,0.0291
2026-07-06,001080,4685,0,312653440,305343173,-0.0178,-0.1634,0.1037,0.8194,0.8372,6170,0.7593,0.0477
2026-07-03,0010F0,2435,0,845547886,14557154364,-0.2107,0.0,0.0,0.0,0.0,11070,0.22,0.0502
2026-07-03,0010V0,7190,0,146196887,175686682,-0.1717,-0.4225,-0.4965,0.0,0.0,22700,0.3167,0.0267
2026-06-24,001120,34850,1350786000000,9630300490,10310192626,-0.2407,-0.2617,0.025,0.1976,0.4383,56700,0.6146,0.0341
2026-07-06,001130,11070,0,261557448,337969246,-0.0579,-0.2318,-0.2717,-0.2565,-0.1986,17090,0.6477,0.0252
2026-07-03,0011A0,10370,0,1695210346,6008887314,-0.373,-0.6065,0.0,0.0,0.0,46000,0.2254,0.0604
2026-07-06,0011T0,6420,301416374220,1093905180,1093905180,0.0,0.0,0.0,0.0,0.0,6420,1.0,0.0
2026-06-23,001200,4225,409260616050,4756749123,12399272922,-0.1675,0.0,0.4168,0.375,0.5425,6400,0.7648,0.0477
2026-06-24,001210,500,30940041500,314202021,945782585,-0.328,-0.375,-0.1803,-0.5656,-0.2376,1302,0.384,0.0334
2026-06-23,001230,1740,270583424100,2085582487,1532290057,-0.1788,-0.0329,0.2389,0.1041,0.2829,2560,0.8164,0.0441
2026-06-24,001250,2625,216651130500,5174581796,18025467731,-0.2798,0.0194,0.1006,-0.0314,0.2484,5420,0.4843,0.0616
2026-06-24,001260,7980,78463924560,409098882,576641420,-0.0579,-0.0911,-0.0489,-0.2611,-0.2032,11070,0.7209,0.0449
2026-06-24,001270,57600,597305433600,560162137,1042442830,-0.1179,-0.2195,-0.0352,0.338,0.4559,103300,0.5576,0.0357
2026-06-25,001275,30350,91050000000,94739645,179012080,-0.0516,-0.1992,-0.0082,0.1696,0.2212,38650,0.7853,0.0161
2026-06-25,001290,800,86669696000,392933993,2425739618,-0.2851,-0.3453,0.2579,0.1799,0.465,1558,0.5135,0.0473
2026-06-25,001340,6400,288179769600,9088787674,5060815995,0.044,0.0016,0.0922,0.149,0.105,7970,0.803,0.0581
2026-06-24,001360,1336,125800537544,1061029909,2602797401,-0.1908,-0.2528,-0.2339,-0.2909,-0.1001,2210,0.6045,0.0362
2026-06-25,001380,1191,26776146561,154738309,225243174,-0.3559,-0.5693,-0.6887,-0.6632,-0.3073,3867,0.308,0.0352
2026-06-24,001390,4195,282042560850,1345713448,3872391853,-0.1979,-0.1964,-0.2742,-0.0988,0.0991,7070,0.5934,0.035
2026-07-03,0013V0,5180,0,258007874,770165380,-0.0832,-0.3359,-0.6662,0.0,0.0,19210,0.2697,0.032
2026-06-25,001420,2550,19380000000,157544158,76879624,-0.1207,-0.0573,-0.2555,-0.375,-0.2543,4110,0.6204,0.0314
2026-07-15,001430,33450,1196001668650,6790990521,16345736485,-0.3242,-0.4732,-0.4233,0.0535,0.3777,90300,0.3704,0.0515
2026-07-15,001440,29400,5752382692600,100350235041,387877993833,-0.2776,-0.0813,0.1329,0.8364,1.114,72300,0.4066,0.0596
2026-07-15,001450,37300,3149922837500,15919770612,22743457990,-0.0958,0.2496,0.3417,0.3688,0.4646,41250,0.9042,0.0347
2026-07-06,001460,35500,0,135813191,182228714,-0.018,-0.2589,-0.1667,-0.0584,-0.0404,59900,0.5927,0.0302
2026-06-25,001465,22550,48569317500,32246000,55013942,-0.2521,-0.2197,-0.1393,0.2619,0.514,34200,0.6594,0.0224
2026-06-25,001470,347,79699592928,0,0,0.0,0.0,0.0,0.0,0.0,347,1.0,0.0
2026-06-26,001500,7880,487244386720,1948583970,3377435016,-0.2151,-0.2964,-0.0199,0.0341,0.2492,13800,0.571,0.0387
2026-07-15,001510,2325,538917548050,7542013315,64768509855,-0.2734,-0.3767,0.7981,0.6909,0.9643,5640,0.4122,0.0661
2026-06-25,001515,4700,9194407900,110693166,4134172274,-0.37,-0.6676,0.1164,0.0586,0.4286,15170,0.3098,0.0744
2026-06-24,001520,566,121262140224,831145903,639595827,-0.1602,-0.3055,-0.3213,-0.1306,0.0296,1077,0.5255,0.033
2026-06-25,001525,4480,2353030400,16066300,16133904,-0.0657,0.0346,-0.1467,0.0629,0.1286,8960,0.5,0.0306
2026-06-25,001527,6490,2670050900,10132138,17144627,-0.1637,-0.2991,-0.2583,-0.2453,-0.0816,13280,0.4887,0.0267
2026-07-06,001530,22800,0,1345844321,2931660688,-0.0298,0.0605,0.165,-0.3798,-0.35,41286,0.5522,0.0452
2026-07-03,001540,10110,0,949016851,2973757632,-0.0973,0.2846,0.1208,0.2622,0.3595,11500,0.8791,0.0476
2026-06-25,001550,10040,52130079560,389786795,3829537155,-0.1903,-0.3262,-0.1131,-0.3568,-0.1665,17450,0.5754,0.0337
2026-06-24,001560,9180,69768000000,40628410,69228009,-0.1173,-0.1983,-0.0642,-0.107,0.0103,12180,0.7537,0.0203
2026-06-25,001570,9900,633275240400,0,0,0.0,0.0,0.0,0.0,0.0,9900,1.0,0.0
2026-07-03,0015G0,16950,198358069950,1797083265,1797083265,0.0,0.0,0.0,0.0,0.0,16950,1.0,0.0
2026-07-03,0015N0,6070,0,1324384082,1653502648,0.005,-0.3942,-0.4186,0.0,0.0,20500,0.2961,0.0464
2026-07-03,0015S0,7590,0,430243412,1102012830,-0.2688,-0.5106,-0.6009,0.0,0.0,27100,0.2801,0.0439
2026-06-24,001620,2340,52085138040,180601874,224242746,-0.1583,-0.2353,-0.0468,-0.0526,0.1057,4435,0.5276,0.0358
2026-06-24,001630,38050,190625211050,474578110,334715030,-0.1737,-0.2065,-0.2313,-0.3006,-0.1269,55200,0.6893,0.0147
2026-06-24,001680,16600,575157215000,2160517314,2268543863,-0.17,-0.1883,-0.2243,-0.2589,-0.0889,24600,0.6748,0.0197
2026-06-25,001685,14240,19511975520,102799458,115675333,-0.1027,-0.1574,-0.1653,-0.1544,-0.0517,17910,0.7951,0.0099
2026-06-24,001720,162500,2671500000000,4950230120,4443971560,-0.1221,-0.1855,0.1246,0.3386,0.4607,255000,0.6373,0.0428
2026-07-15,001740,8230,1656905523140,46088968399,141017767351,-0.3142,0.5676,0.914,0.7661,1.0803,14290,0.5759,0.0873
2026-06-24,001750,18710,238150871140,753924727,860414251,-0.244,-0.2762,-0.0439,0.071,0.315,31000,0.6035,0.0343
2026-06-25,001755,18780,9859500000,80366329,86907780,-0.2256,-0.2749,0.0005,0.0925,0.3181,30800,0.6097,0.0337
2026-06-24,001770,8490,10314314220,154662989,75719110,-0.4561,-0.5109,-0.5265,-0.532,-0.0759,19730,0.4303,0.0619
2026-06-25,001780,1701,164708054532,1740674445,18384201114,-0.3155,-0.19,-0.1474,-0.2762,0.0393,3445,0.4938,0.0666
2026-06-25,001790,2310,199218823650,998312315,1110214521,-0.1413,-0.2156,-0.2183,-0.2143,-0.073,3350,0.6896,0.0267
2026-06-25,001795,2060,13354485600,371935747,196190092,-0.1004,-0.1417,-0.237,-0.1677,-0.0673,2855,0.7215,0.0488
2026-07-07,0017J0,4015,120998541345,2661666082,2661666082,0.0,0.0,0.0,0.0,0.0,4015,1.0,0.0
2026-07-16,001800,26050,1567080784600,2610069913,4504739019,-0.0133,0.0611,0.3338,0.1922,0.2055,28300,0.9205,0.0388
2026-07-03,001810,1157,0,31573044,583114716,-0.0366,-0.2691,-0.2292,-0.3281,-0.2915,2180,0.5307,0.0532
2026-07-15,001820,96500,1009354500000,138135866495,133531067170,-0.3475,0.5514,2.3919,2.6553,3.0028,190100,0.5076,0.1064
2026-07-03,001840,2215,0,0,0,0.0,0.0,0.0,0.0,0.0,2215,1.0,0.0
2026-07-06,001940,24950,0,195253020,191242317,0.1686,-0.0196,-0.0495,-0.0367,-0.2053,28500,0.8754,0.0233
2026-06-23,002020,47000,606660960000,4821453952,6556489613,-0.1484,-0.0143,0.1314,0.5263,0.6747,83600,0.6591,0.0569
2026-06-25,002025,22850,26515985450,64612095,132560773,-0.2629,-0.1004,-0.163,0.2787,0.5416,33150,0.6893,0.0277
2026-06-23,002030,182300,375328719600,803780962,724443370,-0.1219,-0.3293,-0.4707,-0.3362,-0.2143,396500,0.4905,0.0304
2026-06-25,002070,7800,18753883200,1364530856,584220071,-0.1034,19.4188,11.2835,7.3422,7.4456,11850,0.6582,4.1817
2026-06-24,002100,9080,177264981000,440826675,1014842943,-0.0361,-0.0299,-0.0412,-0.1089,-0.0728,10600,0.8566,0.0139
2026-06-24,002140,1751,43668933175,231561183,721377112,-0.2596,-0.3551,-0.3038,-0.4144,-0.1548,3115,0.5621,0.0209
2026-06-25,002150,4840,163204800000,419646384,1004706294,-0.1906,-0.2508,-0.2438,-0.2924,-0.1018,7380,0.6558,0.0292
2026-07-06,002170,53900,0,128036591,179423871,0.0446,-0.0972,-0.0409,-0.0055,-0.0501,62500,0.8624,0.0207
2026-06-25,002200,2230,74704868430,346344243,639138828,-0.1505,-0.2664,-0.3064,-0.264,-0.1135,3250,0.6862,0.0166
2026-06-25,002210,973,94010780311,0,0,0.0,0.0,0.0,-0.3,-0.3,1390,0.7,0.0
2026-06-25,002220,4665,124543650900,2067241795,1349163467,-0.0074,0.2523,-0.0547,0.8152,0.8226,5900,0.7907,0.0504
2026-07-03,002230,4920,0,593877246,2160337744,-0.1618,-0.5055,-0.3627,0.1233,0.2851,16290,0.302,0.0398
2026-06-25,002240,17740,478980000000,447312559,1305375335,-0.173,-0.1652,-0.1304,-0.0332,0.1398,27200,0.6522,0.0332
2026-07-03,002290,3375,0,88355705,196853735,-0.0412,-0.1456,-0.1604,-0.0702,-0.029,4290,0.7867,0.0195
2026-06-25,002310,7450,293898849500,1149718891,1775012464,-0.0745,-0.1524,-0.1194,-0.0629,0.0116,11240,0.6628,0.0244
2026-06-25,002320,15350,238210755600,464328420,540879783,-0.1328,-0.2251,-0.2673,-0.2363,-0.1035,22900,0.6703,0.0162
2026-06-24,002350,6420,627027770340,1388715364,1265535695,-0.0517,-0.0983,-0.2035,0.0158,0.0675,9730,0.6598,0.024
2026-06-25,002355,3895,25317500000,52014625,60644528,-0.05,-0.1306,0.0223,0.2605,0.3105,4680,0.8323,0.0137
2026-06-25,002360,1660,18448199180,160111120,565524158,-0.3664,-0.5941,-0.5797,-0.6814,-0.315,5500,0.3018,0.0389
2026-07-16,002380,418500,3583237632000,17471433950,20857967029,-0.2377,-0.2279,0.0462,0.3244,0.5621,680000,0.6154,0.0426
2026-06-25,002390,6850,94280201050,251443838,272543045,-0.218,-0.3501,-0.3949,-0.413,-0.195,12370,0.5538,0.0215
2026-06-25,002410,1935,53173451700,0,0,0.0,0.0,0.0,0.0,0.0,1935,1.0,0.0
2026-06-25,002420,5130,30625833240,342283659,475807545,-0.2034,-0.0936,-0.1562,-0.1478,0.0556,6930,0.7403,0.0464
2026-06-24,002450,1176,106464356040,544007813,412178907,-0.1204,-0.0423,-0.0592,-0.0982,0.0222,1410,0.834,0.0212
2026-06-24,002460,11630,118044500000,355764245,281725725,-0.0621,-0.0956,-0.1615,0.065,0.1271,15330,0.7586,0.0406
2026-06-25,002600,137600,82560000000,14289645,31049780,-0.0227,-0.0575,-0.1065,-0.1269,-0.1042,162300,0.8478,0.0068
2026-06-25,002620,6500,103826807500,105452820,123294537,-0.238,-0.2415,-0.2073,-0.2197,0.0183,9280,0.7004,0.02
2026-07-06,002630,890,0,450069201,343473699,-0.0787,-0.2608,-0.2393,-0.4479,-0.3692,1648,0.54,0.0434
2026-07-03,002680,374,0,496859106,333006272,-0.0603,-0.4898,-0.4695,-0.5307,-0.4704,865,0.4324,0.0547
2026-06-25,002690,1351,27425786360,110677393,501245155,-0.1244,-0.1389,-0.1686,-0.1577,-0.0333,1780,0.759,0.0301
2026-07-06,002700,1167,0,792851465,876689668,-0.0144,-0.1664,-0.1112,-0.204,-0.1896,1621,0.7199,0.0292
2026-06-23,002710,10970,287564256090,1868878573,5534253930,-0.1946,-0.0167,-0.1849,-0.2147,-0.0201,22600,0.5987,0.0502
2026-06-25,002720,3305,69933244760,271047971,624327576,-0.1665,-0.3262,-0.2402,-0.3064,-0.1399,5230,0.6319,0.0222
2026-06-25,002760,855,51214500000,147240685,472098271,-0.156,-0.2785,-0.1731,-0.2076,-0.0516,1323,0.6463,0.0239
2026-06-25,002780,733,106630789085,1676910759,6968579502,-0.3137,-0.2581,-0.0121,-0.0578,0.2559,1458,0.5027,0.0547
2026-06-25,002785,2450,2100184100,15529120,23902737,-0.2247,-0.2836,-0.3734,-0.3306,-0.1059,4550,0.5385,0.0705
2026-06-25,002787,7050,2078396400,5256871,7567032,-0.1188,-0.0832,-0.1516,-0.1042,0.0146,9080,0.7764,0.0203
2026-06-24,002790,21000,1605621780000,3916398875,3752519153,-0.1498,-0.2308,-0.2279,-0.2553,-0.1055,35050,0.5991,0.0306
2026-06-25,002795,10070,64258402040,152022934,166053303,-0.0804,-0.1712,-0.1615,-0.1437,-0.0633,13920,0.7234,0.0177
2026-06-25,00279K,18940,134326268000,165590133,180509750,-0.1024,-0.2042,-0.1211,-0.1129,-0.0105,27950,0.6776,0.0188
2026-07-03,002800,4375,0,1649069879,819043379,-0.0682,-0.2145,-0.2457,-0.2496,-0.1814,6630,0.6599,0.0262
2026-06-24,002810,19100,352718706800,498083167,496894165,-0.1157,-0.0354,0.1369,0.1871,0.3028,23600,0.8093,0.0187
2026-07-06,002820,2080,0,60551618,103194519,0.0221,-0.1205,-0.2031,-0.302,-0.3241,2995,0.6945,0.0402
2026-06-24,002840,110500,524875000000,690327250,684671730,-0.1299,-0.15,-0.2706,-0.4021,-0.2722,179500,0.6156,0.0254
2026-06-25,002870,775,27092992500,139940964,385555616,-0.2916,-0.3694,-0.319,-0.3387,-0.0471,1338,0.5792,0.0403
2026-06-25,002880,787,36811134065,884516217,541020791,-0.0162,-0.1538,-0.3048,-0.2067,-0.1905,1428,0.5511,0.0291
2026-06-24,002900,6010,248814000000,2221817979,3016968909,-0.2553,-0.1043,-0.081,0.1647,0.42,9140,0.6575,0.0321
2026-06-25,002920,1638,42502005000,64499965,117251236,-0.0905,-0.1651,-0.2655,-0.1891,-0.0986,2475,0.6618,0.0186
2026-07-06,002960,481000,0,937620087,1949259191,-0.0021,0.0148,0.0191,0.0491,0.0512,580000,0.8293,0.0364
2026-07-02,002990,11730,437059495020,51602859306,17928333104,2.1448,1.5362,1.7279,2.4449,0.3001,14540,0.8067,0.0958
2026-06-25,002995,15400,4500896400,128312487,137241613,0.068,0.1,-0.4815,0.3018,0.2338,50100,0.3074,0.0628
2026-06-23,003000,4035,398111947485,3236116005,18386355125,-0.1904,-0.2231,0.1625,0.1509,0.3413,9600,0.4807,0.063
2026-06-24,003010,4345,55236885715,883300190,5879303609,-0.2865,-0.1909,-0.2071,-0.1802,0.1063,8030,0.5411,0.0548
2026-07-06,003030,112300,0,3871911985,7063765586,-0.2119,-0.4895,-0.1348,-0.4535,-0.2416,253000,0.4439,0.0395
2026-06-25,003060,1980,28536500520,290313861,1121645166,-0.443,4.8754,2.339,2.0,2.443,5100,0.3882,1.6638
2026-06-25,003070,8890,226018995510,286552010,949805093,-0.111,-0.1715,-0.0368,-0.0593,0.0517,12450,0.7141,0.0376
2026-06-25,003075,13180,9762913660,14398657,48661234,-0.0917,-0.1475,-0.1513,-0.1535,-0.0618,16860,0.7817,0.029
2026-06-24,003080,2045,40940900000,207320460,109376251,-0.1532,-0.218,-0.2799,-0.2384,-0.0852,2950,0.6932,0.0154
2026-06-24,003090,16780,975622424400,1246934689,1541126320,-0.1894,-0.272,-0.295,-0.3715,-0.1821,29350,0.5717,0.027
2026-07-03,003100,19060,0,377367606,905079560,-0.0246,-0.0924,-0.0315,-0.0967,-0.0721,28650,0.6653,0.0338
2026-06-25,003120,18980,252434000000,196526433,129504287,-0.0534,-0.1872,-0.1546,-0.1353,-0.0819,28650,0.6625,0.0172
2026-07-15,003160,21700,615525000000,6752362030,10876154345,-0.2478,-0.2908,-0.2504,0.3822,0.63,38750,0.56,0.0592
2026-07-06,003200,10200,0,1712652539,789429997,-0.0202,-0.15,-0.1962,-0.0719,-0.0517,16000,0.6375,0.0305
2026-06-25,003220,7660,171795285780,3828855715,1501691038,-0.1728,-0.2541,-0.3793,-0.4405,-0.2677,13610,0.5628,0.0515
2026-07-15,003230,1078000,8120590170000,59585323275,72703309133,-0.0569,-0.1643,-0.0857,-0.1895,-0.1326,1630000,0.6613,0.0346
2026-07-15,003240,858000,955297200000,2376617025,2398967058,-0.0833,-0.2597,0.2102,-0.1662,-0.0829,1570000,0.5465,0.0297
2026-06-23,003280,1664,400067031936,37852942972,173308810868,-0.3208,-0.3868,0.1396,0.1509,0.4717,4470,0.4163,0.0716
2026-06-25,003300,15480,477270753120,375916882,453295934,-0.0708,-0.226,-0.1279,-0.1362,-0.0654,20000,0.774,0.02
2026-07-03,003310,1640,0,721545363,3609719453,-0.2115,-0.5507,-0.4143,-0.0994,0.1121,5430,0.302,0.0399
2026-06-24,003350,7470,169270200000,784346260,1630761241,-0.2243,-0.1404,-0.2424,-0.3083,-0.084,13980,0.5343,0.0344
2026-07-15,003380,9830,1102135310640,6611454871,10509305539,-0.1152,-0.2648,-0.0363,0.0092,0.1244,19610,0.5013,0.0336
2026-06-25,003460,3060,173509389900,280145390,493308248,-0.0423,-0.1752,0.0515,0.1127,0.155,4170,0.7338,0.029
2026-06-25,003465,3100,54176917500,51131819,25716628,-0.0578,-0.1365,0.1131,0.1923,0.2501,3745,0.8278,0.0238
2026-06-24,003470,4415,850682650330,4749725887,16217839666,-0.2295,-0.1081,0.1664,0.2419,0.4714,7830,0.5639,0.0561
2026-06-25,003475,3985,51053309450,216338091,458116250,-0.1015,-0.1421,0.0598,0.1039,0.2054,5250,0.759,0.0298
2026-06-24,003480,4600,135837135200,257748695,538003213,-0.1741,-0.0726,-0.0927,-0.1402,0.0339,6540,0.7034,0.0292
2026-07-15,003490,26900,9941957847000,90849962751,70505561248,-0.0819,0.1232,0.2425,0.1208,0.2027,30000,0.8967,0.036
2026-06-25,003495,22300,24770706200,119013605,140093733,-0.049,-0.0708,-0.0804,-0.0176,0.0314,25600,0.8711,0.0153
2026-06-25,003520,1144,209229284264,457021988,589732187,-0.2033,-0.3425,-0.4172,-0.474,-0.2707,2360,0.4847,0.0229
2026-07-15,003530,4680,1003010848125,6347360665,24443394567,-0.2108,-0.3247,-0.0053,-0.2811,-0.0703,9560,0.4895,0.0478
2026-06-25,003535,6060,29088000000,163405314,480993731,-0.2416,-0.2953,-0.2016,-0.3114,-0.0698,14100,0.4298,0.0318
2026-06-24,003540,27150,1336316565450,4111157762,4864792617,-0.1932,-0.2874,-0.0109,0.1127,0.3059,49000,0.5541,0.0324
2026-06-25,003545,19480,490733673160,1827999710,2062465597,-0.0833,-0.2593,-0.0724,0.0188,0.1021,29800,0.6537,0.0195
2026-06-25,003547,19240,188616126920,532637375,684952971,-0.0569,-0.2319,-0.0404,0.0907,0.1476,28900,0.6657,0.0185
2026-07-15,003550,101700,15391346007200,46231490660,96927120636,-0.1087,0.1176,0.2494,0.218,0.3267,165800,0.6134,0.0634
2026-06-25,003555,65200,196330174800,3955752010,2339863637,-0.1398,-0.0578,-0.0564,0.0689,0.2087,91200,0.7149,0.037
2026-06-24,003570,37050,1232012423850,3106475188,5777467172,-0.2233,-0.2289,-0.2142,-0.2692,-0.0459,74600,0.4966,0.0401
2026-06-25,003580,1486,75285968430,361901957,342497610,-0.1804,-0.2698,-0.3023,-0.5096,-0.3292,3055,0.4864,0.0265
2026-07-06,003610,5120,0,497871549,708507029,0.0,0.0099,-0.1188,0.219,0.219,6190,0.8271,0.0225
2026-06-24,003620,2825,571709126400,3038999722,4673194467,-0.2477,-0.1929,-0.2556,-0.1905,0.0572,4440,0.6363,0.0326
2026-06-24,003650,130000,226157360000,421556810,383849351,0.0,0.1576,0.1434,0.1404,0.1404,149200,0.8713,0.0175
2026-07-15,003670,151100,13493141574000,54687969145,82775856341,-0.277,-0.2956,-0.1535,0.1596,0.4366,296000,0.5105,0.0501
2026-07-06,003680,4230,0,42302836,95083003,-0.0834,-0.1657,-0.2553,-0.164,-0.0806,7040,0.6009,0.0183
2026-07-16,003690,13660,2414009283460,5519426211,6923963281,-0.0194,0.1412,0.2153,0.3288,0.3482,14540,0.9395,0.0291
2026-06-24,003720,7100,241400000000,9629852696,15158201406,-0.3364,0.0503,0.0613,0.7728,1.1092,13480,0.5267,0.0632
2026-06-24,003780,4840,62920000000,2908583933,1380816689,-0.12,-0.102,-0.3164,-0.1797,-0.0597,7940,0.6096,0.0253
2026-07-03,0037T0,1995,0,17533140,16280374,-0.005,-0.0109,-0.005,0.0,0.0,2050,0.9732,0.0028
2026-07-03,003800,32150,0,148253711,213706923,0.0063,-0.0572,0.0371,0.1523,0.146,39450,0.815,0.013
2026-06-25,003830,107600,142892800000,20388587,78789437,-0.0827,-0.1364,-0.1223,-0.2695,-0.1868,150000,0.7173,0.0144
2026-06-23,003850,8280,710318073960,1373436232,1567347972,-0.0175,0.0203,0.0565,0.1017,0.1192,10680,0.8923,0.0266
2026-07-06,003920,42600,0,728764876,617887247,-0.0689,-0.168,-0.1744,-0.3486,-0.2797,67200,0.6339,0.0242
2026-06-25,003925,32450,64900000000,159666965,233555270,-0.111,-0.2152,-0.0284,-0.2691,-0.1581,46150,0.7031,0.0186
2026-06-25,003960,25850,236901471950,236604747,242363715,-0.1222,-0.219,-0.317,-0.3771,-0.2549,45700,0.5656,0.0216
2026-07-07,0039P0,8290,155410972000,52609308005,52609308005,0.0,0.0,0.0,0.0,0.0,8290,1.0,0.0
2026-06-24,004000,44700,1153260000000,3512049951,5280678307,-0.1722,-0.1387,-0.0619,0.1462,0.3184,71200,0.6278,0.0343
2026-07-15,004020,26850,3583019327250,17322872988,42244985887,-0.251,-0.3026,-0.0757,-0.2447,0.0063,46500,0.5774,0.0413
2026-06-25,004060,2375,48075928000,505629632,1030324905,-0.2424,-0.5536,-0.3291,-0.2932,-0.0508,7680,0.3092,0.0369
2026-06-25,004080,13870,130378000000,139771196,102933354,0.0087,0.0109,0.0014,-0.0474,-0.0561,14600,0.95,0.0051
2026-06-25,004090,10850,137731202000,5255006909,9853568898,-0.1885,-0.3725,-0.2132,-0.3677,-0.1792,28150,0.3854,0.027
2026-06-25,004100,2530,92851000000,3721819216,3158225948,-0.1524,-0.1994,0.01,-0.0577,0.0947,3640,0.6951,0.0483
2026-06-25,004105,3215,10609500000,408336122,399256755,-0.1983,-0.1528,-0.118,-0.1392,0.0591,4550,0.7066,0.0394
2026-06-24,004140,1825,87548472950,774054549,3384194788,-0.2134,-0.347,-0.34,-0.3339,-0.1205,3795,0.4809,0.0282
2026-06-25,004150,3070,125951723400,1391167504,2371212180,-0.2429,-0.1063,-0.0269,-0.0269,0.216,4150,0.7398,0.0391
2026-07-15,004170,604000,5719057095500,60668146583,56876493779,-0.2125,0.7609,1.3594,2.154,2.3665,776000,0.7784,0.0561
2026-07-03,0041B0,2035,0,27045709,31339234,0.0124,-0.0169,-0.0121,0.0,0.0,2110,0.9645,0.0058
2026-07-03,0041J0,1996,0,13818438,18652938,-0.0045,-0.0094,-0.0045,0.0,0.0,2600,0.7677,0.0034
2026-07-03,0041L0,2007,0,27079224,27905552,0.0045,-0.0015,0.001,0.0,0.0,2035,0.9862,0.0034
2026-06-25,004250,3000,110160000000,142300775,224167472,-0.1031,-0.2228,-0.2462,-0.3435,-0.2404,4590,0.6536,0.0204
2026-06-25,004255,2125,11220000000,21502771,23403812,-0.0721,-0.1237,-0.1617,-0.1889,-0.1168,2770,0.7671,0.0129
2026-06-25,004270,6670,24153510720,55397394,43537226,-0.0606,-0.136,-0.2522,-0.3886,-0.328,12000,0.5558,0.0143
2026-06-25,004310,6700,214400000000,56551010638,21186747012,-0.0822,-0.2702,-0.0469,0.9225,1.0047,14340,0.4672,0.0563
2026-07-06,004360,12720,0,545103030,790531484,-0.0515,-0.1697,-0.1675,-0.1258,-0.0743,16690,0.7621,0.0194
2026-06-25,004365,9490,35010982500,37609647,48533306,0.0074,0.0193,-0.0115,0.0349,0.0275,11200,0.8473,0.0157
2026-07-15,004370,346000,2104594132000,9077444112,10040310978,-0.0699,-0.0736,-0.1467,-0.1446,-0.0747,522000,0.6628,0.0215
2026-06-25,004380,7990,165393000000,1381886169,4169109187,-0.4024,-0.3854,-0.3854,-0.3854,0.017,14100,0.5667,0.044
2026-06-25,004410,905,35706786765,1541652312,1322004193,-0.2527,-0.5406,-0.4085,-0.4379,-0.1852,2680,0.3377,0.0304
2026-06-25,004415,7080,1574946000,23915554,12114897,-0.2444,-0.4095,-0.4211,-0.4225,-0.1781,14280,0.4958,0.0539
2026-07-06,004430,11910,0,1416392335,5743224701,0.1815,0.3002,0.3102,-0.0293,-0.2108,15850,0.7514,0.0539
2026-06-25,004440,4835,61558963745,292412975,825840118,-0.1777,-0.3003,0.0073,-0.0464,0.1313,10430,0.4636,0.034
2026-06-25,004450,26000,56013854000,26497667,26042082,-0.0388,-0.0664,-0.1693,-0.2778,-0.239,38850,0.6692,0.012
2026-06-24,004490,50500,699930000000,5007375440,3776733895,-0.1513,-0.1455,-0.2429,-0.2827,-0.1314,74400,0.6788,0.0308
2026-07-03,0044K0,1999,0,28133550,44159472,-0.0128,-0.0273,-0.0005,0.0,0.0,2100,0.9519,0.0034
2026-06-25,004540,1368,50945268024,253111261,332589038,-0.2425,-0.2879,-0.2934,-0.3667,-0.1242,2230,0.6135,0.0205
2026-06-25,004545,7100,2599736000,17633552,19139133,-0.29,-0.308,-0.3649,-0.4024,-0.1124,12570,0.5648,0.0463
2026-06-25,004560,11430,172350809730,1439892365,2791274422,-0.3073,-0.3018,0.0344,-0.0812,0.2261,22250,0.5137,0.0419
2026-07-03,004590,5380,0,529069400,1063513793,-0.0165,0.0924,0.0924,0.0447,0.0612,7980,0.6742,0.0484
2026-07-03,004650,9380,0,518366043,6480574390,0.0251,-0.0229,-0.0902,-0.034,-0.0591,12010,0.781,0.0316
2026-06-23,004690,113400,411276511800,1773312950,2217691515,-0.093,-0.1157,-0.0198,-0.1074,-0.0144,172000,0.7198,0.02
2026-06-25,004700,59500,395623711000,171157880,160742368,-0.0689,-0.1276,-0.1402,-0.0403,0.0286,84500,0.7041,0.0212
2026-06-23,004710,12870,522901883790,20222962472,20299996862,0.2247,2.3648,1.695,1.9438,1.7191,15340,1.0,0.0889
2026-06-25,004720,2925,66264017625,192634460,306250941,-0.192,-0.2262,-0.2892,-0.326,-0.134,4925,0.5939,0.0244
2026-06-25,004770,1561,55427110718,365635234,666689046,-0.0505,-0.0268,0.0,-0.0763,-0.0258,1875,0.8325,0.0231
2026-07-03,004780,3900,0,133135519,198720340,0.0143,0.0223,0.0372,0.0317,0.0174,4080,0.9559,0.0163
2026-07-16,004800,143100,2395552241700,5208987600,12795793119,-0.2787,-0.0623,0.1876,1.0679,1.3466,276000,0.5185,0.0555
2026-06-25,004830,3225,50568000000,376445726,745178990,-0.2017,-0.2785,-0.3505,-0.4823,-0.2806,6210,0.5193,0.0282
2026-06-25,004835,4580,6375360000,24477136,86014132,-0.2601,-0.2367,-0.3769,-0.4631,-0.203,8470,0.5407,0.0258
2026-06-25,004840,3935,75836752340,174201196,183638866,-0.2026,-0.2767,-0.1811,-0.2114,-0.0088,6250,0.6296,0.026
2026-06-25,004870,304,34401702176,3956997767,2545147413,-0.1556,-0.1314,-0.4401,-0.5463,-0.3907,770,0.3948,0.0976
2026-06-25,004890,34100,82699831500,59047062,73462602,-0.0895,-0.1234,-0.1454,-0.2706,-0.1811,46750,0.7294,0.0168
2026-06-25,004910,3300,42240000000,97872175,172590348,-0.1771,-0.3293,-0.3413,-0.4075,-0.2304,6210,0.5314,0.023
2026-06-24,004920,943,49205619296,292085067,313357525,-0.1129,-0.1053,-0.1618,-0.378,-0.2651,1446,0.6521,0.0366
2026-06-24,004960,9690,112120102380,835102424,1991530568,-0.2465,-0.431,-0.161,0.09,0.3365,17730,0.5465,0.0446
2026-06-25,004970,8840,141440000000,101749778,149729106,-0.037,-0.0961,-0.0646,-0.1025,-0.0655,10780,0.82,0.0107
2026-06-25,004980,7920,194167298160,706856236,4318221810,-0.1511,-0.2016,-0.2205,-0.1287,0.0224,13230,0.5986,0.051
2026-06-25,004985,9500,6988627500,31047579,361115724,-0.1348,-0.1324,-0.2057,-0.2129,-0.0781,13740,0.6914,0.0432
2026-07-15,004990,23000,2297250036800,4731158562,7867301458,-0.1434,-0.1873,-0.0873,-0.2083,-0.0649,38600,0.5959,0.0297
2026-06-25,00499K,23050,18569149150,48537231,40351637,-0.1463,-0.2291,-0.2052,-0.3433,-0.197,37150,0.6205,0.0192
2026-06-25,005010,4045,227280763375,3856813091,17503528873,-0.2904,-0.2411,0.0087,-0.2037,0.0867,7120,0.5681,0.0434
2026-06-24,005030,486,45092532168,0,0,0.0,0.0,0.0,0.0,0.0,486,1.0,0.0
2026-07-15,005070,38950,1302011183200,5303003128,12704875006,-0.1633,-0.2774,-0.0726,0.0091,0.1724,65500,0.5947,0.0517
2026-06-24,005090,43550,627526452150,5521728163,7960010803,-0.1593,-0.24,0.8146,0.6946,0.8539,68600,0.6348,0.0583
2026-06-24,005110,1254,26467434378,0,0,0.0,0.0,0.0,0.0,0.0,1254,1.0,0.0
2026-07-03,005160,2345,0,434768804,600547598,-0.0928,-0.2751,-0.1699,-0.3755,-0.2827,4100,0.572,0.0321
2026-06-23,005180,61900,573753018900,2705056757,2902585501,-0.1135,-0.117,-0.0791,-0.235,-0.1215,93600,0.734,0.0189
2026-06-23,005250,10040,472163228400,8473946779,5469814761,-0.218,-0.1573,-0.2692,-0.2138,0.0042,17200,0.682,0.0437
2026-06-25,005257,18400,15566216000,26633700,78211301,-0.2203,-0.2333,-0.3134,-0.6455,-0.4252,51200,0.3594,0.0453
2026-07-15,005290,46350,2362465340100,34246336221,51301550631,-0.2313,-0.1121,0.1333,0.4045,0.6358,66000,0.7023,0.0569
2026-06-24,005300,97800,907474855200,3141888005,2744695596,-0.1398,-0.1598,-0.2835,-0.1877,-0.0479,148200,0.6599,0.0193
2026-06-25,005305,68300,52953673000,116917445,115674728,-0.1037,-0.1547,-0.0733,-0.0353,0.0684,93000,0.7344,0.0234
2026-06-25,005320,966,33025458270,252598516,189485437,-0.1413,-0.034,0.0233,-0.0223,0.119,1348,0.7166,0.0262
2026-06-25,005360,1158,21883081506,90000418,85858091,-0.2259,-0.3176,-0.4207,-0.4601,-0.2342,2725,0.425,0.0214
2026-07-15,005380,438000,89683901508000,543014942677,989895766888,-0.3156,-0.0846,0.2863,1.042,1.3576,750000,0.584,0.0445
2026-06-25,005385,219000,5111670240000,42304402067,36634146013,-0.2108,-0.124,0.0868,0.4389,0.6497,321500,0.6812,0.039
2026-06-25,005387,219500,7674582635000,60070348550,60868501701,-0.196,-0.1255,0.0681,0.4318,0.6278,323500,0.6785,0.0371
2026-06-25,005389,211000,491092372000,5361961912,5152287462,-0.1992,-0.1227,0.0592,0.3773,0.5765,306500,0.6884,0.0326
2026-06-23,005420,10660,409431710480,2588356205,4348939761,-0.1274,-0.0704,-0.2413,-0.0821,0.0453,21000,0.6229,0.0417
2026-06-24,005430,79800,252675129000,1714533932,1323635110,0.0528,0.4327,0.3125,0.4327,0.3799,89700,0.8896,0.0444
2026-07-27,005440,12390,2272291295610,3971135817,4297534514,-0.1651,-0.174,0.4946,0.1868,0.3519,18750,0.6608,0.0419
2026-07-15,005490,316000,25079943295500,119772209175,214136166231,-0.1897,-0.1222,0.0516,0.0128,0.2025,535000,0.5907,0.0409
2026-07-03,0054V0,2025,0,32037974,28226990,-0.0025,-0.0074,0.013,0.0,0.0,3840,0.5273,0.0046
2026-06-24,005500,18400,245088000000,3844087478,4872523908,-0.1786,0.011,-0.1002,-0.0702,0.1084,24700,0.7449,0.0608
2026-06-25,005610,36050,311075774450,288002162,280428413,-0.1816,-0.289,-0.3397,-0.3539,-0.1723,58300,0.6184,0.0152
2026-07-03,005670,6080,0,154776165,359480380,0.0253,0.027,-0.0241,0.1136,0.0883,9800,0.6204,0.0319
2026-06-25,005680,14460,289200000000,1770821241,1937597819,-0.1341,-0.1215,0.3489,0.2541,0.3882,16700,0.8659,0.0437
2026-07-15,005690,11690,697846682820,8028247266,14954674672,-0.2004,-0.3058,-0.1697,0.0095,0.2099,20250,0.5773,0.0501
2026-07-03,005710,10690,0,141453074,299506512,0.0574,-0.1629,-0.2663,0.0379,-0.0195,18130,0.5896,0.0235
2026-07-06,005720,6000,0,189390469,272004647,-0.0017,-0.084,-0.018,-0.0385,-0.0368,8050,0.7453,0.0263
2026-06-25,005725,4205,15140523000,9429029,11379264,-0.0508,-0.0551,-0.0957,0.0513,0.1021,5400,0.7787,0.0191
2026-06-24,005740,5450,80918041150,714243060,387082401,-0.1985,-0.2044,-0.2324,-0.3213,-0.1228,9780,0.5573,0.0261
2026-06-25,005745,5960,3580326960,11821761,8830391,-0.1424,-0.2032,-0.2819,-0.3759,-0.2335,10200,0.5843,0.0238
2026-06-24,005750,4120,68360028800,156741368,328217797,-0.2077,-0.3156,-0.189,0.0012,0.2089,6190,0.6656,0.0307
2026-06-25,005800,11970,107730000000,85525438,102057837,-0.1618,-0.2438,-0.3766,-0.0492,0.1126,19200,0.6234,0.0195
2026-06-25,005810,34800,501721761600,1591564866,10555068913,-0.1724,-0.0453,-0.0645,-0.1944,-0.022,54800,0.635,0.0538
2026-06-25,005820,13010,29896589700,24115647,63281499,-0.1344,-0.1617,-0.1186,-0.1633,-0.0289,17530,0.7422,0.0251
2026-07-27,005830,163400,10702757026600,35249038186,38040735289,0.2015,-0.0506,0.3177,0.1238,-0.0777,205500,0.7951,0.0282
2026-07-16,005850,54400,2526799488000,7833511090,15113580612,-0.2558,-0.0637,0.1813,0.6921,0.9479,76200,0.7139,0.0494
2026-07-03,005860,2320,0,1392987369,4766822097,-0.1311,-0.399,-0.2455,-0.4005,-0.2694,4570,0.5077,0.0283
2026-06-25,005870,4420,62392786300,770618415,3115880448,-0.3566,-0.486,-0.4184,-0.6036,-0.247,10480,0.4218,0.0377
2026-07-15,005880,1894,611283461960,6014909597,18430724126,-0.1087,-0.3378,0.098,0.1076,0.2163,3090,0.6129,0.0304
2026-07-15,005930,280500,1645727428152000,10243901262137,9151536996485,-0.1822,0.3955,1.0209,3.3966,3.5788,362500,0.7738,0.0558
2026-06-25,005935,235000,188557232705000,1272838338318,916679593119,0.2553,0.7524,1.9449,3.9474,3.6921,235000,1.0,0.0489
2026-07-15,005940,31350,11537690781250,24117914626,32234099869,-0.0457,-0.0739,0.5072,0.5368,0.5825,39200,0.7997,0.0375
2026-06-25,005945,23450,442524199600,1546241460,1944739681,-0.0768,-0.1184,0.2119,0.4758,0.5526,29200,0.8031,0.0238
2026-06-23,005950,11650,306327068850,36350283777,18887715162,0.3896,0.7788,0.3718,1.543,1.1534,16700,0.8329,0.0661
2026-06-24,005960,5800,133090645400,491679460,1330524093,-0.2458,-0.3626,-0.0102,0.0841,0.3299,10270,0.5648,0.0355
2026-06-25,005965,16430,3708776760,15972160,67865939,-0.1138,-0.142,-0.3681,-0.1777,-0.0639,43900,0.3743,0.0489
2026-07-03,005990,10100,0,41586137,70323693,-0.1255,-0.0909,-0.0884,-0.0734,0.0521,12790,0.7897,0.0252
2026-07-27,006040,35150,1551549787850,1809469333,2508563417,0.1339,-0.0964,-0.1395,-0.292,-0.4259,50000,0.703,0.0274
2026-07-06,006050,505,0,321836715,455063794,-0.3006,-0.6262,-0.62,-0.6237,-0.3231,1610,0.3137,0.0446
2026-06-25,006060,2435,134704200000,296423677,480953510,-0.1856,-0.2473,-0.3601,-0.4769,-0.2913,5270,0.462,0.0258
2026-06-25,006090,7630,71895498570,77735797,68174694,-0.0718,-0.0884,-0.1977,-0.1866,-0.1148,10850,0.7032,0.0105
2026-07-15,006110,34700,520246852000,6104918358,22852885998,-0.3621,-0.4188,0.5153,0.8292,1.1913,96400,0.36,0.0786
2026-07-15,006120,56700,987359681700,3283368108,2247523457,0.1975,-0.0566,-0.0928,-0.0674,-0.2649,68200,0.8314,0.0428
2026-06-25,006125,38150,46989545750,76429151,134489920,-0.0851,-0.0474,-0.0403,-0.058,0.0271,45350,0.8412,0.0161
2026-07-03,006140,4540,0,265907016,770661757,-0.1482,-0.3121,-0.2266,-0.2713,-0.1231,9970,0.4554,0.0409
2026-06-25,006200,2150,20125348050,202150500,609726316,-0.3153,-0.5254,-0.3485,-0.448,-0.1327,5240,0.4103,0.055
2026-06-23,006220,10490,396506862930,32032835552,11954401944,0.0756,-0.095,-0.0163,0.2449,0.1693,19190,0.6305,0.0357
2026-07-15,006260,301500,9422400000000,67621626075,104690769632,-0.2889,0.0273,0.5,0.6288,0.9177,553000,0.5452,0.0567
2026-07-15,006280,123200,1442118789200,5647450482,7957702485,-0.0523,-0.1342,-0.2217,-0.0867,-0.0344,180300,0.6833,0.0299
2026-07-15,006340,13020,1018603263840,179184852231,229500934982,0.1677,1.4067,2.6117,3.2068,3.0391,18040,0.7217,0.0982
2026-06-25,006345,12090,31690308000,11428691541,17764155240,-0.2628,2.1858,2.2853,1.9926,2.2554,23550,0.5134,0.1252
2026-07-15,006360,29050,2477584135500,61268671232,70639415700,-0.0879,-0.1997,0.5745,0.3638,0.4517,43100,0.674,0.0595
2026-06-25,006370,3630,39282447930,274852727,417589391,-0.3265,-0.1915,-0.4247,-0.5211,-0.1946,7150,0.5077,0.0531
2026-06-25,006380,3660,618539985360,0,0,0.0,0.0,0.0,0.0,0.0,3660,1.0,0.0
2026-07-15,006400,459500,37311100390000,266113043275,450064633366,-0.163,-0.0377,0.6956,1.4798,1.6428,712000,0.6454,0.0564
2026-06-25,006405,215000,347847640000,3370724250,5917132670,-0.3031,0.007,0.1697,1.1287,1.4318,359000,0.5989,0.0437
2026-06-25,006490,310,45844695960,195506859,1242288572,-0.2132,0.3596,-0.5461,-0.8268,-0.6136,1776,0.1745,0.0819
2026-06-25,006570,1999,30434775000,41601906,60665553,0.0251,-0.0055,-0.1056,-0.2651,-0.2902,2955,0.6765,0.0175
2026-07-03,006620,3780,0,402795657,1112721953,-0.0903,-0.2841,-0.3013,-0.2868,-0.1965,6090,0.6207,0.0286
2026-07-06,006650,110800,0,4130085830,8139573027,-0.1206,-0.1774,-0.2508,0.3713,0.4919,190700,0.581,0.0516
2026-06-25,006660,9370,76143562180,27904665063,11671676253,-0.2152,-0.1957,-0.3429,-0.3669,-0.1517,17780,0.527,0.0599
2026-07-15,006730,10120,652410768450,5980386833,8177016916,-0.1138,-0.2239,-0.1712,0.0619,0.1757,18580,0.5447,0.0443
2026-06-25,006740,5550,26351205750,59298301,122400358,-0.1862,-0.144,-0.438,-0.567,-0.3808,12748,0.4354,0.024
2026-07-15,006800,41750,23250003864000,121715404270,214997408770,-0.1862,-0.3606,0.5165,0.9458,1.132,83800,0.4982,0.0497
2026-06-25,006805,15780,222115335000,2339126584,3183128736,-0.1743,-0.2432,0.4596,0.9503,1.1246,27398,0.576,0.0474
2026-06-25,00680K,13790,1882335000000,12915364342,11984196593,-0.2097,-0.2964,0.4126,0.7817,0.9914,23800,0.5794,0.0497
2026-06-25,006840,5930,78558036730,144474496,132999404,-0.2397,-0.2407,-0.3374,-0.4821,-0.2424,13090,0.453,0.0305
2026-06-25,006880,4400,52046975200,220478697,543429645,-0.2763,-0.3803,-0.3846,-0.4634,-0.1871,8430,0.5219,0.0236
2026-06-25,006890,5240,60784000000,364987066,3390347850,-0.3239,-0.4119,-0.3879,-0.5399,-0.216,11910,0.44,0.0348
2026-07-03,0068Y0,1990,0,10409309,14096665,-0.01,-0.01,-0.0025,0.0,0.0,2150,0.9256,0.0028
2026-07-07,006910,6890,338504487360,3337126625,3337126625,0.0,0.0,0.0,0.0,0.0,6890,1.0,0.0
2026-07-03,006920,3560,0,9709898853,6518088997,0.0988,-0.2652,0.0788,0.2047,0.1059,6820,0.522,0.0947
2026-06-24,006980,16430,50768700000,78276402,151391945,-0.1826,-0.2429,-0.0295,-0.1076,0.075,24300,0.6761,0.0254
2026-06-24,007070,22900,1914609803500,4799482497,5425951309,-0.1627,0.1365,0.0269,0.3337,0.4964,29450,0.7776,0.0336
2026-06-25,007110,1008,78076262880,799104869,900559997,-0.1968,-0.3226,-0.3957,-0.6246,-0.4278,2705,0.3726,0.0361
2026-06-25,007120,1180,34076757440,108585120,310840138,-0.1725,-0.4216,0.1456,0.1153,0.2878,2405,0.4906,0.0314
2026-06-25,007160,41050,205250000000,214886617,264827811,-0.1519,-0.2298,-0.2983,-0.3484,-0.1965,72200,0.5686,0.0222
2026-07-03,0071M0,2005,0,14841675,25787138,-0.0025,-0.0074,0.0,0.0,0.0,2220,0.9032,0.0034
2026-06-24,007210,1432,93595520000,386092651,1038056098,-0.2132,-0.2264,-0.1982,-0.3919,-0.1787,2375,0.6029,0.0322
2026-06-25,007280,2025,58009243500,91830218,108225523,-0.2059,-0.2957,-0.318,-0.3707,-0.1648,3530,0.5737,0.0293
2026-07-03,0072Z0,1991,0,20081395,34749317,-0.0035,-0.007,0.0,0.0,0.0,2015,0.9881,0.0017
2026-06-24,007310,301500,1208360745000,2201998662,2045856395,-0.1386,-0.1625,-0.2259,-0.2415,-0.1029,433000,0.6963,0.0183
2026-07-03,007330,10250,0,410216885,462890303,-0.033,-0.0639,-0.0281,0.1328,0.1658,12957,0.7911,0.0181
2026-07-15,007340,44100,2580329146500,7192775701,10713846347,-0.0123,0.2475,0.8726,0.8568,0.8691,51200,0.8613,0.0491
2026-07-03,007370,3780,0,135759358,165446832,-0.0892,-0.1646,-0.2674,-0.401,-0.3118,6740,0.5608,0.0258
2026-07-15,007390,26400,1684976714400,11972714926,18902373232,-0.1358,0.3005,0.2754,-0.0435,0.0923,37800,0.6984,0.0864
2026-06-25,007460,2385,56273915205,724024172,3369669409,-0.4628,6.1407,2.0577,2.4666,2.9294,6760,0.3528,1.8697
2026-07-03,007530,1949,0,33900526,41957607,-0.0493,-0.1357,-0.2402,-0.1563,-0.107,3005,0.6486,0.022
2026-06-25,007540,40600,116757480000,263509096,297436501,-0.1222,-0.2591,-0.1928,-0.1222,0.0,65000,0.6246,0.0182
2026-06-25,007570,7650,146005329600,470264280,936689077,-0.2073,-0.476,-0.476,-0.4645,-0.2572,16927,0.4519,0.0244
2026-06-25,007575,7070,3146715600,4478844,12597990,-0.2065,-0.5367,-0.5367,-0.5704,-0.3639,18281,0.3867,0.0272
2026-06-25,007590,5700,77620188900,46784808,50767456,-0.05,-0.0256,-0.0732,-0.0952,-0.0452,6340,0.8991,0.0059
2026-06-24,007610,3855,69390000000,5321604890,28768297254,-0.6086,0.285,0.285,0.285,0.8936,14600,0.264,0.1821
2026-07-15,007660,103100,7619876932200,130653665617,183752256323,-0.1618,-0.1387,-0.0471,0.9638,1.1256,161400,0.6388,0.0653
2026-07-03,007680,3930,0,529597496,231921805,0.107,-0.0473,-0.1088,-0.1665,-0.2735,4900,0.802,0.0344
2026-06-25,007690,33150,306996580800,621185516,778405627,-0.0636,-0.0843,0.0327,-0.0405,0.0231,44350,0.7475,0.0362
2026-06-24,007700,14590,570678614530,341823831,322196135,-0.2058,-0.2231,-0.323,-0.184,0.0218,23500,0.6209,0.0264
2026-07-03,007720,299,0,49953354,216875565,-0.0164,-0.2707,-0.54,-0.6869,-0.6705,971,0.3079,0.028
2026-07-03,007770,6540,0,14965243,33973745,-0.1102,-0.1615,-0.1845,-0.3166,-0.2064,9860,0.6633,0.0146
2026-07-15,007810,77400,1877839146000,34000030120,37869731838,-0.4132,-0.0227,0.6261,5.7304,6.1436,141900,0.5455,0.0701
2026-06-25,007815,24200,71745498000,62749880,80818172,0.1,0.4543,1.3749,3.1156,3.0156,30500,0.7934,0.0556
2026-06-25,00781K,22800,17868337200,58310661,55101962,0.1753,0.7471,1.481,3.2222,3.0469,27550,0.8276,0.0375
2026-07-03,007820,2980,0,435886558,1752240892,-0.2417,-0.4145,-0.2871,-0.1858,0.0559,6960,0.4282,0.0429
2026-06-24,007860,8020,188308348880,777513257,864016057,-0.1413,-0.1757,-0.1964,-0.1907,-0.0494,12370,0.6483,0.0263
2026-06-24,007980,1685,79022034750,467192331,719084713,-0.1292,-0.0767,-0.135,0.1035,0.2327,2225,0.7573,0.0237
2026-06-25,008040,788,111221944800,315095763,545902776,-0.1463,-0.251,-0.302,-0.3345,-0.1882,1397,0.5641,0.0303
2026-06-24,008060,16500,516237117000,2497215390,2608823618,-0.2634,0.1836,0.4851,1.0939,1.3573,23100,0.7143,0.0449
2026-06-25,00806K,12090,14657396130,114930322,181739963,-0.1188,0.0342,0.2944,0.4496,0.5684,13720,0.8812,0.03
2026-06-25,008250,2615,28641140525,93986037,136611407,-0.2644,-0.3295,-0.4619,-0.5314,-0.267,5810,0.4501,0.0277
2026-06-24,008260,2880,82368336960,367400839,1078487995,-0.1579,-0.1864,-0.2185,-0.2587,-0.1008,4100,0.7024,0.025
2026-07-03,008290,369,0,76236943,120928820,-0.3229,-0.4903,-0.6041,-0.6258,-0.3029,1348,0.2737,0.0696
2026-07-03,0082N0,14690,0,1604112761,5007063643,-0.3413,-0.6434,0.0,0.0,0.0,52200,0.2814,0.0549
2026-06-25,008350,1014,130886197260,2636139103,65010763336,-0.3764,-0.2615,-0.0155,-0.1888,0.1876,3080,0.3292,0.0732
2026-06-25,008355,8630,2657090700,18889471,146307857,-0.3351,-0.3199,-0.3035,-0.3367,-0.0016,21100,0.409,0.0579
2026-07-03,008370,4800,0,45643918,43137127,-0.0214,-0.0371,-0.0698,0.0922,0.1136,5430,0.884,0.0146
2026-06-25,008420,2245,46030368725,2035817832,3192640201,-0.0281,-0.0447,0.0767,-0.0344,-0.0063,3185,0.7049,0.053
2026-07-03,008470,3090,0,73349656,61097912,-0.0565,-0.2167,-0.2545,-0.1984,-0.1419,4285,0.7211,0.0224
2026-06-24,008490,17240,199451508120,601062224,931446202,-0.2787,-0.1328,-0.211,-0.1016,0.1771,31100,0.5543,0.0335
2026-06-24,008500,530,3180000000,407216678,221421692,-0.7415,-0.8107,-0.8333,-0.8089,-0.0674,6500,0.0815,0.077
2026-06-25,008600,2620,17615839860,0,0,0.0,0.0,-0.2415,-0.4677,-0.4677,4902,0.5345,0.0
2026-06-25,008700,1162,89619040840,2398566111,2050649425,-0.0719,-0.2949,-0.0689,-0.2122,-0.1403,1774,0.655,0.0299
2026-06-23,008730,15630,387624000000,1910020232,2331843687,-0.1609,-0.217,-0.3824,-0.4116,-0.2507,38150,0.5059,0.0334
2026-07-15,008770,47600,1858398529350,14952067933,25412903627,-0.204,-0.0196,0.0745,-0.0739,0.1301,69400,0.6859,0.0399
2026-06-25,008775,29250,21992460750,83843552,139521791,-0.1784,-0.1229,-0.2333,-0.3634,-0.185,51800,0.5647,0.0275
2026-07-03,008830,10300,0,1614028745,4133223799,-0.2267,-0.4157,-0.2599,-0.3218,-0.0951,21961,0.469,0.0438
2026-06-25,008870,39600,39600000000,34294347,37381674,-0.1081,-0.1258,-0.2471,-0.3299,-0.2218,61000,0.6492,0.0109
2026-07-03,0088D0,2145,0,24461169,57892387,-0.0069,-0.025,0.0779,0.0,0.0,2270,0.9449,0.0053
2026-07-06,0088M0,15000,148226250000,1262031975,1262031975,0.0,0.0,0.0,0.0,0.0,15000,1.0,0.0
2026-07-15,008930,32550,2219305797500,6064499831,4715532964,0.0534,-0.1512,-0.1203,-0.2483,-0.3017,51900,0.6272,0.035
2026-06-25,008970,1240,128670964680,3284570892,7356732599,-0.2341,-0.2778,-0.334,-0.5426,-0.3085,3809,0.3255,0.0341
2026-06-24,009070,4050,121500000000,762788170,1245120081,-0.2458,-0.3415,-0.3901,-0.0158,0.23,7990,0.5069,0.0316
2026-06-25,009140,22000,34557534000,204039711,400560842,-0.2,-0.0068,0.0654,0.0837,0.2837,31650,0.6951,0.0489
2026-07-15,009150,1419000,106438516800000,2087083633312,1869467010347,-0.3071,1.4982,4.2169,8.9719,9.279,2270000,0.6251,0.0783
2026-06-25,009155,788000,2290703392000,115765478250,53204218895,0.4953,3.5261,5.4379,12.5163,12.021,954000,0.826,0.0832
2026-06-25,009160,3935,257234759080,709159603,1158694290,-0.3096,-0.1529,-0.2806,-0.2098,0.0998,6680,0.5891,0.037
2026-06-24,009180,2680,75457611000,305511784,480985294,-0.1242,-0.0759,-0.0822,0.1478,0.272,3460,0.7746,0.0252
2026-06-24,009190,1922,84541620550,3395980097,1688925453,0.24,0.5303,0.4153,0.1148,-0.1252,2315,0.8302,0.056
2026-07-03,0091W0,2020,0,31995397,28130316,-0.0146,-0.0194,0.005,0.0,0.0,2100,0.9619,0.0034
2026-06-25,009200,1295,53884056450,241546096,2182092511,-0.2431,-0.3683,-0.3589,-0.3991,-0.156,2560,0.5059,0.041
2026-06-24,009240,32000,753085696000,1998355940,2588678986,-0.0274,-0.2363,-0.3081,-0.299,-0.2716,51400,0.6226,0.0322
2026-06-25,009270,1027,117869193611,741688151,742958402,-0.0895,-0.213,-0.3199,-0.449,-0.3595,1953,0.5259,0.0266
2026-06-23,009290,5340,265930974720,1315250921,2060095072,-0.1753,-0.2983,0.0299,0.1149,0.2902,11080,0.5605,0.0278
2026-07-03,009300,12900,0,60143079,109179370,-0.0556,-0.1882,-0.211,-0.2616,-0.206,19050,0.6772,0.0195
2026-06-25,009310,5330,23329484620,0,0,0.0,4.0047,3.8105,2.8792,2.8792,5330,1.0,0.517
2026-06-24,009320,946,46637582420,493514401,340701554,-0.0624,-0.0725,0.0075,-0.0816,-0.0192,1179,0.8024,0.0384
2026-07-03,0093G0,1990,0,17693426,20808402,-0.0025,-0.0075,-0.002,0.0,0.0,2030,0.9803,0.0024
2026-06-24,009410,1650,491023628700,716457994,1966446080,-0.0782,-0.1329,-0.0751,-0.477,-0.3988,3120,0.5288,0.0371
2026-06-25,009415,7010,4556317740,197589676,1229859768,-0.2644,0.1841,-0.3735,0.2407,0.5051,18900,0.3709,0.1176
2026-07-15,009420,54800,2873235090000,37006990941,31307929439,0.0518,0.1874,0.0418,1.0837,1.0319,70700,0.7751,0.0768
2026-06-25,009440,756,17568790596,0,0,0.0,0.0,0.0,0.0,0.0,756,1.0,0.0
2026-06-24,009450,63100,919278155200,3463382395,4956403395,-0.1427,0.0145,0.0955,-0.1285,0.0142,92900,0.6792,0.0379
2026-06-25,009460,2545,30370749865,122217336,574689029,0.1755,-0.0059,-0.0432,-0.3168,-0.4923,3780,0.6733,0.0401
2026-06-24,009470,29700,196430454000,13680844615,13196648994,-0.2929,-0.1818,0.0241,0.0348,0.3277,56400,0.5266,0.0702
2026-07-07,009520,11280,469729689840,1339410305,1339410305,0.0,0.0,0.0,0.0,0.0,11280,1.0,0.0
2026-07-15,009540,333000,23567447628000,80725088324,105990096774,-0.2406,-0.1429,-0.2155,0.0076,0.2482,479500,0.6945,0.037
2026-06-25,009580,1511,94238537564,377447068,7224855812,-0.3163,-0.4414,-0.4155,-0.4717,-0.1554,3750,0.4029,0.0495
2026-07-03,009620,659,0,741583455,536695227,0.1726,-0.4884,-0.6063,-0.5122,-0.6848,2270,0.2903,0.0805
2026-07-06,009680,10050,0,238391933,275031947,-0.001,-0.0763,-0.1373,-0.0089,-0.0079,11650,0.8627,0.0131
2026-07-03,0096B0,1992,0,39317914,56339061,0.001,-0.009,-0.009,0.0,0.0,5520,0.3609,0.0028
2026-07-03,0096D0,1996,0,18089202,26111268,0.0025,-0.002,0.001,0.0,0.0,4335,0.4604,0.004
2026-07-03,009730,181,0,71265681,296179134,-0.2265,-0.6721,-0.7381,-0.7746,-0.5481,1251,0.1447,0.053
2026-06-24,009770,26250,65624238750,37971578,45670724,-0.0757,-0.1627,-0.181,-0.1505,-0.0748,36450,0.7202,0.014
2026-07-03,009780,6290,0,114728815,224482800,0.0278,-0.1091,-0.2186,-0.3244,-0.3522,12490,0.5036,0.0237
2026-07-03,0097F0,1993,0,18260803,31080633,-0.0025,-0.0035,0.0015,0.0,0.0,2020,0.9866,0.0025
2026-06-25,009810,1774,26944842500,44623804,54834502,-0.1991,-0.1798,-0.3239,-0.5148,-0.3157,3956,0.4484,0.0228
2026-07-15,009830,31150,5363047123200,66302890281,119246776474,-0.2618,-0.1629,0.2462,-0.0902,0.1716,55179,0.5645,0.0541
2026-06-25,009835,18100,46613816900,319711244,592578505,-0.2063,-0.2452,-0.048,-0.3089,-0.1026,29895,0.6055,0.0415
2026-07-03,0098T0,2010,0,25036776,18493241,-0.0123,-0.0219,0.0,0.0,0.0,2080,0.9663,0.0054
2026-06-23,009900,7340,385130776220,2260766410,6399827530,-0.223,-0.187,-0.0457,0.0553,0.2783,14700,0.5973,0.0477
2026-06-24,009970,161000,2085564537000,3235399490,3837902557,-0.203,-0.2546,-0.186,0.206,0.409,250000,0.644,0.0292
2026-07-03,0099W0,2000,0,27013649,37797065,0.0,0.0,0.007,0.0,0.0,2210,0.905,0.0024
2026-07-03,0099X0,2180,0,43375301,35815358,0.0187,-0.0046,0.0557,0.0,0.0,2715,0.8029,0.0059
2026-06-25,010040,1532,62914738984,95718135,85236579,-0.1221,-0.2136,-0.267,-0.3656,-0.2435,2460,0.6228,0.0203
2026-07-15,010060,205500,3827397560000,46060588655,112058144939,-0.3538,0.0615,1.0187,1.4205,1.7743,388000,0.5296,0.0776
2026-06-24,010100,3650,111144033000,1103674755,2797375054,-0.2459,-0.1825,-0.1925,-0.1742,0.0717,7240,0.5041,0.0434
2026-07-15,010120,199500,30075000000000,259137878992,325595852452,-0.2252,0.1133,1.0674,2.6076,2.8328,318500,0.6264,0.0648
2026-07-15,010130,1036000,21520031039000,21915366850,38842430925,-0.1988,-0.377,-0.1388,0.2619,0.4607,2115000,0.4898,0.0349
2026-07-15,010140,21950,19316000000000,102731987982,182696225937,-0.2189,-0.2047,-0.167,0.3475,0.5664,34400,0.6381,0.0383
2026-07-15,010170,11470,1791194803200,133218855974,452628316156,-0.4088,-0.4227,2.8947,11.4,11.8088,29100,0.3942,0.0885
2026-07-03,0101C0,2000,0,32412495,33889202,0.001,-0.005,0.0101,0.0,0.0,2020,0.9901,0.0026
2026-07-03,010240,5540,0,108098415,205754438,0.0552,0.0433,0.0394,0.0184,-0.0368,5960,0.9295,0.0175
2026-07-03,010280,4755,0,417734733,753413381,-0.2997,-0.0828,-0.0469,-0.3769,-0.0772,7560,0.629,0.0393
2026-06-24,010400,3480,26524560000,53503668,112889471,-0.1054,-0.083,-0.1042,0.1857,0.2911,4755,0.7319,0.0277
2026-07-03,010470,4730,0,102274999,130608255,-0.0689,-0.222,-0.2117,-0.2456,-0.1767,6390,0.7402,0.017
2026-06-25,010580,1648,183342900480,1284471336,1631049968,-0.2577,-0.1549,-0.1639,-0.0138,0.2439,3060,0.5386,0.0315
2026-07-03,0105P0,2010,0,22576951,21007934,0.008,0.0,0.0126,0.0,0.0,2045,0.9829,0.0027
2026-06-25,010640,1686,28156200000,1032797179,471677951,-0.2121,-0.3146,-0.4683,-0.508,-0.2959,4433,0.3803,0.0319
2026-06-25,010660,2790,61380000000,2017085571,2742391333,-0.4038,-0.5105,-0.4991,-0.4486,-0.0448,6500,0.4292,0.0594
2026-06-23,010690,12000,419044920000,14679339820,9466202208,0.0114,0.031,0.4483,0.6232,0.6118,15550,0.8559,0.0717
2026-06-24,010770,3760,54991752160,409427271,427036751,-0.248,-0.0517,-0.0635,-0.2554,-0.0074,6370,0.5903,0.0267
2026-06-23,010780,21050,635435844800,3033692622,3420874786,-0.1678,-0.2031,0.3683,0.0929,0.2607,33450,0.7564,0.0428
2026-07-06,010820,6060,0,11967037549,53561485644,-0.2564,-0.1548,0.5598,0.4709,0.7273,16360,0.3704,0.0718
2026-07-15,010950,140800,15874173672000,53391820600,54459156598,0.234,0.1541,0.7276,1.2385,1.0045,141300,0.9965,0.0414
2026-06-25,010955,53900,216781865300,1045375202,1266060028,-0.0306,-0.011,0.1136,0.3051,0.3357,65700,0.8204,0.0282
2026-06-24,010960,3055,73686600000,140784435,201098267,-0.1271,-0.2466,-0.1676,-0.1572,-0.0301,4250,0.7188,0.0226
2026-06-25,011000,534,48531472338,3987024948,9411921027,-0.588,-0.3959,-0.7343,-0.8044,-0.2164,2790,0.1914,0.1083
2026-07-03,011040,4980,0,187418410,196341529,-0.002,-0.0912,-0.1823,-0.1658,-0.1638,6200,0.8032,0.0152
2026-07-15,011070,679000,16164634081000,347203684050,446471307629,-0.4506,0.8783,1.3993,3.347,3.7976,1530000,0.4438,0.0791
2026-07-03,011080,2370,0,834700823,1020835977,-0.052,-0.549,-0.6773,-0.7438,-0.6918,12764,0.1857,0.1012
2026-06-25,011090,1135,13457756290,93614842,91253006,-0.2538,-0.4899,-0.6279,-0.655,-0.4012,3415,0.3324,0.0429
2026-06-25,011150,1861,66867168553,187187509,334180103,-0.2047,-0.2991,-0.3504,-0.3776,-0.1729,3085,0.6032,0.0175
2026-06-25,011155,9150,1830000000,4693827,5347224,-0.2967,-0.3202,-0.3968,-0.4891,-0.1924,18590,0.4922,0.0203
2026-07-15,011170,61000,2622133184700,8311691151,20566314317,-0.245,-0.3115,-0.1172,-0.1056,0.1394,118000,0.5169,0.0529
2026-07-15,011200,20100,18911921298500,25982151933,30287486699,-0.0926,-0.0496,0.007,-0.159,-0.0664,25950,0.7746,0.0252
2026-07-15,011210,59600,1623546455100,8443157466,22581614672,-0.3078,-0.224,-0.2888,0.2314,0.5392,101300,0.5884,0.0479
2026-06-25,011230,2460,47147831100,16010901582,6855265567,-0.2931,-0.0484,-0.1119,-0.4629,-0.1698,6220,0.3955,0.0933
2026-06-25,011280,1742,123343947480,350378907,1723826146,-0.0568,-0.0988,-0.1376,-0.21,-0.1532,2495,0.6982,0.0287
2026-06-25,011300,2255,37920244615,170521076,216509750,-0.1209,-0.2655,-0.3501,-0.5322,-0.4113,5210,0.4328,0.0464
2026-07-03,011320,3790,0,172783507,420240717,-0.1377,-0.0156,-0.2359,-0.0501,0.0876,4960,0.7641,0.0333
2026-06-25,011330,396,35714383848,442703029,455908198,-0.2514,-0.4776,-0.6918,-0.7348,-0.4834,1875,0.2112,0.0324
2026-07-03,011370,847,0,316648710,346933520,-0.0151,-0.1887,-0.0892,-0.0472,-0.0321,1217,0.696,0.0284
2026-06-25,011390,44050,46516800000,329169923,443156156,-0.2162,-0.4023,-0.4204,-0.6095,-0.3933,111700,0.3944,0.0327
2026-06-25,011420,1309,36062483996,131081393,144069849,-0.21,-0.2772,-0.3048,-0.4926,-0.2826,2850,0.4593,0.0252
2026-06-25,011500,13920,217667624640,2026851464,7854573587,-0.3109,-0.3109,-0.0996,-0.0601,0.2508,26900,0.5175,0.0379
2026-07-06,011560,25100,253130287200,1184570200,1184570200,0.0,0.0,0.0,0.0,0.0,25100,1.0,0.0
2026-07-03,0115H0,1997,0,67075522,95738578,-0.001,-0.0114,0.0,0.0,0.0,7200,0.2774,0.0032
2026-06-25,011690,3545,130117076730,1522153397,6769474876,-0.415,-0.4189,-0.1203,0.1777,0.5927,9140,0.3879,0.057
2026-06-25,011700,2505,81277608255,1812349615,3668029303,-0.3099,-0.4754,-0.18,-0.3184,-0.0085,5470,0.458,0.0377
2026-06-24,011760,22850,302281873100,1161268698,1628276612,-0.1897,-0.1228,-0.0022,-0.181,0.0087,32550,0.702,0.0325
2026-07-15,011780,118200,3001268872500,9554883457,14447686144,-0.1039,-0.1186,0.0137,-0.0117,0.0922,153400,0.7705,0.0425
2026-06-25,011785,51300,155104831800,394338091,471166577,-0.1549,-0.1231,-0.1779,-0.0984,0.0565,73000,0.7027,0.0238
2026-07-15,011790,90500,4493605798800,49088969942,106887282478,-0.3741,-0.0573,-0.0769,-0.1142,0.2599,174100,0.5198,0.0734
2026-07-03,0117P0,5350,0,48151659514,48151659514,0.0,0.0,0.0,0.0,0.0,13730,0.3897,0.0
2026-06-25,011810,3530,109493282310,0,0,0.0,0.0,0.0,-0.0084,-0.0084,3680,0.9592,0.0
2026-06-23,011930,18490,375461305180,19789648512,94281062121,-0.4506,-0.0201,0.3524,0.4508,0.9014,42950,0.5111,0.0711
2026-06-23,012030,1798,361710731534,3707097646,4257861394,-0.1031,0.0738,0.2257,0.287,0.3901,2400,0.7942,0.047
2026-06-25,0120G0,47700,354690999000,1261507391,5475316610,-0.2695,-0.5652,-0.3117,0.0,0.0,142700,0.3343,0.0539
2026-06-25,012160,376,29366922392,37119138,87508893,-0.1026,-0.3404,-0.3076,-0.2755,-0.1729,725,0.5186,0.0349
2026-06-26,012170,722,13830882502,768140781,367689454,-0.2929,-0.4501,-0.5836,-0.8153,-0.5224,3980,0.1814,0.0757
2026-06-26,012200,6060,168781539800,11009039096,29758454219,-0.2016,-0.0734,2.8599,3.2025,3.4041,12440,0.4871,0.0899
2026-06-26,012205,11350,13444408500,3591342797,8858222682,-0.0542,1.1375,2.3931,2.2244,2.2786,22800,0.4978,0.139
2026-07-06,012210,7610,175422516190,1082985125,1082985125,0.0,0.0,0.0,0.0,0.0,7610,1.0,0.0
2026-06-24,012280,850,42095829250,345527161,341250810,-0.1137,-0.1642,-0.1053,-0.0275,0.0862,1136,0.7482,0.034
2026-06-25,012320,50800,120143168400,889439357,1451958676,-0.0713,-0.139,-0.0324,-0.1924,-0.1211,98500,0.5157,0.0391
2026-07-15,012330,488500,44277500504000,226442323725,418760443120,-0.2598,0.2478,0.2494,0.6311,0.8909,768000,0.6361,0.0636
2026-07-03,012340,881,0,843357034,541116199,-0.1337,-0.4123,-0.65,-0.7087,-0.575,4036,0.2183,0.0905
2026-07-15,012450,937000,47696145925000,246753181035,277735628673,-0.2079,-0.3876,-0.1404,0.1469,0.3548,1537000,0.6096,0.0396
2026-06-24,012510,120000,3494865960000,3528900622,6077941614,0.0,0.0118,0.3873,0.9481,0.9481,120300,0.9975,0.0026
2026-06-25,012610,3455,143784541075,1907505158,4747365327,-0.3928,-0.1448,-0.0268,-0.0043,0.3885,6090,0.5673,0.0432
2026-07-03,012620,6870,0,39810861,75800973,-0.0072,-0.2581,-0.1927,-0.0925,-0.0853,9720,0.7068,0.0197
2026-06-24,012630,19600,1170937731600,2197549119,3145620602,-0.1422,-0.2962,0.0538,-0.1191,0.0231,30150,0.6501,0.0285
2026-06-25,012690,1410,51565469550,231634524,975091505,-0.295,-0.3188,-0.3517,-0.4901,-0.1951,2785,0.5063,0.0258
2026-07-15,0126Z0,406500,10139842467500,26396622187,27415035820,-0.1036,-0.2458,-0.41,0.0,0.0,743000,0.5471,0.0386
2026-07-03,012700,2900,0,188229339,251948851,0.0052,-0.1899,-0.2448,-0.4291,-0.4343,5360,0.541,0.0199
2026-06-24,012750,71700,2724541062600,8473811269,6052875586,0.0141,-0.1495,-0.0427,0.0,-0.0141,94100,0.762,0.0407
2026-07-03,012790,5260,0,141427299,176636284,0.0174,-0.132,-0.1584,-0.1994,-0.2168,6920,0.7601,0.0166
2026-06-25,012800,1099,100163408401,1257761054,4962472363,-0.3454,-0.1743,-0.0826,-0.2144,0.131,1840,0.5973,0.0367
2026-07-06,012860,2550,0,1892840996,18562541478,-0.2308,-0.3061,0.8465,0.723,0.9538,6030,0.4229,0.0643
2026-07-06,0129K0,1982,0,68141412,17863838223,-0.003,0.0,0.0,0.0,0.0,2355,0.8416,0.0
2026-06-24,013000,1303,37402655393,145375485,610111222,-0.0856,0.1137,0.0996,0.0602,0.1458,1565,0.8326,0.0402
2026-07-06,013030,31950,0,1417134398,3104243790,-0.0987,-0.1198,-0.0169,0.0424,0.1411,46150,0.6923,0.0349
2026-07-06,0130D0,1992,0,22380241,118954911,-0.0015,-0.0259,0.0,0.0,0.0,2045,0.9741,0.0026
2026-07-06,0130H0,2005,0,40391423,101145856,0.0,0.0025,0.0,0.0,0.0,2660,0.7538,0.0028
2026-07-07,013120,2875,261073287500,17322593002,17322593002,0.0,0.0,0.0,0.0,0.0,2875,1.0,0.0
2026-07-06,0131D0,1969,0,99415761,24923178327,-0.003,0.0,0.0,0.0,0.0,2735,0.7199,0.0
2026-07-06,0132G0,1997,0,26275728,138420603,-0.0015,0.0,0.0,0.0,0.0,2025,0.9862,0.0025
2026-07-03,013310,2625,0,930603854,4961122694,-0.1393,-0.1667,-0.0979,-0.0541,0.0852,4335,0.6055,0.0378
2026-06-25,013360,1239,66936826320,2922832540,2277269660,-0.187,-0.3479,-0.5093,-0.3704,-0.1834,2660,0.4658,0.0587
2026-07-06,0134X0,1975,0,532333140,37298043613,0.0,0.0,0.0,0.0,0.0,1987,0.994,0.0
2026-06-24,013520,2355,117870698460,346314786,538597532,-0.1893,-0.1589,0.0306,0.1188,0.3081,3475,0.6777,0.0327
2026-06-25,013570,3785,99619810905,375826806,528211028,-0.157,-0.2665,-0.1339,-0.1542,0.0028,5550,0.682,0.0239
2026-06-24,013580,18800,167901051600,1387940879,4066974825,-0.1826,-0.2919,-0.1111,-0.1416,0.041,30150,0.6235,0.0394
2026-06-24,013700,1115,66622175450,117388701,260816514,-0.1837,-0.108,-0.0861,-0.0219,0.1618,1547,0.7207,0.0282
2026-07-06,013720,488,0,249166364,377274118,0.0844,-0.4643,-0.3184,-0.6042,-0.6886,1218,0.4007,0.0576
2026-07-06,013810,1745,0,130315488,463360420,-0.084,-0.3712,-0.2729,-0.4521,-0.3681,3185,0.5479,0.031
2026-06-24,013870,3670,69995267600,221151342,292276373,-0.1799,-0.2996,-0.0893,-0.0983,0.0816,5900,0.622,0.0215
2026-06-25,013890,8810,193166412530,292185860,368951684,-0.1577,-0.2134,-0.2521,-0.4683,-0.3106,21700,0.406,0.026
2026-07-06,013990,3415,0,429084748,1305246817,-0.1771,-0.2871,-0.2309,-0.3858,-0.2087,5920,0.5769,0.0377
2026-07-06,014100,1726,0,49446424,46027374,0.2036,0.0262,-0.0475,-0.1742,-0.3778,2205,0.7828,0.0252
2026-06-25,014130,2100,25200000000,87675275,78411662,-0.1411,-0.215,-0.3291,-0.4026,-0.2615,3650,0.5753,0.0215
2026-06-25,014160,671,72732742379,587920984,8736449975,-0.3229,-0.3723,-0.3889,-0.4294,-0.1065,1409,0.4762,0.0362
2026-07-06,014190,1238,0,190483284,262394333,-0.1074,-0.2926,-0.2089,-0.1758,-0.0684,2530,0.4893,0.0261
2026-06-25,014280,3910,114677785870,431366155,1350500586,-0.2227,-0.2133,-0.4325,-0.1425,0.0802,7260,0.5386,0.0324
2026-06-26,014285,5700,3362287500,9890968,21906925,-0.1642,-0.1715,-0.4461,-0.1715,-0.0073,13650,0.4176,0.0257
2026-06-24,014440,4400,88000000000,144422771,234066908,-0.0568,-0.0568,-0.1304,-0.0351,0.0217,5370,0.8194,0.0112
2026-07-06,014470,1022,0,376792620,391458596,-0.1824,-0.2193,-0.2908,-0.4291,-0.2467,1827,0.5594,0.0359
2026-06-25,014530,3055,106526078100,671384188,1559488955,-0.1221,-0.1561,-0.1171,-0.2438,-0.1217,5990,0.51,0.0162
2026-07-06,014570,3370,0,40480621,73584193,0.0306,-0.1554,-0.2235,-0.3094,-0.34,4895,0.6885,0.0191
2026-06-24,014580,3815,105229526500,423717385,908062285,-0.1532,-0.1465,-0.2238,-0.2158,-0.0626,5980,0.638,0.0211
2026-07-15,014620,26750,711737355200,3716644892,9285642172,-0.1832,-0.3476,0.0094,-0.0948,0.0884,48300,0.5538,0.0541
2026-07-15,014680,247500,2731198952000,16692365710,22795218444,-0.1722,-0.0481,0.0465,0.4508,0.623,338000,0.7322,0.0526
2026-06-26,014710,7400,125523178470,151167295,159915152,-0.0067,-0.0212,-0.1741,-0.0561,-0.0494,10000,0.74,0.031
2026-06-25,014790,2290,86696196290,286864699,388149266,-0.2035,-0.3265,-0.1503,-0.1565,0.047,3975,0.5761,0.0319
2026-06-24,014820,19010,551124270820,1447356291,1331718857,-0.1962,-0.2486,-0.3062,-0.4096,-0.2134,32300,0.5885,0.0277
2026-06-26,014825,14040,3758299530,3479518,7616118,-0.1312,-0.1423,-0.2099,-0.234,-0.1028,18900,0.7429,0.0134
2026-06-25,014830,63000,426358800000,1836543692,2932409165,-0.1274,-0.2473,-0.0922,-0.2437,-0.1163,98000,0.6429,0.0315
2026-06-25,014910,2345,51255267665,11705677309,10687916809,-0.2829,0.4076,1.1416,0.9839,1.2668,3365,0.6969,0.1014
2026-06-26,014915,4480,2697000000,143735160,197014432,-0.0696,0.0692,0.0492,-0.0366,0.033,7600,0.5895,0.0917
2026-07-03,014940,4820,219665046020,1019277685,1019277685,0.0,0.0,0.0,0.0,0.0,4820,1.0,0.0
2026-07-06,014950,5270,0,31026034929,10656417067,-0.1304,-0.5102,-0.6061,0.0,0.0,21300,0.2474,0.0787
2026-07-06,014970,4545,0,123704729,729747865,-0.1106,-0.4709,-0.4158,-0.2549,-0.1443,11370,0.3997,0.0272
2026-06-26,014990,1769,27446288373,215573295,167202018,-0.346,-0.5387,-0.6051,-0.7088,-0.3628,7700,0.2297,0.0421
2026-06-26,015020,928,19883142400,0,0,0.0,0.0,-0.1972,-0.4119,-0.4119,1570,0.5911,0.0
2026-06-24,015230,5790,157161559800,419137408,685856287,-0.1241,-0.1106,-0.1435,-0.0318,0.0923,7320,0.791,0.023
2026-06-26,015260,364,17291900098,662303429,1054460457,-0.3831,-0.4222,-0.2,-0.125,0.2581,837,0.4349,0.0667
2026-06-24,015360,13850,377412500000,580370217,796930349,-0.1601,-0.1041,-0.0135,0.2523,0.4124,17400,0.796,0.022
2026-06-26,015590,1901,101292796276,676363186,1021214260,-0.2381,-0.2617,-0.2617,-0.2617,-0.0236,2985,0.6369,0.0386
2026-07-24,0156T0,14790,0,399833491265,399833491265,0.0,0.0,0.0,0.0,0.0,14790,1.0,0.0
2026-07-06,015710,2755,0,51971620,275782019,-0.0893,-0.2624,-0.2315,-0.3608,-0.2715,4330,0.6363,0.0221
2026-07-07,015750,5890,471200000000,1264194305,1264194305,0.0,0.0,0.0,0.0,0.0,5890,1.0,0.0
2026-07-15,015760,34300,22019367841100,77728779515,96644102262,-0.1382,-0.1872,-0.3021,-0.0446,0.0936,67900,0.5052,0.0306
2026-06-23,015860,6370,314343466710,2694537994,4077225609,-0.4081,0.0,0.0069,0.5522,0.9603,14350,0.5073,0.0616
2026-07-06,015890,4675,0,215093363,333556152,-0.0199,-0.043,-0.1112,-0.1129,-0.093,5580,0.8378,0.015
2026-06-25,016090,1416,62703750960,212528661,339942845,-0.1429,-0.1556,-0.1995,-0.2652,-0.1223,1939,0.7303,0.0158
2026-07-06,016100,1002,0,123926364,191974187,-0.2583,-0.3253,-0.4927,-0.6116,-0.3533,2835,0.3534,0.0596
2026-07-06,016250,12550,0,100332457,192374077,0.045,-0.1727,-0.1661,-0.2435,-0.2885,20850,0.6019,0.0335
2026-07-16,016360,107700,9617610000000,59247443245,89303748243,-0.1308,-0.0332,0.4005,0.5408,0.6716,149500,0.7204,0.0574
2026-07-06,016380,5330,0,2525633051,4982420402,-0.0093,-0.022,-0.0309,-0.1234,-0.1141,7490,0.7116,0.0358
2026-06-25,016450,4090,163600000000,111275614,170671261,-0.0694,-0.1558,-0.0444,-0.0097,0.0597,4990,0.8196,0.0246
2026-07-06,0164H0,1950,0,84907482195,84907482195,0.0,0.0,0.0,0.0,0.0,1951,0.9995,0.0
2026-07-06,016580,9780,0,448118393,607374617,-0.0449,-0.0712,-0.1583,-0.1775,-0.1326,13130,0.7449,0.022
2026-06-25,016590,8860,357038685200,239538521,874540134,-0.1735,-0.2653,-0.3298,-0.3174,-0.1439,16400,0.5402,0.0389
2026-07-06,0165X0,1946,0,76084482713,76084482713,0.0,0.0,0.0,0.0,0.0,1970,0.9878,0.0
2026-07-06,016600,2490,0,399218446,311414053,-0.2793,-0.282,-0.1939,-0.3418,-0.0625,5044,0.4937,0.0484
2026-06-23,016610,9200,390506778800,1519433008,1685872784,-0.1777,-0.2337,-0.0009,0.3618,0.5395,17550,0.6091,0.0376
2026-07-03,016670,2405,0,72622773,103689451,-0.2036,-0.4002,-0.4726,-0.518,-0.3144,8000,0.3006,0.0405
2026-06-25,016710,6730,108282059070,172694887,188812860,-0.1361,-0.2361,-0.237,-0.3541,-0.218,11120,0.6052,0.0192
2026-06-24,016740,3910,112115433840,410802656,787155593,-0.2053,-0.1407,0.0051,0.1585,0.3638,5200,0.7519,0.0247
2026-07-06,016790,994,0,0,0,0.0,0.0,0.0,0.0,0.0,994,1.0,0.0
2026-06-25,016800,23850,274275000000,54683673,51021891,-0.1929,-0.3665,-0.5258,-0.4747,-0.2818,50300,0.4742,0.0203
2026-06-24,016880,1804,144188452320,846920590,1663801098,-0.2122,-0.3404,-0.2499,-0.2696,-0.0574,5130,0.3517,0.0365
2026-07-06,016920,970,0,192313425,145402556,0.1786,0.0083,-0.1052,-0.2756,-0.4542,1330,0.7293,0.026
2026-07-06,017000,2730,0,1720347245,755275516,0.1495,-0.0602,-0.1122,-0.0586,-0.2081,3835,0.7119,0.0549
2026-06-26,017040,932,40390657180,0,63520808,0.0,-0.1426,-0.2586,-0.5465,-0.5465,2115,0.4407,0.0149
2026-06-25,017180,1206,40947865524,143086151,150356910,-0.2318,-0.3355,-0.3435,-0.2851,-0.0533,1945,0.6201,0.0163
2026-07-06,017250,986,0,31861417,76524353,-0.0286,-0.0689,-0.0218,-0.0446,-0.016,1154,0.8544,0.018
2026-06-24,017370,4260,78017870040,170348141,253507831,-0.168,-0.2433,-0.367,-0.4482,-0.2802,8440,0.5047,0.0253
2026-06-25,017390,52200,258390000000,378016355,445740854,-0.1285,-0.2127,-0.2055,-0.1227,0.0058,73800,0.7073,0.0151
2026-07-06,017480,4795,0,406666907,659323937,0.0,0.0573,0.0235,0.0379,0.0379,5420,0.8847,0.0272
2026-07-03,017510,7860,119833560000,2484097595,2484097595,0.0,0.0,0.0,0.0,0.0,7860,1.0,0.0
2026-06-24,017550,1895,118246351350,4367218136,15951286117,-0.3477,-0.0058,0.031,0.0161,0.3638,3860,0.4909,0.0773
2026-07-06,017650,8840,0,71158993,181799359,-0.0134,0.04,0.0562,0.221,0.2344,10140,0.8718,0.0121
2026-07-15,017670,86000,18471944558000,89191064647,143953655559,-0.1409,-0.0703,0.6288,0.4931,0.634,125200,0.6869,0.0365
2026-07-15,017800,69900,2732557711500,9942015535,19409939159,-0.1538,-0.2402,-0.1891,-0.1718,-0.018,111700,0.6258,0.0227
2026-06-25,017810,9210,351090191820,600573554,637145688,-0.1393,-0.2626,-0.2894,-0.2338,-0.0945,17670,0.5212,0.0209
2026-06-26,017860,11020,196948851510,1488280445,7440368998,-0.3991,-0.4257,-0.4162,-0.5761,-0.177,27778,0.3967,0.0524
2026-07-06,017890,12850,273364552100,1041176000,1041176000,0.0,0.0,0.0,0.0,0.0,12850,1.0,0.0
2026-06-23,017900,7370,427045533310,83210982526,111537424058,-0.043,3.9951,4.6079,4.3556,4.3986,17780,0.5759,0.1408
2026-06-23,017940,79800,547428000000,1348152592,1789099009,-0.1676,-0.1159,0.0095,0.1149,0.2825,112500,0.7591,0.0292
2026-07-15,017960,23350,1209229772400,8048483601,17973333157,-0.345,-0.5394,-0.2564,-0.0351,0.3099,52200,0.4473,0.0369
2026-07-07,018000,890,230953472760,1444505899,1444505899,0.0,0.0,0.0,0.0,0.0,890,1.0,0.0
2026-07-06,018120,16450,0,43794757,66334224,-0.0318,-0.06,-0.1142,-0.1222,-0.0904,20400,0.8064,0.0072
2026-06-25,018250,10860,286811894100,1206326156,1678692432,-0.1509,-0.2416,-0.2038,-0.2907,-0.1398,18590,0.5842,0.0342
2026-07-15,018260,200000,15475560000000,76854948705,152727584281,-0.1597,0.345,0.1396,0.2085,0.3682,362000,0.5525,0.0726
2026-07-07,018290,12020,420000892760,1572159190,1572159190,0.0,0.0,0.0,0.0,0.0,12020,1.0,0.0
2026-07-06,018310,15030,0,559491564,699618977,-0.2632,-0.1941,-0.2312,-0.335,-0.0718,23400,0.6423,0.0454
2026-06-25,018470,968,122579505928,1243882114,26979117119,-0.3056,-0.2175,-0.2336,-0.3846,-0.079,1951,0.4962,0.0667
2026-06-24,018500,1350,63119159550,417800303,539635374,-0.2142,-0.1798,-0.0103,0.0037,0.2179,1903,0.7094,0.0357
2026-07-06,018620,2325,0,56046522,82842022,-0.1341,-0.2024,-0.3432,-0.4043,-0.2702,4166,0.5581,0.0313
2026-07-15,018670,227000,2096765766000,2687286135,5013005832,-0.0173,-0.0678,0.0271,-0.2035,-0.1862,296000,0.7669,0.0354
2026-07-06,018680,2240,0,19148319,24424579,-0.0386,-0.1734,-0.2704,-0.3392,-0.3006,3445,0.6502,0.0257
2026-07-06,018700,1077,0,86172948,680574338,-0.3532,-0.326,-0.6112,-0.7308,-0.3776,3876,0.2779,0.0727
2026-07-15,018880,3535,3632969434080,28577504415,126681785556,-0.3189,-0.0924,0.2625,0.1287,0.4476,5730,0.6169,0.0655
2026-07-03,019010,5290,0,837620503,1161980328,-0.0486,0.0413,0.9307,1.3151,1.3637,6720,0.7872,0.055
2026-06-25,019170,8200,429831880400,1023028405,4169891524,-0.2456,-0.2498,-0.4321,-0.2039,0.0417,17830,0.4599,0.0476
2026-06-26,019175,13010,25487744000,41865103,279650311,-0.2279,-0.2396,-0.4464,-0.5269,-0.299,46450,0.2801,0.0606
2026-06-24,019180,5980,107640000000,4195666371,3686803944,-0.1973,-0.2804,-0.2132,1.0237,1.221,9680,0.6178,0.0522
2026-07-15,019210,23350,874052608000,24710120021,18325910932,0.3059,0.692,3.5695,2.8468,2.5409,26700,0.8745,0.0693
2026-06-26,019490,541,41349858070,0,0,0.0,0.0,0.0,-0.1803,-0.1803,819,0.6606,0.0
2026-07-03,019540,5840,0,491551193,1067296847,-0.0102,-0.0774,0.4158,0.3888,0.399,7760,0.7526,0.0342
2026-07-06,019550,954,0,434311484,402290408,0.0707,-0.197,-0.3475,-0.4388,-0.5095,1860,0.5129,0.0339
2026-07-06,019570,296,0,56683223,1135839199,-0.137,-0.1778,0.1004,-0.1057,0.0313,728,0.4066,0.0674
2026-07-06,019660,1929,0,48605675,125916557,0.0239,-0.1069,-0.2538,-0.2882,-0.3121,3055,0.6314,0.0259
2026-06-25,019680,875,74114993750,88867923,135306621,-0.2869,-0.4531,-0.5358,-0.6399,-0.353,2540,0.3445,0.0242
2026-06-26,019685,550,10684844500,28078706,27166883,-0.3785,-0.4554,-0.5679,-0.5917,-0.2132,1346,0.4086,0.0181
2026-07-03,019770,3325,0,85763812,461669373,-0.0278,-0.1452,-0.1284,-0.1238,-0.096,4270,0.7787,0.0252
2026-07-06,019990,5260,0,397531867,1683571271,-0.1664,-0.3655,-0.2592,-0.3282,-0.1618,11020,0.4773,0.0411
2026-06-23,020000,20150,432761429100,2801397577,3454037842,-0.1874,-0.0837,0.394,0.3051,0.4925,27950,0.7835,0.0406
2026-06-25,020120,3015,111747254490,378289604,713304371,-0.2239,-0.0593,-0.1299,-0.1785,0.0454,4395,0.686,0.0367
2026-07-15,020150,33400,1754243010500,10001309673,23765768672,-0.4211,-0.2946,0.1517,0.4304,0.8515,78500,0.4255,0.0672
2026-07-03,020180,932,0,430078397,2781265617,-0.0836,-0.1257,-0.1141,-0.2122,-0.1286,1407,0.6624,0.0533
2026-07-06,020400,3185,0,331884188,1012679823,0.0617,-0.3411,0.1051,0.0334,-0.0283,8100,0.3932,0.0685
2026-06-26,020560,7460,1563469496490,1617001844,1394703464,0.0054,0.0522,-0.0869,-0.2122,-0.2176,10110,0.7379,0.0359
2026-07-03,020710,3550,0,417332802,3145303138,-0.0921,-0.1278,-0.1886,-0.0932,-0.0011,5990,0.5927,0.0503
2026-06-26,020760,902,50984432422,0,0,0.0,0.0,0.0,0.2476,0.2476,1130,0.7982,0.0
2026-07-06,021040,905,0,94826080,476530004,-0.1205,-0.2382,-0.368,-0.354,-0.2335,1860,0.4866,0.0474
2026-07-06,021045,2060,0,5217710,18545254,-0.2031,-0.2016,-0.3076,-0.2616,-0.0585,4815,0.4278,0.0526
2026-06-25,021050,1023,48566505570,513403637,2467488381,-0.3225,-0.1642,-0.0229,-0.2221,0.1004,1849,0.5533,0.0476
2026-07-03,021080,2180,0,1221892450,2202992259,-0.2769,-0.2945,-0.2934,-0.2073,0.0696,3785,0.576,0.0394
2026-07-27,021240,92300,6531833419800,18115656027,24644383594,0.0609,0.1423,0.2081,-0.1142,-0.1751,113200,0.8154,0.0306
2026-07-03,021320,5580,0,227970542,474978921,0.0608,-0.189,-0.0193,0.1071,0.0463,7590,0.7352,0.0372
2026-07-06,021650,2070,0,17760589,36351950,0.0273,-0.0548,-0.1135,-0.1753,-0.2026,2610,0.7931,0.0167
2026-06-24,021820,10100,101000000000,189966264,222423940,-0.229,-0.3769,-0.1789,-0.0843,0.1447,17380,0.5811,0.0318
2026-07-06,021880,136,0,0,2502729317,0.0,-0.3234,-0.4906,-0.6691,-0.6691,423,0.3215,0.0951
2026-07-15,022100,19420,2960116173630,8784251675,22237170328,-0.3089,-0.3825,-0.2847,-0.2057,0.1032,42850,0.4532,0.0557
2026-07-06,022220,587,0,25089453,113867233,-0.187,-0.3434,-0.1756,-0.364,-0.177,930,0.6312,0.0307
2026-06-25,023000,2120,84248706720,76175491,96995521,-0.0722,-0.1017,-0.1486,-0.1654,-0.0932,2615,0.8107,0.0114
2026-06-26,023150,4110,30620882900,105514779,1221779753,0.0661,-0.0431,-0.1829,-0.2346,-0.3007,5520,0.7446,0.0407
2026-07-07,023160,23400,605293462800,3285005725,3285005725,0.0,0.0,0.0,0.0,0.0,23400,1.0,0.0
2026-06-24,023350,4115,45059250000,153123500,517968693,-0.1916,-0.0825,-0.1653,-0.2843,-0.0927,5600,0.7348,0.0247
2026-07-07,023410,3705,286436747415,26433482105,26433482105,0.0,0.0,0.0,0.0,0.0,3705,1.0,0.0
2026-07-06,023440,521,0,0,0,0.0,0.0,-0.2349,-0.7272,-0.7272,2190,0.2379,0.0
2026-06-24,023450,29950,104825000000,65181350,55248219,0.0118,-0.0132,-0.0611,-0.123,-0.1348,35100,0.8533,0.0112
2026-07-15,023530,147600,4192393491000,23794397670,28038302755,-0.2545,0.4138,1.1422,0.9119,1.1664,203500,0.7253,0.0454
2026-06-24,023590,35500,1536699576000,2970307417,2913938712,-0.1913,-0.2511,-0.1191,0.1489,0.3402,61500,0.5772,0.0294
2026-07-06,023600,8400,0,125165963,251136729,-0.0433,-0.1376,-0.1437,-0.1376,-0.0943,11030,0.7616,0.0174
2026-07-03,023760,723,0,249824640,296861444,-0.0256,-0.2341,-0.1289,-0.0574,-0.0318,1176,0.6148,0.025
2026-07-06,023770,2300,0,62209141,62238938,-0.112,-0.2496,-0.2371,-0.2687,-0.1567,6350,0.3622,0.025
2026-07-06,023790,1141,0,2816149803,3516308049,-0.0531,-0.4512,-0.6646,-0.2987,-0.2456,7716,0.1479,0.0848
2026-06-24,023800,4980,78729801060,511823173,691033791,-0.3102,-0.2432,-0.2194,-0.2045,0.1057,8390,0.5936,0.0278
2026-06-24,023810,4950,49500000000,221339074,514738272,-0.2466,-0.3781,-0.2795,-0.1818,0.0648,13180,0.3756,0.0406
2026-07-06,023900,6950,0,198929612,812256401,-0.1044,-0.2944,-0.2559,-0.2715,-0.1671,11140,0.6239,0.0245
2026-07-06,023910,25750,0,290106385,401107621,-0.0115,-0.0997,-0.1488,-0.1502,-0.1387,33700,0.7641,0.0151
2026-06-26,023960,981,37465435375,133446602,258866612,-0.1082,-0.3345,-0.2465,-0.2442,-0.136,1891,0.5188,0.0351
2026-07-07,024060,9080,136200000000,1115205330,1115205330,0.0,0.0,0.0,0.0,0.0,9080,1.0,0.0
2026-06-25,024070,1834,28108687292,89941857,291466193,-0.1161,-0.059,-0.0667,-0.101,0.0151,2810,0.6527,0.0372
2026-06-25,024090,10660,121524000000,81894010,99676410,-0.0818,-0.1205,-0.154,-0.2225,-0.1407,14640,0.7281,0.016
2026-07-16,024110,21600,17224398770400,25470776782,30957645528,-0.0379,-0.0357,0.0588,0.1398,0.1777,28550,0.7566,0.0179
2026-07-06,024120,3125,0,107066575,136455515,-0.037,-0.1508,-0.1776,-0.1033,-0.0663,4065,0.7688,0.0162
2026-06-25,024720,7470,256193054730,458799407,642961508,-0.2203,-0.1968,-0.2515,-0.399,-0.1787,18440,0.4051,0.0262
2026-07-06,024740,2080,0,1031060933,6224829659,-0.113,-0.2925,-0.0142,-0.0502,0.0628,3945,0.5272,0.0419
2026-07-03,024800,4210,0,364472035,997269546,-0.1192,0.0512,0.6773,0.4467,0.5659,5980,0.704,0.0533
2026-07-03,024830,8920,0,159050178,120287196,-0.1255,-0.2277,-0.1212,-0.0304,0.0951,12680,0.7035,0.0206
2026-07-07,024840,4560,189351350640,14748713636,14748713636,0.0,0.0,0.0,0.0,0.0,4560,1.0,0.0
2026-07-06,024850,11850,376279496400,1038799260,1038799260,0.0,0.0,0.0,0.0,0.0,11850,1.0,0.0
2026-07-03,024880,3865,0,436185907,1064150605,-0.1402,-0.296,-0.2694,-0.1829,-0.0427,6710,0.576,0.0319
2026-06-24,024890,2740,22604534200,478735155,245744919,-0.2664,-0.2742,-0.2357,-0.4043,-0.1379,4605,0.595,0.0611
2026-06-25,024900,1759,57281799820,363662035,343879295,-0.1139,-0.1377,-0.1931,-0.3473,-0.2334,2690,0.6539,0.0292
2026-07-06,024910,1516,0,204813395,510610181,-0.1327,-0.2781,0.0168,-0.1008,0.0319,2725,0.5563,0.0352
2026-07-06,024940,2125,0,97068191,252964888,-0.0899,-0.4311,-0.6058,-0.5425,-0.4526,5900,0.3602,0.0254
2026-07-06,024950,3280,0,239830532,1931614319,-0.1087,-0.2588,-0.2657,-0.3367,-0.228,6740,0.4866,0.0589
2026-06-24,025000,48600,212805257400,264720173,267665075,-0.06,-0.0261,-0.0261,0.0645,0.1245,56300,0.8632,0.0145
2026-07-07,025320,4305,396759360165,2776020074,2776020074,0.0,0.0,0.0,0.0,0.0,4305,1.0,0.0
2026-07-06,025440,3300,0,33587452,117252311,-0.1406,-0.1729,-0.1429,-0.1862,-0.0456,6785,0.4864,0.0321
2026-06-24,025530,3425,51148977400,66543944,73888509,-0.0793,-0.0325,-0.1092,-0.0951,-0.0158,3960,0.8649,0.0155
2026-06-26,025540,65700,661521000000,2084751102,2571139185,-0.1757,-0.1684,-0.0614,0.0186,0.1943,91400,0.7188,0.0295
2026-07-06,025550,2240,0,430621112,2317699862,-0.214,-0.2843,-0.3363,-0.3921,-0.1781,4630,0.4838,0.0443
2026-06-24,025560,43000,218905604000,9770689198,6977544037,0.1994,2.2749,2.2975,2.6825,2.4831,47450,0.9062,0.0898
2026-06-25,025620,6030,109769957190,603960856,296276062,-0.2013,-0.3481,-0.5021,-0.2864,-0.0851,16540,0.3646,0.0545
2026-06-25,025750,1882,30324720578,87099269,108042833,-0.18,-0.3055,-0.4054,-0.4865,-0.3065,3860,0.4876,0.025
2026-07-06,025770,7730,0,651627402,4839740341,-0.024,-0.0026,0.0052,-0.3382,-0.3142,15910,0.4859,0.0665
2026-06-24,025820,4150,138784300000,1548340072,6540990972,-0.299,-0.1217,-0.205,-0.1198,0.1792,6760,0.6139,0.0406
2026-06-23,025860,5730,284659770390,3938699517,33657735377,-0.2142,-0.2451,-0.0121,-0.1152,0.099,11740,0.5562,0.0515
2026-07-06,025870,2045,0,78566861,53862582,-0.3138,-0.5293,-0.6335,-0.6551,-0.3413,6300,0.3246,0.0401
2026-07-03,025880,2530,0,129336633,313392627,0.008,-0.1321,-0.0817,-0.1107,-0.1187,3100,0.8161,0.0169
2026-06-26,025890,2135,23682309000,69500305,200000331,0.0876,0.309,0.2754,0.1344,0.0468,2245,0.951,0.0288
2026-07-06,025900,5880,0,638865993,1877757251,-0.2687,-0.4346,-0.3288,-0.3241,-0.0554,12600,0.4667,0.0462
2026-07-07,025950,15670,131628000000,26269766840,26269766840,0.0,0.0,0.0,0.0,0.0,15670,1.0,0.0
2026-07-07,025980,3940,383365900600,1429962187,1429962187,0.0,0.0,0.0,0.0,0.0,3940,1.0,0.0
2026-07-06,026040,1870,0,140020739,326273460,-0.15,-0.3473,-0.3777,-0.4333,-0.2833,5510,0.3394,0.0415
2026-07-06,026150,4550,0,999415459,783536324,0.0306,-0.3309,-0.2467,-0.3981,-0.4287,7880,0.5774,0.0381
2026-06-25,026890,6700,259764607900,885997599,839153109,-0.2182,-0.3014,-0.3661,-0.3655,-0.1473,13010,0.515,0.0373
2026-07-06,026910,5130,0,1585700237,1153256600,0.3589,1.8249,0.8757,0.5359,0.177,6500,0.7892,0.107
2026-06-25,026940,2755,55100000000,15904064526,11616954489,0.1748,0.3971,0.3341,0.1774,0.0026,3755,0.7337,0.0903
2026-06-24,026960,23150,2308055000000,2637733056,2521484548,-0.1147,-0.1027,-0.1834,-0.1362,-0.0215,31700,0.7303,0.0205
2026-07-06,027040,1968,0,470718262,4905291690,-0.1234,-0.0516,1.0289,0.6749,0.7983,4905,0.4012,0.1018
2026-07-06,027050,1384,0,219384761,1189398589,-0.0043,-0.2109,-0.3849,-0.5324,-0.5281,3275,0.4226,0.0379
2026-07-07,027360,4085,494878983510,2970245141,2970245141,0.0,0.0,0.0,0.0,0.0,4085,1.0,0.0
2026-06-25,027410,3705,354630710655,1037648839,1945803282,-0.2049,-0.1655,-0.0795,-0.1323,0.0726,5300,0.6991,0.0262
2026-07-06,027580,1429,0,113381569,660161521,-0.2623,-0.4959,-0.5882,-0.7165,-0.4542,5280,0.2706,0.0709
2026-07-03,027710,1030,0,497722352,1614469259,-0.0662,-0.2197,-0.1174,-0.2034,-0.1372,1518,0.6785,0.0278
2026-06-26,027740,966,30517145054,1265033709,527942449,-0.3235,-0.4044,-0.3925,-0.4675,-0.144,1944,0.4969,0.0566
2026-07-06,027830,975,0,154542548,463020949,-0.1848,-0.3262,-0.381,-0.5005,-0.3157,1947,0.5008,0.0274
2026-06-25,027970,536,101920785920,161235619,195600827,-0.2524,-0.2786,-0.2747,-0.3511,-0.0987,863,0.6211,0.0161
2026-07-15,028050,42700,8339800000000,108610815980,141184651717,-0.2469,-0.1382,0.7792,0.8405,1.0874,64400,0.663,0.058
2026-07-06,028080,6100,0,77172726,434977094,-0.0976,-0.1671,-0.2394,-0.4382,-0.3406,11082,0.5504,0.0727
2026-06-24,028100,15900,212893081800,689089127,765221611,-0.0173,-0.1062,-0.0956,-0.0524,-0.0351,18580,0.8558,0.0266
2026-07-15,028260,367000,59758753598500,344809990844,298284351119,-0.2616,0.2677,0.3567,1.2557,1.5173,535000,0.686,0.0638
2026-06-26,02826K,283000,414594175000,5188591750,3181287478,0.2578,0.5223,0.8904,1.2144,0.9566,303000,0.934,0.051
2026-07-15,028300,34700,4621978338100,40331714425,41302893720,-0.2823,-0.4048,-0.3196,-0.306,-0.0237,68200,0.5088,0.0764
2026-07-15,028670,5270,2811835633120,10940368573,17357052068,-0.0131,-0.0295,0.3706,0.3548,0.3679,6200,0.85,0.0309
2026-06-25,029460,29300,322901675500,1022461882,1396866436,-0.185,-0.0564,0.1911,0.2337,0.4187,40200,0.7289,0.0427
2026-07-06,029480,1445,0,254352755,705072426,-0.1036,-0.2775,-0.2269,-0.3758,-0.2722,3055,0.473,0.0418
2026-06-25,029530,39700,385714441300,541378328,524080961,-0.0626,-0.2961,-0.238,-0.1814,-0.1188,64500,0.6155,0.0211
2026-07-15,029780,48400,5601777379850,5097574165,8439126038,-0.0919,-0.0885,-0.0728,-0.0602,0.0317,67400,0.7181,0.025
2026-06-24,030000,18240,2098351944000,14619165808,10154979448,-0.0415,-0.1037,-0.207,-0.088,-0.0465,23150,0.7879,0.0191
2026-07-03,030190,14120,831830761240,1158736724,1490940529,-0.0147,-0.1635,-0.1927,-0.1153,-0.1006,18200,0.7758,0.0247
2026-07-27,030200,54400,13709979664000,22505954042,25621727006,0.0462,-0.1197,0.0149,-0.0588,-0.105,68900,0.7896,0.0251
2026-06-24,030210,3285,200092983210,380418023,768210697,-0.1849,-0.1958,-0.0772,-0.149,0.0359,5370,0.6117,0.0312
2026-07-06,030350,973,0,0,0,0.0,0.0,0.0,0.0,0.0,973,1.0,0.0
2026-07-07,030520,18010,435477189440,1182599485,1182599485,0.0,0.0,0.0,0.0,0.0,18010,1.0,0.0
2026-07-15,030530,18350,1414999811920,12567986262,36910333074,-0.3241,-0.3303,-0.5491,2.0231,2.3472,48700,0.3768,0.066
2026-06-24,030610,9600,1094044425600,1257201573,1997580104,-0.25,-0.2314,-0.0123,0.1707,0.4207,16720,0.5742,0.0397
2026-06-24,030720,5600,26061308000,192462891,318519619,-0.1167,-0.0411,-0.0835,-0.0744,0.0423,7630,0.7339,0.0304
2026-07-06,030960,5180,0,8023466902,3011535042,0.0423,-0.1868,-0.3565,-0.3899,-0.4322,9190,0.5637,0.0411
2026-06-24,031210,40800,2848721198400,2806916461,4082898950,-0.1053,-0.2302,-0.1937,-0.0109,0.0944,62000,0.6581,0.024
2026-07-03,031310,949,0,228218749,3886081754,-0.1958,-0.4608,-0.3557,-0.4388,-0.243,2490,0.3811,0.064
2026-07-15,031330,11000,1102945589010,20074587597,24713260201,-0.2647,0.7657,1.7329,2.6364,2.9011,18860,0.5832,0.0858
2026-06-23,031430,12510,437674860000,2626604150,2256536910,-0.0494,0.2243,0.4081,0.4171,0.4665,16900,0.9107,0.0382
2026-06-24,031440,40500,156835440000,306795178,537543492,-0.1138,-0.176,-0.1527,0.1281,0.2419,56700,0.7143,0.0381
2026-07-06,031510,1028,0,148317696,138276202,-0.1303,0.0168,-0.0517,-0.0481,0.0822,1265,0.8126,0.0319
2026-06-24,031820,4825,58407329450,382531229,759289105,-0.3822,-0.3017,-0.1738,-0.2809,0.1013,9540,0.5058,0.0394
2026-07-06,031860,693,0,0,0,0.0,0.1726,0.0043,-0.4324,-0.4324,1218,0.569,0.0
2026-07-15,031980,158500,3406858410000,34916422295,33811803399,0.2865,0.4595,2.1764,3.2722,2.9857,166500,0.952,0.0851
2026-07-06,032080,1011,0,52267902,50934168,-0.1575,-0.2175,-0.2169,-0.2494,-0.0919,1422,0.711,0.0245
2026-07-06,032190,19060,729998000000,1159132710,1159132710,0.0,0.0,0.0,0.0,0.0,19060,1.0,0.0
2026-07-06,032280,1239,0,48904486,61296733,0.0164,-0.1131,-0.1156,-0.1991,-0.2155,1549,0.7999,0.0285
2026-07-06,032300,8060,0,128458382,224064179,-0.0964,-0.2732,-0.381,-0.4856,-0.3892,15710,0.513,0.0356
2026-07-15,032350,11750,945543931880,7861049310,10771822127,-0.3476,-0.2993,-0.4418,-0.3149,0.0327,26550,0.4426,0.0387
2026-07-07,032500,15560,656502867560,2895636230,2895636230,0.0,0.0,0.0,0.0,0.0,15560,1.0,0.0
2026-07-06,032540,3285,0,43399252,62325104,-0.0381,-0.1468,-0.1507,-0.1476,-0.1095,4355,0.7543,0.0203
2026-06-24,032560,5070,86190000000,253139847,277533232,-0.1661,-0.1304,-0.1606,-0.1647,0.0014,6520,0.7776,0.0171
2026-07-07,032580,4970,164666358080,3680327415,3680327415,0.0,0.0,0.0,0.0,0.0,4970,1.0,0.0
2026-07-03,032620,2915,0,352451789,591740692,-0.0804,-0.2785,-0.2164,-0.274,-0.1936,4330,0.6732,0.0264
2026-07-15,032640,14400,6111759340800,15032381701,20655409516,-0.1144,-0.17,0.0028,-0.0137,0.1007,17810,0.8085,0.0268
2026-07-06,032680,861,0,317189018,263578828,-0.0631,-0.2795,-0.4602,-0.5176,-0.4545,1865,0.4617,0.0639
2026-07-06,032685,12150,0,5303685,4421341,-0.4659,-0.5424,-0.629,-0.6725,-0.2066,39000,0.3115,0.0357
2026-07-06,032750,2840,0,37811429,122786818,-0.034,-0.1302,-0.2642,-0.3859,-0.3519,4815,0.5898,0.0241
2026-07-06,032790,1090,0,148611941,266770637,-0.1902,-0.4133,-0.476,-0.494,-0.3038,2370,0.4599,0.0523
2026-07-06,032800,2045,0,217460831,563433964,0.1048,0.1181,-0.2415,-0.3629,-0.4677,3243,0.6306,0.0565
2026-07-15,032820,10600,1827595230900,44197166138,112098467271,-0.3188,-0.4976,1.7249,1.1721,1.4909,29300,0.3618,0.0654
2026-07-15,032830,335500,66800000000000,210240162702,183826195945,-0.2216,0.4277,1.1074,1.6376,1.8592,497000,0.6751,0.0557
2026-07-06,032850,4150,0,224812902,1060786591,-0.027,-0.2035,-0.1198,-0.2385,-0.2115,5710,0.7268,0.0259
2026-07-06,032860,641,0,60612889,152991156,-0.1917,-0.4702,-0.514,-0.4479,-0.2562,1910,0.3356,0.0534
2026-07-06,032940,6090,0,1714867892,1747148907,-0.1161,-0.3157,-0.1955,-0.0938,0.0223,14960,0.4071,0.0564
2026-07-06,032960,10900,0,9754149,79853625,-0.01,-0.2866,-0.3535,0.0074,0.0174,17430,0.6254,0.0219
2026-07-09,032980,2,0,112335093,37445031,-0.9967,-0.9967,-0.9967,-0.9967,0.0,604,0.0033,0.1947
2026-07-06,033050,730,0,32951873,58449244,-0.1257,-0.177,-0.1108,-0.1925,-0.0668,1108,0.6588,0.0377
2026-07-15,033100,45750,736461452650,11764047650,27693827114,-0.1757,-0.0711,0.2534,0.1077,0.2834,91500,0.5,0.0666
2026-07-06,033130,1931,0,244457800,512227305,0.0057,-0.2457,0.1661,0.2054,0.1997,3050,0.6331,0.0397
2026-07-07,033160,14220,344045306520,4985797710,4985797710,0.0,0.0,0.0,0.0,0.0,14220,1.0,0.0
2026-07-06,033170,477,0,198512298,553471861,-0.1543,-0.3224,-0.3537,-0.2881,-0.1338,1020,0.4676,0.0621
2026-07-06,033200,2690,0,39802157,176955718,-0.1799,-0.2146,-0.1594,-0.2412,-0.0613,4840,0.5558,0.0504
2026-07-06,033230,1031,0,264872212,3591188885,-0.216,-0.3475,-0.4155,-0.5418,-0.3258,2405,0.4287,0.0393
2026-06-24,033240,28400,613596256800,6928799710,10619215261,-0.4274,-0.2447,0.2111,1.1178,1.5452,55700,0.5099,0.0564
2026-06-24,033250,3380,21632000000,145496607,136913193,-0.1736,-0.2668,-0.3494,-0.5981,-0.4245,6595,0.5125,0.0226
2026-06-24,033270,17130,272551575750,468832465,595001851,-0.1202,-0.1422,-0.134,-0.1862,-0.066,22350,0.7664,0.0164
2026-07-03,033290,1533,0,284592037,200760375,-0.0743,-0.2392,-0.2769,-0.3156,-0.2413,2345,0.6537,0.0267
2026-07-06,033310,1375,0,131868424,257398894,-0.0809,-0.2453,-0.2353,-0.3605,-0.2796,2280,0.6031,0.0216
2026-07-06,033320,2845,0,227164356,880131709,-0.1608,-0.3842,-0.3027,-0.5009,-0.3401,5990,0.475,0.0313
2026-07-06,033340,552,0,1477010938,1955015973,-0.4109,-0.6539,-0.6506,-0.6217,-0.2108,2755,0.2004,0.054
2026-07-07,033500,16960,508621818240,1556943595,1556943595,0.0,0.0,0.0,0.0,0.0,16960,1.0,0.0
2026-06-24,033530,5800,161361573800,1074605466,1655127571,-0.3333,-0.2477,-0.3856,0.25,0.5833,11850,0.4895,0.0361
2026-07-06,033540,936,0,270504175,423008976,0.1924,-0.1499,-0.1506,-0.2844,-0.4768,1600,0.585,0.0441
2026-07-03,033560,3650,0,221450257,183560475,0.0704,0.0994,0.2066,0.1145,0.0441,3945,0.9252,0.0292
2026-07-07,033640,20600,475019561200,2312348475,2312348475,0.0,0.0,0.0,0.0,0.0,20600,1.0,0.0
2026-07-15,033780,175100,18146067708800,46470560949,56984881678,-0.0535,0.0574,0.2288,0.3637,0.4172,189000,0.9265,0.0231
2026-07-15,033790,6090,509096729570,4781617874,23872111827,-0.3111,-0.3886,0.1734,0.4746,0.7857,18550,0.3283,0.067
2026-07-06,033830,1633,0,21452111,97390417,-0.244,-0.4557,-0.4758,-0.5451,-0.3011,3700,0.4414,0.0266
2026-07-06,033920,7570,0,406361657,489111585,0.0161,-0.1228,-0.1208,-0.0207,-0.0368,10400,0.7279,0.014
2026-07-15,034020,73300,46953132001800,271789972487,396203390892,-0.2904,-0.2618,-0.1243,0.1842,0.4746,136400,0.5374,0.0427
2026-06-25,034120,11050,204991179900,311909745,485856115,-0.2246,-0.3347,-0.4278,-0.596,-0.3714,27450,0.4026,0.0189
2026-07-15,034220,10780,5395000000000,55207175827,163908437020,-0.2261,-0.1292,-0.1186,0.1324,0.3585,16690,0.6459,0.0534
2026-07-15,034230,10480,983724036840,9558792246,10800289772,-0.3221,-0.3087,-0.3367,-0.3265,-0.0044,23650,0.4431,0.0434
2026-06-25,034310,10940,402123297580,840307825,723591469,-0.1552,-0.2307,-0.2225,-0.1062,0.049,15430,0.709,0.0218
2026-06-24,034590,25700,112431177800,51787476,72380634,-0.0302,-0.0428,-0.0265,0.0039,0.0341,27600,0.9312,0.0056
2026-07-15,034730,620000,44734167751000,274359841583,183924681198,-0.0788,0.774,1.2182,2.0024,2.0812,858000,0.7226,0.0584
2026-06-26,03473K,494000,280236825000,2157684837,1815485062,0.1488,0.9147,1.5716,1.9634,1.8146,494000,1.0,0.0408
2026-07-06,034810,6400,0,342501505,373714068,0.0256,-0.116,-0.2677,-0.205,-0.2306,8930,0.7167,0.031
2026-07-06,03481K,6000,0,14772678,36817030,-0.0083,-0.1513,-0.4175,-0.2434,-0.2351,12800,0.4688,0.0237
2026-06-25,034830,1095,276475706850,978214980,1296751337,-0.1954,-0.3266,-0.1616,-0.1303,0.0651,1744,0.6279,0.0256
2026-07-06,034940,583,0,3860891586,1377784869,-0.1072,-0.3352,-0.4245,-0.4394,-0.3322,1269,0.4594,0.0854
2026-07-03,034950,101700,0,234499625,326212300,0.015,0.0099,0.0099,0.0367,0.0217,113900,0.8929,0.009
2026-06-24,035000,6820,110536132080,269126027,321931478,-0.0895,-0.2079,-0.2627,-0.1279,-0.0384,9300,0.7333,0.0204
2026-07-06,035080,9510,0,279259787,393463717,0.1032,-0.1788,-0.1658,-0.3432,-0.4464,16000,0.5944,0.0378
2026-06-24,035150,9660,193478604060,460873277,465917124,-0.1672,-0.2517,-0.2844,-0.3402,-0.173,15660,0.6169,0.0201
2026-07-06,035200,3000,0,173809133,1383478492,-0.0446,-0.1713,-0.2105,-0.1678,-0.1232,5050,0.5941,0.0519
2026-07-15,035250,14470,3085022010000,7027121421,10735405652,-0.1051,-0.1397,-0.1997,-0.2396,-0.1345,20550,0.7041,0.0162
2026-07-06,035290,2205,0,43336990,113951914,-0.0222,-0.1938,-0.3022,-0.4205,-0.3983,5005,0.4406,0.0605
2026-07-15,035420,190300,29835100404200,223666962180,468746257963,-0.2136,-0.0437,-0.2418,-0.2478,-0.0342,287000,0.6631,0.0463
2026-07-06,035460,2190,0,410472077,5507788155,-0.2302,-0.1412,0.1448,-0.0374,0.1928,6200,0.3532,0.0873
2026-06-25,035510,12700,177557430000,3594687433,5589891356,-0.2185,-0.3923,-0.2764,-0.1168,0.1017,24150,0.5259,0.0416
2026-07-06,035600,9550,0,818441052,1015236434,-0.0245,-0.08,-0.1206,-0.1593,-0.1348,12830,0.7443,0.0204
2026-07-06,035610,3815,0,172543069,145353705,0.1456,0.1058,0.0777,-0.1024,-0.248,4450,0.8573,0.0222
2026-07-06,035620,712,0,90064219,354504743,-0.348,-0.358,-0.5674,-0.6803,-0.3323,2218,0.321,0.0661
2026-07-15,035720,35350,15637231771000,61382388221,89437535403,-0.1261,-0.2479,-0.3884,-0.4059,-0.2798,67700,0.5222,0.0293
2026-07-15,035760,29650,649102958400,2609192598,3828983861,-0.2156,-0.4468,-0.5218,-0.5899,-0.3743,80000,0.3706,0.028
2026-07-03,035810,4325,279032500125,1001366910,1001366910,0.0,0.0,0.0,0.0,0.0,4325,1.0,0.0
2026-07-07,035890,2180,500982436260,1034165573,1034165573,0.0,0.0,0.0,0.0,0.0,2180,1.0,0.0
2026-07-15,035900,47500,1687793370000,10990917255,12317157311,-0.1472,-0.203,-0.3357,-0.3375,-0.1903,85000,0.5588,0.0334
2026-07-03,036000,2835,0,214215946,218462706,-0.1028,-0.1014,-0.1525,-0.325,-0.2222,4820,0.5882,0.0269
2026-07-06,036010,7030,0,4814294457,5461763065,-0.3467,-0.1374,-0.0099,0.2875,0.6342,13430,0.5235,0.0724
2026-07-03,036030,4495,0,179645611,220508532,-0.026,-0.0827,-0.2277,-0.0808,-0.0548,6030,0.7454,0.0167
2026-07-06,036090,1415,0,2532535204,3650620257,-0.0235,-0.1632,-0.2082,-0.3568,-0.3333,2517,0.5622,0.0665
2026-07-03,036120,1549,0,346561860,288674609,-0.0438,-0.2499,-0.2812,-0.3678,-0.324,2560,0.6051,0.0233
2026-07-06,036170,3005,184403706130,1576795866,1576795866,0.0,0.0,0.0,0.0,0.0,3005,1.0,0.0
2026-07-06,036190,32300,0,377858495,534513581,-0.0046,-0.1258,0.0487,-0.0062,-0.0016,40700,0.7936,0.023
2026-07-07,036200,8630,264632244490,1467745055,1467745055,0.0,0.0,0.0,0.0,0.0,8630,1.0,0.0
2026-07-06,036220,5930,0,162649148,1422600858,-0.1215,-0.2982,-0.5079,-0.6999,-0.5784,19910,0.2978,0.0506
2026-06-26,036420,4995,96215228460,178672844,451969558,-0.0244,-0.2121,-0.4955,-0.5909,-0.5665,13640,0.3662,0.0438
2026-07-15,036460,32700,3014019450000,5946445463,9096852157,-0.1004,-0.0866,-0.1417,-0.2534,-0.153,47350,0.6906,0.0168
2026-07-06,036480,5910,0,80757651,133121914,-0.1086,-0.2213,-0.2078,-0.2801,-0.1715,9880,0.5982,0.0264
2026-07-27,036530,48750,794814442500,905056777,1079758238,-0.0122,-0.22,-0.1295,-0.1955,-0.1833,88200,0.5527,0.0251
2026-07-15,036540,5990,988406421030,14355986149,68846701080,-0.1681,-0.1281,0.0454,0.8374,1.0055,11010,0.5441,0.0689
2026-07-06,036560,11700,0,94201874,233421575,-0.0472,-0.2127,-0.2683,-0.029,0.0182,17150,0.6822,0.0217
2026-07-15,036570,228500,4922809027000,25598578525,39821936379,-0.1245,-0.0439,0.0066,0.1119,0.2364,338000,0.676,0.0421
2026-06-24,036580,2320,85208827760,341747006,384612608,-0.1788,-0.3126,-0.0569,-0.1502,0.0286,4115,0.5638,0.0336
2026-07-07,036620,4245,381468197280,1737684278,1737684278,0.0,0.0,0.0,0.0,0.0,4245,1.0,0.0
2026-07-06,036630,6310,0,228318055,310179913,-0.4315,-0.4157,-0.3903,0.1137,0.5452,14540,0.434,0.0517
2026-07-06,036640,4600,0,243142088,323768169,-0.0043,-0.0744,-0.1575,-0.1741,-0.1698,5710,0.8056,0.016
2026-07-06,036670,5230,0,66598675,126983936,0.0275,-0.1166,-0.2194,-0.2665,-0.294,7480,0.6992,0.0169
2026-07-06,036690,2885,0,0,0,0.0,0.0,0.0,0.0,0.0,2885,1.0,0.0
2026-07-06,036710,3600,190179914400,1363490849,1363490849,0.0,0.0,0.0,0.0,0.0,3600,1.0,0.0
2026-07-06,036800,31550,287105000000,1532825600,1532825600,0.0,0.0,0.0,0.0,0.0,31550,1.0,0.0
2026-07-07,036810,22050,477377847450,2149497850,2149497850,0.0,0.0,0.0,0.0,0.0,22050,1.0,0.0
2026-07-07,036830,34600,709437742600,1238571075,1238571075,0.0,0.0,0.0,0.0,0.0,34600,1.0,0.0
2026-07-06,036890,14060,0,1758224378,4019761321,0.0064,-0.0929,0.0782,0.2205,0.2141,20550,0.6842,0.0444
2026-07-15,036930,214000,10086403257000,491663701180,557218617235,-0.0552,2.3807,5.123,5.7829,5.8381,250500,0.8543,0.1111
2026-07-03,037030,4090,104348137280,1225222677,1225222677,0.0,0.0,0.0,0.0,0.0,4090,1.0,0.0
2026-07-07,037070,7550,151000000000,68361215225,68361215225,0.0,0.0,0.0,0.0,0.0,7550,1.0,0.0
2026-07-06,037230,1415,0,174616573,1979073010,-0.1151,-0.4788,-0.2795,-0.3012,-0.1861,3410,0.415,0.036
2026-06-24,037270,3360,213908049600,1530389064,2878308233,-0.2103,-0.3672,-0.4862,-0.5116,-0.3013,10360,0.3243,0.0313
2026-07-06,037330,996,0,80908678,122017179,-0.0945,-0.2622,-0.2996,-0.2756,-0.1811,1570,0.6344,0.0382
2026-07-07,037350,8650,131566500000,1680356870,1680356870,0.0,0.0,0.0,0.0,0.0,8650,1.0,0.0
2026-07-06,037370,3020,0,66501833,146508385,-0.1234,-0.4008,-0.4559,-0.5065,-0.3831,6850,0.4409,0.0345
2026-07-06,037400,663,0,119349448,106363688,-0.265,-0.3115,-0.3317,-0.4164,-0.1514,1163,0.5701,0.0272
2026-07-06,037440,3910,0,6775567154,12028363600,-0.218,-0.0381,-0.1618,-0.2786,-0.0606,7460,0.5241,0.0791
2026-07-15,037460,35500,577675678800,4333742295,14802183919,-0.1288,0.2369,1.1686,2.0577,2.1865,56400,0.6294,0.0635
2026-06-25,037560,1725,133595842125,16445910145,5744563008,-0.2123,-0.2384,-0.2752,-0.3478,-0.1355,3315,0.5204,0.0529
2026-06-25,037710,40700,310425900400,5411479405,2181169454,0.1579,0.0449,0.2799,0.4059,0.248,42900,0.9487,0.039
2026-07-06,037760,2455,0,123427543,118542170,0.0145,0.1366,0.4093,0.4754,0.4609,2530,0.9704,0.0174
2026-07-06,037950,3120,0,112964272,182912043,0.1796,-0.1936,-0.2783,-0.381,-0.5606,5111,0.6104,0.0365
2026-07-06,038010,6030,0,224328604,232371997,0.0067,-0.0211,0.0017,-0.0766,-0.0833,7640,0.7893,0.025
2026-07-06,038060,778,0,227733124,5311285451,-0.2029,0.0387,0.2508,-0.1507,0.0522,1710,0.455,0.0934
2026-07-06,038070,4480,0,128734964,694504338,-0.1335,-0.2656,-0.3222,-0.4081,-0.2746,7824,0.5726,0.0266
2026-07-06,038110,2015,0,736740166,9108112569,-0.1498,-0.4931,-0.325,-0.3633,-0.2135,4300,0.4686,0.0319
2026-07-06,038290,12550,0,494507843,612816945,0.0072,-0.2052,-0.2691,-0.194,-0.2012,19520,0.6429,0.0295
2026-07-06,038390,10060,0,189899198,375427444,0.0414,-0.0049,-0.1651,-0.1672,-0.2086,13010,0.7733,0.0164
2026-07-06,038460,2590,0,522839423,1526464357,-0.11,-0.3533,-0.2962,-0.2547,-0.1447,6250,0.4144,0.038
2026-07-15,038500,7960,860092958820,9096933583,31541107645,-0.312,-0.5262,0.7342,1.438,1.75,20200,0.3941,0.0452
2026-07-06,038530,863,0,97363976,488625778,-0.1247,-0.4848,-0.2838,-0.3462,-0.2215,2580,0.3345,0.0378
2026-07-06,038540,2130,0,174021553,203290411,0.0796,0.0071,0.2537,-0.0274,-0.107,2345,0.9083,0.027
2026-07-06,038620,1820,0,88912451,132998508,-0.0785,-0.2448,-0.3964,-0.4286,-0.3501,3225,0.5643,0.0283
2026-07-06,038680,3150,0,334743179,5426395222,-0.1164,-0.1076,-0.0694,-0.3907,-0.2743,5610,0.5615,0.0513
2026-07-06,038870,1610,0,54665136,205107986,-0.2477,-0.4773,-0.4756,-0.6243,-0.3766,4210,0.3824,0.0373
2026-07-06,038880,2590,0,118357689,173513401,-0.322,-0.6046,-0.6658,-0.7748,-0.4528,14750,0.1756,0.0692
2026-07-06,038950,2890,0,39074012,70778361,-0.0399,-0.1108,-0.1025,-0.155,-0.1151,3775,0.7656,0.0253
2026-07-06,039010,7510,0,715718433,1139317517,-0.2429,-0.1038,-0.2329,-0.0636,0.1793,12340,0.6086,0.0425
2026-07-06,039020,2740,0,201357828,242766996,-0.042,-0.1133,-0.3628,-0.4292,-0.3872,5330,0.5141,0.0303
2026-07-15,039030,383500,4724547425000,82679611112,78118506700,-0.2253,-0.2173,0.2351,1.0302,1.2555,612000,0.6266,0.0766
2026-06-23,039130,33550,519687218600,1936464898,2310219071,-0.0405,-0.0834,-0.2336,-0.251,-0.2105,57600,0.658,0.0218
2026-07-15,039200,29700,1124790374400,7401180067,10889343679,-0.2355,-0.462,-0.3747,-0.01,0.2255,62000,0.479,0.0414
2026-07-06,039240,2045,0,364515512,1972446326,-0.0951,-0.2369,-0.2683,-0.3393,-0.2442,3175,0.6441,0.0276
2026-07-06,039290,3730,0,133844259,105558411,0.1269,-0.159,-0.4013,-0.4746,-0.6015,7010,0.5321,0.0383
2026-07-06,039310,1042,0,99384081,276379585,-0.0688,-0.4008,-0.2082,-0.3496,-0.2808,2500,0.4168,0.0441
2026-07-06,039340,4810,0,53048448,64787591,0.0389,-0.0322,-0.1349,-0.1349,-0.1738,6350,0.7575,0.0124
2026-07-06,039420,2630,0,156440258,302598935,-0.015,-0.0772,-0.082,-0.1994,-0.1844,3250,0.8092,0.0236
2026-07-07,039440,25500,395429698500,2429949075,2429949075,0.0,0.0,0.0,0.0,0.0,25500,1.0,0.0
2026-07-15,039490,330500,8642230122000,40518741350,60072952000,-0.1526,-0.2854,0.0783,0.4821,0.6347,495500,0.667,0.0519
2026-07-06,039560,2530,0,802069590,3682761848,-0.2698,-0.481,-0.1678,-0.1746,0.0952,5700,0.4439,0.0395
2026-06-25,039570,7430,192864975430,182148890,212164426,-0.0571,-0.1279,-0.129,-0.1844,-0.1273,9950,0.7467,0.0141
2026-07-06,039610,5620,0,552058173,6311857003,-0.1599,-0.2931,-0.3349,-0.4708,-0.3109,11430,0.4917,0.0449
2026-07-06,039740,2945,0,635972588,607011791,-0.1932,-0.227,-0.0051,0.0017,0.1949,5050,0.5832,0.0408
2026-07-07,039830,22100,237859869000,1786352400,1786352400,0.0,0.0,0.0,0.0,0.0,22100,1.0,0.0
2026-07-06,039840,12840,0,356483380,580826484,-0.0689,-0.1965,-0.2284,-0.3274,-0.2585,19450,0.6602,0.0233
2026-07-06,039860,3840,0,1064240428,3901018312,-0.1409,-0.2396,-0.3876,0.0726,0.2135,7670,0.5007,0.0555
2026-07-06,039980,4560,0,793455540,7837736056,-0.3284,-0.3867,-0.4821,-0.6879,-0.3595,14509,0.3143,0.0647
2026-07-06,040160,7210,0,382734253,1148575483,-0.3268,-0.2746,0.8949,1.1363,1.4631,18140,0.3975,0.063
2026-07-06,040300,2060,0,139834405,1717339984,-0.1417,-0.3471,-0.4593,-0.3179,-0.1762,4435,0.4645,0.0276
2026-07-06,040350,8140,0,3057450378,1786751855,0.0409,1.4119,0.9854,0.2456,0.2047,11950,0.6812,0.0966
2026-07-06,040420,5880,0,157071567,182675379,0.037,0.0138,-0.087,-0.0501,-0.0871,6620,0.8882,0.0076
2026-07-03,040610,3275,0,144439117,160087552,0.0031,-0.2184,-0.1071,-0.0913,-0.0944,4630,0.7073,0.0321
2026-07-06,040910,4060,0,171625457,477884690,-0.0978,-0.207,0.0491,-0.058,0.0398,6470,0.6275,0.0378
2026-07-03,041020,3195,158739718635,2386688169,2386688169,0.0,0.0,0.0,0.0,0.0,3195,1.0,0.0
2026-07-07,041190,4580,384720000000,1561741652,1561741652,0.0,0.0,0.0,0.0,0.0,4580,1.0,0.0
2026-07-06,041440,6880,0,1509213033,5630898027,-0.1378,-0.1721,-0.1475,-0.1896,-0.0518,10430,0.6596,0.043
2026-07-06,041460,3595,0,304771061,856868340,0.1182,-0.0662,-0.0601,-0.2708,-0.389,4675,0.769,0.0312
2026-07-15,041510,70700,1623233521000,8150742917,9958605478,-0.1461,-0.176,-0.4003,-0.479,-0.3329,153000,0.4621,0.0468
2026-07-06,041520,8280,0,202889425,487377138,-0.08,-0.0394,0.15,-0.0236,0.0564,13200,0.6273,0.0428
2026-07-06,041590,2370,0,0,0,0.0,0.0,0.0,0.0,0.0,2370,1.0,0.0
2026-06-25,041650,2025,43479686250,80800857,120523196,-0.2136,-0.243,-0.2514,-0.3159,-0.1023,3020,0.6705,0.0212
2026-07-15,041830,55000,737404245400,7454387288,5143014118,0.2088,0.8739,0.746,1.3305,1.1217,62000,0.8871,0.0643
2026-07-06,041910,5140,0,410183628,4843861705,-0.1199,-0.2529,-0.1629,-0.3732,-0.2533,8920,0.5762,0.0412
2026-07-03,041920,10890,202534648470,1177093995,1177093995,0.0,0.0,0.0,0.0,0.0,10890,1.0,0.0
2026-07-03,041930,4560,0,248294369,893187263,-0.1813,-0.2657,-0.3194,-0.2425,-0.0612,7550,0.604,0.0366
2026-07-06,041960,7800,576314661000,1081047035,1081047035,0.0,0.0,0.0,0.0,0.0,7800,1.0,0.0
2026-07-03,042000,17700,427953591300,1054695890,1054695890,0.0,0.0,0.0,0.0,0.0,17700,1.0,0.0
2026-07-06,042040,4620,0,43329743,138149844,-0.23,-0.6395,-0.7292,-0.8357,-0.6057,25634,0.1802,0.067
2026-07-06,042110,1194,0,712338714,671996010,-0.0808,-0.1668,-0.0815,-0.1639,-0.0831,1601,0.7458,0.0245
2026-07-07,042370,8710,228202217750,1947851930,1947851930,0.0,0.0,0.0,0.0,0.0,8710,1.0,0.0
2026-07-03,042420,22250,0,247283080,532922066,0.0446,-0.0632,-0.11,-0.247,-0.2916,30650,0.7259,0.0322
2026-07-06,042500,4120,0,824527967,5943841827,0.0,0.0551,0.0352,0.0246,0.0246,6350,0.6488,0.0531
2026-07-06,042510,7350,0,1097326002,9058059871,-0.202,-0.1404,-0.1932,-0.444,-0.242,15410,0.477,0.077
2026-07-07,042520,25250,360099516750,11215519000,11215519000,0.0,0.0,0.0,0.0,0.0,25250,1.0,0.0
2026-07-06,042600,10290,0,276808644,1095575801,-0.2981,-0.4186,-0.151,0.4193,0.7174,22000,0.4677,0.0534
2026-07-15,042660,81000,24666278217000,236274235145,240685216635,-0.3731,-0.3256,-0.3755,0.0519,0.425,149900,0.5404,0.0558
2026-07-15,042700,264500,25210076900000,284783696155,410774275822,-0.1948,-0.0434,0.4243,1.7754,1.9702,409500,0.6459,0.0835
2026-07-06,042940,7600,0,6225988177,8254521454,0.1144,-0.044,-0.3391,-0.4316,-0.546,15750,0.4825,0.0797
2026-07-06,043090,1140,0,0,0,0.0,0.0,0.0,0.0,0.0,1140,1.0,0.0
2026-07-06,043100,520,0,0,0,0.0,0.0297,-0.6752,-0.8736,-0.8736,5220,0.0996,0.0
2026-07-06,043150,18440,0,420444281,683668919,-0.0102,-0.1463,-0.0663,-0.1637,-0.1535,27350,0.6742,0.0261
2026-07-06,043200,612,0,1416895668,834732099,-0.1404,-0.3489,-0.2113,-0.5613,-0.4209,1612,0.3797,0.0523
2026-07-06,043220,1710,0,0,0,0.0,0.0,0.0,0.0,0.0,1710,1.0,0.0
2026-07-15,043260,19610,1403217984060,70741929355,126294387123,-0.517,-0.5915,0.7416,15.5765,16.0935,53200,0.3686,0.0867
2026-07-06,043340,893,0,127339771,163043338,0.0811,-0.1495,0.1107,-0.1446,-0.2257,1310,0.6817,0.0384
2026-07-06,043360,2225,0,42144125,111167066,-0.11,-0.1206,-0.0067,-0.0729,0.0371,3915,0.5683,0.0593
2026-07-06,043370,11730,0,362641720,479178740,-0.0401,-0.0624,-0.0143,0.0831,0.1232,13650,0.8593,0.0269
2026-07-06,043590,890,0,45875186,173502923,-0.1188,-0.3308,-0.297,-0.3154,-0.1966,2658,0.3348,0.0384
2026-07-06,043610,1423,0,99059728,172421950,-0.0411,-0.153,-0.2435,-0.3745,-0.3334,2345,0.6068,0.0203
2026-07-06,043650,3755,0,4784513083,1727886309,0.0431,-0.0785,-0.0974,-0.1976,-0.2407,4915,0.764,0.0398
2026-07-06,043710,3695,0,17478712,49188996,-0.0622,-0.1367,-0.0854,-0.2825,-0.2203,6275,0.5888,0.0274
2026-07-06,043910,3170,0,135502298,194734242,0.0497,-0.3368,-0.4928,-0.5883,-0.638,7740,0.4096,0.0409
2026-07-06,044180,205,0,0,0,0.0,0.0,-0.6502,-0.6645,-0.6645,916,0.2238,0.0
2026-07-06,044340,4130,0,740317633,395092291,0.0826,-0.1351,-0.2952,-0.3971,-0.4797,7870,0.5248,0.0395
2026-06-25,044380,964,12432048624,176380564,846834592,-0.485,-0.4926,-0.5578,-0.4817,0.0033,2825,0.3412,0.0508
2026-06-24,044450,9390,216776413200,719765747,5091453554,-0.144,-0.091,-0.0219,-0.0685,0.0755,13640,0.6884,0.0278
2026-07-06,044480,1123,0,134876771,659729928,0.1208,-0.3235,-0.2438,-0.2563,-0.3771,3180,0.3531,0.0708
2026-07-07,044490,26950,539198917950,1127538100,1127538100,0.0,0.0,0.0,0.0,0.0,26950,1.0,0.0
2026-07-06,044780,1290,0,70474951,828247155,0.0445,-0.1284,-0.0611,-0.0487,-0.0932,1747,0.7384,0.0348
2026-06-24,044820,16730,160673598330,529699080,1056694129,-0.1697,0.0717,0.2053,-0.0101,0.1596,24700,0.6773,0.044
2026-07-06,044960,3075,0,116497519,338438860,-0.0097,-0.18,-0.309,-0.3027,-0.293,4500,0.6833,0.0225
2026-07-06,044990,12040,0,413863354,1427463241,-0.0674,-0.1984,-0.2262,-0.1491,-0.0817,23950,0.5027,0.0483
2026-07-06,045060,2135,0,122752794,170419685,0.0569,-0.0469,-0.0953,-0.1725,-0.2294,2680,0.7966,0.0194
2026-07-15,045100,33950,596750000000,6525698251,6040729277,0.0319,0.0934,0.4265,0.8461,0.8142,38400,0.8841,0.0618
2026-07-06,045300,2555,0,103343103,181378980,-0.1159,-0.1295,-0.1412,-0.1829,-0.067,3550,0.7197,0.0275
2026-07-03,045340,6240,0,301009841,423684849,-0.0714,-0.0983,-0.1211,-0.0295,0.0419,9600,0.65,0.0337
2026-07-07,045390,2660,187459182820,1034889235,1034889235,0.0,0.0,0.0,0.0,0.0,2660,1.0,0.0
2026-07-06,045510,719,0,62004223,703761920,-0.1221,-0.2923,-0.2046,-0.2479,-0.1258,1686,0.4265,0.0725
2026-07-06,045520,3010,0,634048529,252779424,0.2387,-0.0753,-0.1351,-0.3213,-0.56,4490,0.6704,0.0621
2026-07-06,045660,7870,0,287431639,394505611,-0.1147,-0.1492,-0.2169,-0.4952,-0.3805,15540,0.5064,0.0242
2026-07-06,045970,2785,0,420741204,821970601,-0.2493,-0.4124,-0.5494,-0.2785,-0.0292,7670,0.3631,0.0496
2026-07-06,046070,10280,0,0,0,0.0,0.0,0.0,0.0,0.0,10280,1.0,0.0
2026-07-06,046120,5320,0,2533282287,15363176126,-0.2897,-0.5325,0.3908,0.0231,0.3128,13990,0.3803,0.0489
2026-07-06,046210,1478,0,121629546,316533447,0.0408,-0.3574,-0.1042,-0.261,-0.3018,2650,0.5577,0.0347
2026-07-06,046310,2075,0,95326713,531566391,-0.0653,-0.2732,-0.4346,-0.2732,-0.2079,4515,0.4596,0.0403
2026-07-06,046390,1904,0,1140868558,532785397,0.1863,-0.239,-0.3434,-0.4018,-0.5881,4156,0.4581,0.0617
2026-07-06,046440,4035,0,381220663,502299902,-0.0049,-0.1629,-0.1782,-0.3396,-0.3347,6100,0.6615,0.0204
2026-07-15,046890,9430,552152138000,5864875473,27291365641,-0.2785,-0.1019,0.5408,0.3433,0.6218,18280,0.5159,0.071
2026-07-03,046940,3975,0,5487685028,3212031812,0.1708,-0.1461,0.1623,0.3731,0.2023,6100,0.6516,0.0531
2026-07-07,046970,4570,200280245430,3269118735,3269118735,0.0,0.0,0.0,0.0,0.0,4570,1.0,0.0
2026-07-15,047040,16370,6763539721480,125630685046,423734468848,-0.4036,-0.3107,3.4911,2.9163,3.3199,37150,0.4406,0.0659
2026-07-15,047050,50900,8954469909200,24721256445,42305685800,-0.2205,-0.3195,0.0637,-0.002,0.2185,87300,0.583,0.0371
2026-07-03,047080,1072,0,1042350299,970685184,-0.2872,-0.1982,-0.1059,-0.2477,0.0395,1691,0.6339,0.047
2026-07-07,047310,3085,112944179175,6571158036,6571158036,0.0,0.0,0.0,0.0,0.0,3085,1.0,0.0
2026-06-24,047400,976,40992000000,319025703,1609388324,-0.3467,-0.3827,-0.3014,-0.4272,-0.0805,2260,0.4319,0.0362
2026-07-06,047560,7910,0,741494504,876852815,-0.2689,-0.3892,-0.5168,-0.6752,-0.4063,24700,0.3202,0.0403
2026-07-07,047770,2905,109932758810,1029963156,1029963156,0.0,0.0,0.0,0.0,0.0,2905,1.0,0.0
2026-07-15,047810,148400,14416568325300,66255429430,102791179575,-0.042,-0.2291,0.0392,0.6693,0.7113,202000,0.7347,0.0395
2026-07-06,047820,3430,0,130218308,605340621,-0.1425,-0.2213,-0.216,-0.4066,-0.2641,7450,0.4604,0.0423
2026-07-06,047920,12080,0,1403442876,1920550178,0.069,-0.2464,-0.1611,-0.3101,-0.3791,20900,0.578,0.0376
2026-07-15,048410,6870,660098112480,6578612510,25687099974,-0.2821,-0.49,0.415,0.5099,0.792,20000,0.3435,0.0585
2026-07-06,048430,5870,0,184082297,1135662336,-0.0623,-0.1959,-0.2806,-0.3507,-0.2884,9140,0.6422,0.0346
2026-07-06,048470,2615,0,275495945,1239329425,-0.1014,-0.2003,-0.0727,-0.3676,-0.2662,4550,0.5747,0.0343
2026-07-06,048530,2420,0,368992768,1327614539,-0.0987,-0.3486,-0.2798,-0.3722,-0.2735,6650,0.3639,0.041
2026-07-06,048550,1598,0,2006364318,899049820,0.8844,0.4674,0.2245,0.0718,-0.8126,1786,0.8947,0.0464
2026-07-06,048770,3240,0,1018250528,5492283957,-0.352,0.0891,0.1739,0.7026,1.0546,9370,0.3458,0.0943
2026-07-06,048830,906,0,53618609,108287056,0.026,-0.1065,-0.0746,-0.1726,-0.1986,1191,0.7607,0.0346
2026-07-06,048870,1690,0,633306610,607616652,-0.0447,-0.1634,-0.2489,-0.3964,-0.3517,3065,0.5514,0.0279
2026-07-06,048910,4755,0,202166249,411909716,-0.0749,-0.3477,-0.3904,-0.5929,-0.518,12400,0.3835,0.0294
2026-07-06,049070,17000,292400000000,1184555700,1184555700,0.0,0.0,0.0,0.0,0.0,17000,1.0,0.0
2026-07-06,049080,5050,0,1200491399,26289724449,-0.5422,-0.7531,-0.002,-0.0525,0.4897,28550,0.1769,0.0861
2026-07-06,049120,2020,0,355606132,490382479,0.0745,-0.397,-0.4111,-0.557,-0.6315,4675,0.4321,0.0881
2026-07-06,049180,1009,0,0,0,0.0,0.0,-0.4678,0.0991,0.0991,2570,0.3926,0.0
2026-07-06,049430,19990,0,626482983,666066561,0.1118,-0.0681,0.3238,0.9351,0.8233,23150,0.8635,0.0247
2026-07-06,049470,1470,0,67227332,243109126,-0.1297,-0.5532,-0.6711,-0.365,-0.2353,18400,0.0799,0.0562
2026-07-06,049480,1871,0,439991953,7765513658,-0.1572,-0.1112,-0.2072,-0.4234,-0.2662,3630,0.5154,0.0562
2026-07-06,049520,3460,0,304838339,507248835,-0.0308,-0.1207,-0.0029,-0.099,-0.0682,4285,0.8075,0.0173
2026-07-06,049550,3095,0,32311763,71722370,0.0265,-0.0403,-0.0328,-0.0977,-0.1242,4120,0.7512,0.024
2026-07-06,049630,6940,162253813280,1592288585,1592288585,0.0,0.0,0.0,0.0,0.0,6940,1.0,0.0
2026-07-03,049720,9450,0,294278113,395826557,-0.0217,-0.078,-0.133,-0.0948,-0.0731,11230,0.8415,0.0077
2026-06-25,049800,1769,35380000000,98552489,585701520,-0.1848,-0.3022,-0.0615,-0.1155,0.0693,3460,0.5113,0.0416
2026-07-06,049830,6560,0,12970178,24195777,-0.0046,-0.1075,-0.2442,-0.2815,-0.2769,9390,0.6986,0.0176
2026-07-06,049950,10630,0,389382490,989606573,-0.106,-0.1947,-0.3809,-0.3422,-0.2362,21400,0.4967,0.0438
2026-07-06,049960,15280,0,185414543,408078369,-0.0643,0.0791,0.1178,0.1827,0.247,18110,0.8437,0.0253
2026-07-06,050090,397,0,52397867,55240580,-0.3167,-0.4569,-0.5589,-0.4949,-0.1782,1267,0.3133,0.0449
2026-07-06,050110,827,0,388010579,1377625162,-0.3493,-0.5547,-0.6205,-0.8032,-0.4539,5143,0.1608,0.0779
2026-07-06,050120,2870,0,135682400,114494652,0.025,0.1619,0.0106,-0.012,-0.037,3200,0.8969,0.0538
2026-07-06,050760,1584,0,1454555249,609368148,0.4613,0.0812,0.142,-0.0038,-0.4651,1717,0.9225,0.0545
2026-07-06,050860,1792,0,89850110,131900285,-0.0138,-0.104,-0.0493,-0.2276,-0.2138,2370,0.7561,0.0175
2026-07-15,050890,9910,605135078640,10528237741,68539912782,-0.2264,-0.4288,0.3841,0.4117,0.6381,18850,0.5257,0.0484
2026-07-06,050960,8030,0,45869930,185441482,0.0203,-0.0706,-0.1722,-0.295,-0.3153,12820,0.6264,0.0258
2026-07-06,051160,7170,0,343418620,467295129,-0.0992,-0.1093,-0.1505,-0.3511,-0.2519,12140,0.5906,0.025
2026-07-03,051360,16090,0,734852970,1002008001,-0.0667,0.0261,0.0229,0.1158,0.1825,20350,0.7907,0.0254
2026-07-03,051370,7300,170290545600,1306116950,1306116950,0.0,0.0,0.0,0.0,0.0,7300,1.0,0.0
2026-07-06,051380,1734,0,99571679,259163202,0.0593,-0.1762,-0.1583,-0.2684,-0.3277,2520,0.6881,0.0377
2026-07-06,051390,4170,0,50048266,61767131,-0.0314,0.0134,0.0438,0.0916,0.123,4765,0.8751,0.0192
2026-07-06,051490,2715,0,97858969,286603517,-0.0995,-0.2209,-0.3135,-0.3127,-0.2132,4505,0.6027,0.0328
2026-07-06,051500,23000,0,569254476,945404775,-0.0295,-0.2203,-0.1466,-0.18,-0.1505,36050,0.638,0.0331
2026-07-15,051600,44450,1993500000000,6037125238,9513238904,-0.1501,-0.2229,-0.1002,-0.2147,-0.0646,67500,0.6585,0.0496
2026-06-25,051630,1791,37969200000,3376284596,1371945788,-0.073,-0.1841,-0.3499,-0.1327,-0.0597,3465,0.5169,0.064
2026-07-06,051780,3000,0,412746400,553757315,-0.0276,-0.1513,-0.4619,-0.2647,-0.2371,8450,0.355,0.0813
2026-07-15,051900,239500,3571662235500,13253474837,17284465479,-0.0284,-0.0362,-0.0876,-0.2676,-0.2392,339000,0.7065,0.0331
2026-06-26,051905,90700,190340317200,867608850,931929562,-0.1108,-0.1702,-0.2037,-0.3521,-0.2413,140000,0.6479,0.0211
2026-07-15,051910,265000,18918747924000,73242422087,122613725505,-0.2789,-0.2206,-0.1587,0.0311,0.31,429500,0.617,0.0443
2026-06-26,051915,140700,1087965200000,4911822012,6655546046,-0.1223,-0.1123,-0.2353,0.3387,0.461,208000,0.6764,0.0339
2026-07-06,051980,887,0,1127697083,6272794693,-0.3454,-0.4023,-0.6562,-0.6201,-0.2747,4125,0.215,0.0674
2026-07-07,052020,7830,532309168530,1085868910,1085868910,0.0,0.0,0.0,0.0,0.0,7830,1.0,0.0
2026-07-06,052220,1955,0,157304562,879695651,-0.1369,-0.3282,-0.3622,-0.4801,-0.3432,4135,0.4728,0.0235
2026-07-06,052260,3560,0,241014302,315019188,-0.0404,-0.1264,-0.1797,-0.3047,-0.2643,5340,0.6667,0.0202
2026-07-06,052300,1438,0,174501967,161727080,-0.0231,0.0353,-0.198,-0.453,-0.4299,2713,0.53,0.0292
2026-07-06,052330,11390,0,259768585,564735762,0.0402,0.1255,0.2503,0.2448,0.2046,13730,0.8296,0.0297
2026-07-07,052400,44250,644425626750,1695466900,1695466900,0.0,0.0,0.0,0.0,0.0,44250,1.0,0.0
2026-07-03,052420,8060,0,462742825,895884713,-0.1333,-0.4065,-0.4594,-0.4753,-0.342,19020,0.4238,0.0447
2026-07-03,052460,2845,0,454926989,1155937126,-0.0469,-0.2352,0.0383,0.1267,0.1736,4455,0.6386,0.0517
2026-07-06,052600,3005,0,72040062,935642693,-0.0212,-0.1523,-0.2459,-0.4188,-0.3976,5060,0.5939,0.0268
2026-07-15,052690,96100,3672942000000,20469325087,28548670558,-0.286,-0.4252,-0.0052,0.03,0.316,194800,0.4933,0.058
2026-07-07,052710,17970,262587451620,3105381135,3105381135,0.0,0.0,0.0,0.0,0.0,17970,1.0,0.0
2026-07-06,052770,312,0,0,0,0.0,0.0,-0.6941,-0.9245,-0.9245,5810,0.0537,0.0
2026-07-03,052790,4470,0,279476711,188424973,0.042,-0.1768,-0.266,-0.3587,-0.4007,7070,0.6322,0.0344
2026-07-06,052860,4450,0,322236615,824291962,-0.2328,-0.0305,0.939,1.3861,1.6189,7150,0.6224,0.0575
2026-07-06,052900,1330,0,2888091426,6587400078,-0.1895,0.2583,0.4778,0.3394,0.5289,2060,0.6456,0.0673
2026-07-03,053030,7430,242843516840,1006398135,1006398135,0.0,0.0,0.0,0.0,0.0,7430,1.0,0.0
2026-07-06,053050,1851,0,280961125,819301144,-0.0837,-0.3306,-0.2123,-0.365,-0.2813,4010,0.4616,0.0222
2026-07-03,053060,1390,0,152408960,386677865,0.0885,0.1603,0.0868,0.0562,-0.0323,1583,0.8781,0.0296
2026-07-06,053080,9350,0,1385924743,4166821801,-0.1877,-0.0922,-0.1877,-0.2724,-0.0847,17010,0.5497,0.0597
2026-07-06,053160,9120,0,443575359,362438395,0.1136,0.1429,0.3797,0.0364,-0.0772,9600,0.95,0.0336
2026-06-25,053210,4170,198170722350,202468846,281128155,-0.0576,-0.1855,-0.2335,-0.1312,-0.0736,5470,0.7623,0.0166
2026-07-06,053260,4945,0,4668072788,8488324526,-0.001,0.1513,0.1873,0.0703,0.0713,7610,0.6498,0.0777
2026-07-03,053270,1845,0,214331022,297334729,-0.0663,-0.2065,-0.1277,-0.1652,-0.0989,2865,0.644,0.0274
2026-07-06,053280,3010,0,193254522,187174110,0.0291,-0.1147,-0.2048,-0.3492,-0.3783,4795,0.6277,0.0228
2026-07-06,053290,1295,0,45211219,83890757,-0.1793,-0.443,-0.2773,-0.5308,-0.3515,2750,0.4709,0.0362
2026-07-06,053300,4340,0,829566876,2948137764,-0.178,-0.2051,-0.2908,-0.5699,-0.3919,9250,0.4692,0.0345
2026-07-06,053350,3135,0,156607281,568622563,0.277,0.0113,-0.2793,-0.7137,-0.9907,11710,0.2677,0.0456
2026-07-06,053450,3440,0,462624670,663819544,-0.2191,-0.3113,-0.3676,-0.4407,-0.2216,6820,0.5044,0.0292
2026-07-06,053580,6290,0,201807378,439413762,-0.0804,-0.2376,-0.3659,-0.6504,-0.57,18590,0.3384,0.0301
2026-07-07,053610,64000,576000000000,1253684550,1253684550,0.0,0.0,0.0,0.0,0.0,64000,1.0,0.0
2026-07-03,053620,6590,0,41772775,70604185,-0.0164,-0.0718,-0.012,-0.0365,-0.0201,7320,0.9003,0.0125
2026-06-24,053690,17190,188360284500,3236867724,15191425655,-0.2606,-0.3645,-0.0513,-0.0343,0.2263,33200,0.5178,0.0563
2026-07-07,053700,3775,100851982675,1035789115,1035789115,0.0,0.0,0.0,0.0,0.0,3775,1.0,0.0
2026-07-06,053800,53900,0,2308754722,3105496615,-0.1002,-0.1106,-0.1525,-0.2177,-0.1175,70700,0.7624,0.023
2026-07-06,053950,1658,0,973464119,602532597,-0.2124,-0.5732,-0.5065,-0.4835,-0.2711,4825,0.3436,0.0601
2026-07-06,053980,2565,0,112868438,265074634,-0.0357,-0.1818,-0.3114,-0.3169,-0.2812,3900,0.6577,0.0179
2026-07-03,054040,4815,0,227105004,364771883,-0.0062,-0.0669,-0.0596,-0.0465,-0.0403,5800,0.8302,0.0191
2026-07-06,054050,6840,0,192290095,321867662,-0.0284,-0.1264,-0.1638,-0.1769,-0.1485,9110,0.7508,0.0147
2026-07-06,054090,982,0,180859422,691351156,0.0997,-0.0229,0.1961,0.2574,0.1577,1330,0.7383,0.0425
2026-07-06,054180,2295,0,0,0,0.0,0.0,0.0,-0.0437,-0.0437,2565,0.8947,0.0
2026-07-06,054210,7330,0,1454858946,5038455344,-0.2067,-0.2596,-0.1575,0.2487,0.4554,13600,0.539,0.0485
2026-07-06,054220,1461,0,130554653,307322241,-0.0829,-0.4359,-0.2603,-0.1722,-0.0893,4645,0.3145,0.0429
2026-07-06,054300,961,0,190633259,286366904,0.0234,-0.0293,-0.2516,-0.2373,-0.2607,2144,0.4482,0.0492
2026-07-06,054410,3330,0,34478280,51582507,0.1288,-0.0788,-0.0877,-0.0988,-0.2276,3955,0.842,0.0346
2026-07-06,054450,10470,158560119510,1055655535,1055655535,0.0,0.0,0.0,0.0,0.0,10470,1.0,0.0
2026-07-06,054540,7580,0,949154560,5587931950,-0.1297,-0.2781,-0.471,0.3536,0.4833,20200,0.3752,0.046
2026-07-06,054620,4195,0,294402842,1448496552,-0.0278,-0.5287,0.0232,-0.2387,-0.2109,9500,0.4416,0.0458
2026-07-06,054670,5550,0,199064490,428140463,-0.0229,-0.2238,-0.1704,-0.2745,-0.2516,7840,0.7079,0.0235
2026-07-06,054780,1424,0,67364908,142512631,-0.1094,-0.4416,-0.5618,-0.6857,-0.5763,6000,0.2373,0.0342
2026-07-03,054800,14480,0,74270118,191625356,0.007,-0.1029,0.1947,0.3712,0.3642,16670,0.8686,0.0244
2026-07-06,054920,3130,0,1237780277,21053618423,-0.2902,-0.3546,-0.3218,-0.231,0.0592,8170,0.3831,0.0639
2026-07-06,054930,17560,0,389283598,877645114,-0.1264,-0.2818,-0.2398,-0.2575,-0.1311,28400,0.6183,0.0381
2026-07-06,054940,640,0,228039317,484115701,0.0649,-0.0778,-0.0462,-0.1557,-0.2206,865,0.7399,0.038
2026-07-06,054950,21700,0,600249162,840388697,-0.0203,-0.0996,-0.1556,-0.1718,-0.1515,33800,0.642,0.0195
2026-06-25,055490,13240,63375246000,1187468787,1376442974,-0.2745,-0.112,-0.1289,-0.0371,0.2374,21900,0.6046,0.0543
2026-07-15,055550,110200,52117048837800,149860949347,146676203415,0.0328,0.1211,0.4219,0.73,0.6972,110200,1.0,0.0284
2026-07-07,056080,13000,497061318000,1859948955,1859948955,0.0,0.0,0.0,0.0,0.0,13000,1.0,0.0
2026-07-07,056090,1047,108112210692,2566084655,2566084655,0.0,0.0,0.0,0.0,0.0,1047,1.0,0.0
2026-07-06,056190,22600,811537976000,1124011725,1124011725,0.0,0.0,0.0,0.0,0.0,22600,1.0,0.0
2026-07-06,056360,5290,0,880295829,9291412529,-0.2663,-0.2388,0.0115,-0.0988,0.1675,12460,0.4246,0.0817
2026-07-06,056700,1513,0,138478059,152804689,-0.013,-0.1571,-0.1325,-0.2435,-0.2305,2020,0.749,0.0119
2026-07-06,056730,1879,0,11066022,33019881,0.0129,-0.144,-0.3839,-0.54,-0.5529,4070,0.4617,0.0356
2026-07-06,057030,2165,0,46140114,87051020,0.007,-0.1799,-0.2994,-0.4149,-0.4219,3680,0.5883,0.0205
2026-06-24,057050,81600,979200000000,1461971257,1774732349,-0.0389,0.0049,0.4571,0.4341,0.473,94200,0.8662,0.0298
2026-07-06,057540,870,0,400066272,1012138734,0.4169,0.0875,0.1313,-0.0947,-0.5116,1066,0.8161,0.0419
2026-07-06,057680,2030,0,61630733,137551987,-0.1362,-0.3642,-0.4812,-0.7255,-0.5893,8423,0.241,0.0406
2026-07-06,058110,1857,0,109885203,840769410,-0.0452,-0.3296,-0.0252,-0.1855,-0.1403,3460,0.5367,0.0392
2026-07-06,058400,544,0,141348536,257420780,-0.15,-0.2392,-0.2392,-0.2935,-0.1435,859,0.6333,0.0308
2026-06-23,058430,5210,312600000000,8298416803,16807219100,-0.0627,0.4737,0.7003,0.7384,0.8011,9130,0.7207,0.0676
2026-07-06,058450,4800,0,536473260,690579536,-0.04,0.4995,0.3415,-0.1629,-0.1229,5918,0.8111,0.097
2026-07-15,058470,77200,5891176005000,96237120025,129010293273,-0.1848,-0.3192,0.2006,0.499,0.6838,127000,0.6079,0.0511
2026-07-15,058610,69400,1543544256000,13399567537,41227189485,-0.2904,-0.3365,-0.0868,1.5191,1.8095,158100,0.439,0.0613
2026-07-06,058630,4735,0,360150510,412577459,0.0534,-0.0425,-0.2933,-0.2532,-0.3066,7120,0.665,0.0262
2026-06-25,058650,114500,485736022000,1107818327,961583047,-0.2735,-0.2835,-0.0561,0.1359,0.4094,181000,0.6326,0.0307
2026-06-25,058730,4105,81887447205,10415781909,4331143943,0.4107,0.1729,0.2235,0.2611,-0.1496,4630,0.8866,0.0676
2026-07-06,058820,971,0,719410263,1075949949,-0.1437,-0.4545,-0.4729,-0.5431,-0.3994,2140,0.4537,0.0358
2026-06-24,058850,2235,92538945750,401980867,492118482,-0.1453,-0.1235,-0.2333,-0.2266,-0.0813,3110,0.7186,0.0169
2026-06-24,058860,2440,84916880000,283710507,347420632,-0.1159,-0.1191,-0.1424,-0.1921,-0.0762,3160,0.7722,0.0141
2026-07-06,058970,16380,0,2040225792,2815562423,-0.2752,-0.3911,-0.5531,-0.7214,-0.4462,54600,0.3,0.0529
2026-07-15,059090,16190,540683468040,7144624700,16038070942,-0.2327,0.1142,0.221,0.1274,0.3601,27900,0.5803,0.0692
2026-07-06,059100,4665,0,202878578,299230930,-0.2289,-0.161,-0.1029,-0.0509,0.178,7290,0.6399,0.0347
2026-07-06,059120,5170,0,1345369529,14254770745,-0.2918,-0.2155,0.1283,0.4742,0.766,13470,0.3838,0.0699
2026-07-06,059210,3820,0,690338630,787520448,0.0596,-0.0706,-0.205,-0.3215,-0.3811,6520,0.5859,0.028
2026-07-06,059270,6010,0,694913925,2973312297,-0.2921,-0.3905,-0.3388,-0.005,0.2871,20250,0.2968,0.0487
2026-07-06,060150,3400,0,384212990,562416240,-0.0216,-0.1605,-0.2264,-0.4218,-0.4002,5810,0.5852,0.0262
2026-07-06,060230,1172,0,198950291,792448224,-0.2054,-0.5245,-0.5475,-0.7591,-0.5537,5695,0.2058,0.0626
2026-07-06,060240,1976,0,0,0,0.0,0.0,0.0,0.0,0.0,1976,1.0,0.0
2026-07-15,060250,12750,513654214690,3063023848,7954029634,-0.171,-0.2338,-0.1426,0.1816,0.3526,23800,0.5357,0.0421
2026-07-06,060260,1580,0,889143178,415857805,0.5222,0.264,0.3156,-0.1418,-0.664,1803,0.8763,0.045
2026-07-06,060280,8700,358960173000,1110440515,1110440515,0.0,0.0,0.0,0.0,0.0,8700,1.0,0.0
2026-07-06,060310,1171,0,381108161,2740935785,-0.1162,-0.0464,-0.2172,-0.539,-0.4228,2490,0.4703,0.054
2026-07-07,060370,25800,1347762433200,1995015375,1995015375,0.0,0.0,0.0,0.0,0.0,25800,1.0,0.0
2026-07-06,060380,1210,0,51238801,162478734,0.0708,-0.12,-0.2351,-0.1443,-0.2151,2250,0.5378,0.026
2026-07-06,060480,1423,0,37694791,99650739,-0.0564,-0.1459,-0.1221,-0.2262,-0.1698,1899,0.7493,0.0229
2026-07-06,060540,1059,0,97176598,119338044,-0.1816,-0.1589,-0.2144,-0.2242,-0.0426,1474,0.7185,0.024
2026-07-06,060560,2130,0,174702952,165929904,0.072,-0.4898,-0.4282,-0.4668,-0.5388,4325,0.4925,0.0377
2026-07-06,060570,898,0,78392084,164248237,0.064,-0.2912,-0.3912,-0.4815,-0.5455,2350,0.3821,0.0393
2026-07-06,060590,3075,0,212911111,410180090,-0.0611,-0.17,-0.333,-0.5119,-0.4508,7450,0.4128,0.0386
2026-07-07,060720,9840,232986029280,1067023390,1067023390,0.0,0.0,0.0,0.0,0.0,9840,1.0,0.0
2026-07-06,060850,5200,0,51544957,125162131,-0.058,-0.129,-0.1913,-0.1503,-0.0923,6780,0.767,0.0212
2026-07-06,060900,4500,0,140194724,365576356,-0.1176,-0.531,-0.6725,-0.654,-0.5364,19486,0.2309,0.0314
2026-06-23,060980,39400,357706571800,1974775832,1416912187,-0.0138,0.0439,-0.0785,0.1062,0.12,53000,0.8745,0.0282
2026-07-06,061040,8280,0,222351561,1698341718,0.1265,0.0883,-0.1302,-0.4427,-0.5692,15207,0.5445,0.0754
2026-07-07,061090,36050,197105177500,1151641900,1151641900,0.0,0.0,0.0,0.0,0.0,36050,1.0,0.0
2026-07-06,061250,8300,0,146962974,165719246,0.0349,-0.1443,-0.2851,-0.3296,-0.3645,12580,0.6598,0.0256
2026-07-03,061970,4330,251499415980,1458666515,1458666515,0.0,0.0,0.0,0.0,0.0,4330,1.0,0.0
2026-07-15,062040,178100,5489421905000,69847714810,111550459483,-0.2988,0.0301,0.3096,1.1278,1.4266,333500,0.534,0.0655
2026-07-06,062970,1214,0,3177267693,24239591331,-0.5239,-0.5585,-0.1786,-0.481,0.0429,4160,0.2918,0.0812
2026-07-06,063080,12530,0,341394386,555762425,-0.1335,-0.2501,-0.2289,-0.6342,-0.5007,32850,0.3814,0.0425
2026-06-26,063160,12670,69397419300,2333190640,1150325308,-0.2882,-0.3532,-0.3995,-0.4562,-0.168,24500,0.5171,0.0201
2026-07-06,063170,4825,0,320899462,528550846,-0.0685,-0.3107,-0.3007,-0.4845,-0.416,11450,0.4214,0.0348
2026-07-06,063440,1144,0,173857697,195416063,0.0593,-0.2419,-0.3721,-0.2886,-0.3479,2080,0.55,0.0272
2026-07-06,063570,3130,0,191119416,382917577,-0.0643,-0.2126,-0.2653,-0.3752,-0.3109,5000,0.626,0.0247
2026-07-06,063760,2495,0,118655694,400610478,-0.1276,-0.1291,0.004,0.1551,0.2827,4115,0.6063,0.0391
2026-07-06,064090,798,0,0,0,0.0,0.0,-0.3554,-0.5968,-0.5968,2775,0.2876,0.0
2026-07-06,064240,1563,0,174767056,396075562,-0.095,-0.2038,-0.1022,-0.3798,-0.2848,2430,0.6432,0.042
2026-07-07,064260,4135,312793964695,1412632031,1412632031,0.0,0.0,0.0,0.0,0.0,4135,1.0,0.0
2026-07-15,064290,41850,543433791600,20640858367,22466604885,0.0245,0.7437,2.0217,3.5048,3.4803,51800,0.8079,0.0813
2026-07-15,064350,168200,18292248306800,100412874152,153802887738,-0.2574,-0.1874,-0.2028,-0.1423,0.1151,269000,0.6253,0.0496
2026-07-15,064400,68900,6675441817200,97296489060,198728024702,-0.2583,0.1314,0.1351,-0.1155,0.1428,143700,0.4795,0.0731
2026-07-06,064480,2890,0,170266261,269071800,-0.1094,-0.2934,-0.389,-0.5167,-0.4073,7580,0.3813,0.0267
2026-07-06,064520,1551,0,33727000,66186121,-0.0485,-0.0866,-0.0668,-0.2579,-0.2094,2290,0.6773,0.0248
2026-07-06,064550,6580,0,1272426361,1919373661,-0.1846,-0.3727,-0.4883,-0.5637,-0.3791,16530,0.3981,0.0447
2026-07-15,064760,219500,2465061228000,19335522125,22142720325,-0.2004,-0.0986,0.3762,1.0514,1.2518,348500,0.6298,0.0525
2026-07-03,064800,2125,0,134828806,300419850,-0.271,-0.3929,-0.4886,-0.6429,-0.3719,6075,0.3498,0.0633
2026-07-03,064820,9000,0,844774000,3226129156,-0.1628,-0.1469,-0.1493,0.3554,0.5182,16900,0.5325,0.0488
2026-07-03,064850,26750,0,2883729127,3980812223,0.0852,0.3113,2.0537,2.4695,2.3843,32900,0.8131,0.0586
2026-06-24,064960,26850,712606303200,2189658277,2568447308,-0.1961,-0.1422,-0.2262,-0.1168,0.0793,39450,0.6806,0.0299
2026-07-06,065060,2995,0,130581166,195561085,-0.1861,0.0417,-0.2311,-0.5684,-0.3823,6695,0.4473,0.0646
2026-07-06,065130,2995,0,224095018,496814381,-0.2013,-0.005,-0.0827,-0.2321,-0.0308,4685,0.6393,0.0426
2026-07-03,065150,1450,0,0,0,0.0,0.0,0.0,0.0,0.0,1450,1.0,0.0
2026-07-07,065170,4840,135102758120,21406561465,21406561465,0.0,0.0,0.0,0.0,0.0,4840,1.0,0.0
2026-07-15,065350,28800,792911899800,6562826608,7111171925,-0.3118,-0.4839,-0.4783,-0.5771,-0.2653,80100,0.3596,0.0501
2026-07-06,065370,3020,0,57714592,135432607,-0.2053,-0.354,-0.4489,-0.6689,-0.4636,8730,0.3459,0.0335
2026-07-06,065420,178,0,101286344,2144304800,-0.0918,-0.3819,-0.2675,-0.3383,-0.2465,377,0.4721,0.0803
2026-07-06,065440,1526,0,693553637,15692007664,-0.3422,-0.4431,0.0438,-0.2138,0.1284,4845,0.315,0.0838
2026-07-06,065450,3095,0,2213811896,8789496532,-0.1282,-0.4951,-0.1182,-0.2613,-0.1331,6420,0.4821,0.0387
2026-07-06,065500,1186,0,258414075,438275240,-0.213,-0.407,-0.4843,-0.7183,-0.5053,4190,0.2831,0.0331
2026-07-06,065510,7290,0,343894807,372441881,0.0565,-0.052,-0.1936,-0.0702,-0.1267,9830,0.7416,0.019
2026-07-06,065530,1102,0,167005350,2606792933,-0.2117,-0.4531,-0.2009,-0.1639,0.0478,3075,0.3584,0.0556
2026-07-06,065570,764,0,0,0,0.0,0.0,0.0,0.0,0.0,764,1.0,0.0
2026-07-06,065650,1845,0,181258543,120187669,-0.5628,-0.532,-0.5739,-0.5679,-0.0051,12180,0.1515,0.0562
2026-07-06,065660,21800,0,501822126,821997732,-0.1742,-0.4696,-0.493,0.0211,0.1953,58000,0.3759,0.0346
2026-07-06,065680,27900,0,864418815,1740335552,-0.3277,0.105,-0.1913,-0.25,0.0777,47600,0.5861,0.0603
2026-07-03,065690,1117,0,19267211,53468682,-0.0253,-0.1639,-0.0814,0.0669,0.0922,1635,0.6832,0.0458
2026-07-03,065710,44800,0,1121815055,966049531,0.0847,0.0136,-0.2355,0.0205,-0.0642,58600,0.7645,0.0289
2026-07-06,065770,1650,0,530929150,5364100587,-0.072,-0.2558,0.047,-0.1971,-0.1251,5873,0.2809,0.0812
2026-07-06,065950,1068,0,65275608,165439671,0.0543,-0.311,-0.3747,-0.495,-0.5493,2580,0.414,0.0337
2026-07-03,066130,3290,0,87885728,138105495,-0.0532,-0.2454,-0.2721,-0.34,-0.2868,5160,0.6376,0.0221
2026-07-06,066310,7480,0,964480619,14159291570,-0.2579,-0.2983,0.0447,-0.1363,0.1216,17870,0.4186,0.0684
2026-07-03,066360,682,0,254879790,323470253,-0.1475,-0.4215,-0.087,-0.1312,0.0163,1384,0.4928,0.0349
2026-07-06,066410,1153,0,0,0,0.0,0.0,0.0,0.0,0.0,1153,1.0,0.0
2026-07-06,066430,2290,0,21045289744,22089201799,-0.3029,0.2398,0.2312,0.8543,1.1572,4295,0.5332,0.104
2026-07-15,066570,194900,31811369801400,371954456882,676869791358,-0.1671,0.6904,1.1139,1.5019,1.669,392500,0.4966,0.091
2026-06-26,066575,72500,1243926047600,62905299347,36424533277,-0.1049,0.3731,0.416,0.9836,1.0885,124400,0.5828,0.0778
2026-07-06,066590,2230,0,211597135,340178076,0.0421,-0.144,-0.047,-0.3865,-0.4286,4010,0.5561,0.0319
2026-07-03,066620,23850,0,358290362,325017287,-0.061,0.0415,0.0127,0.2768,0.3378,26100,0.9138,0.0276
2026-07-06,066670,2520,0,76552957,319306501,0.004,-0.002,-0.3019,-0.2125,-0.2165,3610,0.6981,0.0315
2026-07-06,066700,2010,0,218934835,349447627,-0.1642,-0.2872,-0.3729,-0.3355,-0.1713,3315,0.6063,0.0295
2026-07-06,066790,1493,0,0,0,0.0,0.0,0.0,0.0,0.0,1493,1.0,0.0
2026-07-06,066900,1848,0,16120417,28433326,0.0154,0.2887,-0.033,-0.2667,-0.2821,2820,0.6553,0.0216
2026-07-06,066910,1987,0,198708497,132400330,-0.4156,-0.2954,-0.3485,-0.6193,-0.2037,5410,0.3673,0.0488
2026-07-15,066970,93400,3811928886400,43394277167,93455741455,-0.3409,-0.486,-0.1036,0.7013,1.0422,213000,0.4385,0.058
2026-07-07,066980,1929,100310606079,3476772458,3476772458,0.0,0.0,0.0,0.0,0.0,1929,1.0,0.0
2026-07-06,067000,1090,0,541563147,884289117,-0.1602,-0.5166,-0.4492,-0.4473,-0.2871,3115,0.3499,0.0491
2026-07-06,067010,2135,0,46258668,88444965,0.0756,-0.0273,-0.1303,-0.2574,-0.333,2880,0.7413,0.022
2026-07-06,067080,9230,0,1029265475,1211989615,-0.2091,-0.3505,-0.4627,-0.3747,-0.1656,23300,0.3961,0.0404
2026-07-07,067160,49000,563243583000,1205832500,1205832500,0.0,0.0,0.0,0.0,0.0,49000,1.0,0.0
2026-07-06,067170,2705,0,6786864172,6837694837,0.0951,0.518,0.435,0.3036,0.2085,4250,0.6365,0.0978
2026-07-06,067280,23800,0,160840950,355482512,-0.0384,-0.1266,-0.2874,-0.3389,-0.3005,36900,0.645,0.0195
2026-07-03,067290,1663,0,51072665918,17534278843,0.2103,-0.1597,-0.1706,0.0361,-0.1742,3105,0.5356,0.0801
2026-07-15,067310,40125,2675837146500,106093389905,118259470664,-0.1991,0.2698,0.4591,2.177,2.3761,56800,0.7064,0.07
2026-07-06,067370,6400,0,663776752,391468385,0.0306,0.2648,0.0756,-0.1148,-0.1454,8290,0.772,0.0611
2026-07-06,067390,523,0,534961565,1216494210,-0.0776,-0.2634,-0.0873,-0.1166,-0.039,941,0.5558,0.0378
2026-07-06,067570,1831,0,243754438,254882082,-0.0145,-0.1503,-0.2258,-0.2175,-0.203,2450,0.7473,0.0182
2026-07-06,067630,3125,0,736871980,1277904871,-0.0142,-0.183,-0.1331,-0.4048,-0.3906,5560,0.5621,0.0339
2026-07-03,067730,2075,0,76331664,1310644592,-0.1094,-0.2214,-0.2441,-0.4561,-0.3467,4115,0.5043,0.0572
2026-07-06,067770,2110,0,99328756,60920716,0.1283,-0.0254,-0.0538,-0.1352,-0.2635,2455,0.8595,0.0523
2026-06-25,067830,2180,89469151100,289820039,254589284,-0.1941,-0.2968,-0.3155,-0.1911,0.003,4060,0.5369,0.0291
2026-07-03,067900,6370,0,1282414409,754288912,0.0208,-0.0781,-0.0619,-0.0913,-0.1121,8090,0.7874,0.0292
2026-07-06,067920,5000,0,182966783,822713081,-0.0637,-0.1667,-0.0809,-0.1228,-0.0591,8070,0.6196,0.0367
2026-07-06,067990,4090,0,525554756,1166132788,-0.0433,-0.0608,-0.1316,-0.1041,-0.0608,5610,0.7291,0.0342
2026-07-06,068050,1191,0,64822140,89925170,0.1131,-0.2438,-0.3732,-0.5236,-0.6367,2670,0.4461,0.0325
2026-07-06,068100,2135,0,34482692,72820543,-0.0339,-0.1851,-0.3057,-0.396,-0.3621,3740,0.5709,0.0248
2026-07-06,068240,2530,0,0,0,0.0,0.0,0.052,-0.7247,-0.7247,9120,0.2774,0.0
2026-07-15,068270,178400,41534091891600,110609204995,117600152703,0.0223,-0.0412,-0.1213,0.0863,0.064,236861,0.7532,0.0296
2026-06-25,068290,6110,61100000000,335934805,225893995,-0.149,-0.3264,-0.4764,-0.6406,-0.4916,18780,0.3253,0.0498
2026-07-06,068330,1002,0,117739738,718640088,-0.1211,-0.2894,-0.3646,-0.4313,-0.3102,2170,0.4618,0.0305
2026-07-07,068760,41250,1831596195000,2528786600,2528786600,0.0,0.0,0.0,0.0,0.0,41250,1.0,0.0
2026-07-03,068790,5850,0,377727120,897166936,0.0317,-0.2604,-0.36,-0.36,-0.3917,9140,0.64,0.0411
2026-07-03,068930,7180,0,250253575,422887327,-0.0553,-0.1329,-0.0712,-0.0614,-0.0061,9080,0.7907,0.0183
2026-07-06,068940,778,0,0,0,0.0,0.0,0.0,0.0,0.0,778,1.0,0.0
2026-07-03,069080,11570,358283272750,1647818640,1647818640,0.0,0.0,0.0,0.0,0.0,11570,1.0,0.0
2026-07-06,069140,1654,0,100863524,316256525,-0.0242,-0.1713,-0.3996,0.0331,0.0573,3205,0.5161,0.0606
2026-06-24,069260,15480,632800542240,3316886833,3318836915,-0.1254,-0.1476,-0.2202,-0.063,0.0624,21200,0.7302,0.0316
2026-07-06,069330,979,0,113754384,93941835,0.002,-0.0649,-0.1243,-0.2008,-0.2028,1243,0.7876,0.0445
2026-07-06,069410,3275,0,122369591,304216058,-0.208,-0.281,-0.3678,-0.3591,-0.1511,6120,0.5351,0.034
2026-06-26,069460,2660,46322277400,0,0,0.0,0.0,-0.6488,-0.7236,-0.7236,9860,0.2698,0.0
2026-06-26,069500,137380,0,0,0,0.0519,0.6256,1.3922,2.4977,2.4458,148355,0.926,0.0402
2026-07-03,069510,12250,0,183938387,246694517,0.0643,-0.1801,-0.2382,-0.3515,-0.4158,18650,0.6568,0.023
2026-07-07,069540,1807,203634257879,3696773394,3696773394,0.0,0.0,0.0,0.0,0.0,1807,1.0,0.0
2026-07-15,069620,119500,1382278397500,6114857930,5139896644,-0.0261,-0.2091,-0.3096,-0.2475,-0.2214,194000,0.616,0.0312
2026-06-26,069640,955,21462314458,25370692,111279552,-0.2451,-0.2172,-0.2688,-0.6243,-0.3792,3268,0.2922,0.06
2026-06-24,069730,5050,72720000000,285386060,367927475,-0.0982,0.0745,0.2866,0.3467,0.4449,5730,0.8813,0.0242
2026-07-06,069920,722,0,278376823,187586473,-0.4062,-0.7797,-0.8401,-0.9403,-0.5341,16388,0.0441,0.0589
2026-07-15,069960,156500,3385691184000,30638271295,27113691717,-0.2112,0.9563,0.7236,1.0116,1.2228,207000,0.756,0.0526
2026-07-06,070300,1895,0,1624278628,2755562911,0.4782,-0.0232,0.5124,0.3364,-0.1418,3100,0.6113,0.0884
2026-07-06,070590,1634,0,27959503,63021828,-0.0139,-0.1551,-0.1951,-0.0631,-0.0492,2420,0.6752,0.0264
2026-06-25,070960,2240,107818665920,185155902,230564262,-0.1928,-0.2381,-0.3526,-0.5797,-0.3869,5280,0.4242,0.0219
2026-07-16,071050,229000,12761252168000,61407889405,73896730033,-0.0458,-0.1107,0.3431,0.7231,0.7689,292500,0.7829,0.0471
2026-06-26,071055,147000,850032220100,2591192305,3014193702,-0.1338,-0.1198,0.1912,0.6897,0.8235,193200,0.7609,0.0322
2026-06-26,071090,3035,60776327710,3292592792,9735730410,-0.1786,-0.1439,-0.1463,-0.2975,-0.1189,5870,0.517,0.0428
2026-07-06,071200,6780,0,362209266,870983838,-0.0544,0.0848,0.1395,-0.0266,0.0278,8840,0.767,0.0442
2026-07-06,071280,6870,0,638790301,1061955634,-0.0129,-0.0816,-0.2358,-0.4573,-0.4444,13610,0.5048,0.0514
2026-06-23,071320,66000,764197104000,1259166410,2159959501,-0.0574,-0.1728,-0.3299,-0.1096,-0.0522,112400,0.6432,0.0289
2026-07-06,071670,5370,0,2579566648,1197106581,-0.1422,-0.3499,-0.4347,-0.153,-0.0108,13620,0.3943,0.0618
2026-06-25,071840,6040,142590580480,187683584,254935627,-0.1359,-0.2459,-0.2276,-0.2422,-0.1063,9440,0.6398,0.0182
2026-07-06,071850,1446,0,15375919,15589252,-0.0143,-0.0481,-0.0568,-0.1041,-0.0898,1770,0.8169,0.0182
2026-06-26,071950,2115,26413493400,293990165,300161293,0.047,0.0596,-0.4125,-0.7792,-0.8262,11270,0.1877,0.0757
2026-07-15,071970,55500,1882642972500,14532765657,28319051919,-0.2292,-0.344,-0.4231,0.2458,0.475,115500,0.4805,0.0586
2026-07-06,072020,9540,0,140606741,306214476,0.0269,0.0565,-0.0441,-0.046,-0.0729,10140,0.9408,0.0147
2026-06-24,072130,5050,64112042700,362454849,1025489109,0.0306,-0.0785,0.0181,-0.0381,-0.0687,6220,0.8119,0.0282
2026-07-03,072470,2430,0,82116218,239335409,-0.1649,-0.3315,-0.267,-0.3342,-0.1693,4700,0.517,0.0352
2026-06-24,072710,84500,391893255000,507838455,572325425,-0.1225,-0.1216,-0.0963,0.006,0.1285,123900,0.682,0.0183
2026-07-06,072770,763,0,129432455,325650526,-0.237,-0.4947,-0.5789,-0.4131,-0.1761,2864,0.2664,0.0613
2026-07-06,072870,13300,0,413291945,446660728,0.0572,0.0956,0.1575,0.2004,0.1432,13610,0.9772,0.0155
2026-07-06,072950,7700,0,2018475629,26915601886,-0.2736,0.1,0.4667,0.4639,0.7375,23650,0.3256,0.1194
2026-07-06,072990,3250,0,88283782,618836199,-0.1447,-0.2433,-0.4227,-0.2884,-0.1437,6998,0.4644,0.0457
2026-07-06,073010,3020,0,787856374,4801941132,-0.1611,-0.0835,-0.296,-0.3635,-0.2024,8000,0.3775,0.0486
2026-07-06,073110,5140,0,123271428,118549496,-0.171,0.0059,0.0352,-0.1893,-0.0183,7170,0.7169,0.025
2026-07-06,073190,717,0,361896866,151939285,-0.1701,-0.3929,-0.5499,-0.6778,-0.5077,2360,0.3038,0.089
2026-07-15,073240,6540,1878682276980,52953624440,20688053684,0.2849,0.0846,0.1869,0.3361,0.0512,7800,0.8385,0.0674
2026-07-07,073490,23600,179450765600,1180222150,1180222150,0.0,0.0,0.0,0.0,0.0,23600,1.0,0.0
2026-07-06,073540,2340,0,102722660,2098105151,-0.146,-0.1702,0.1642,0.2081,0.3541,6440,0.3634,0.0897
2026-07-03,073560,1526,0,204774346,312423818,-0.0807,-0.0689,-0.0148,0.0221,0.1028,2130,0.7164,0.0201
2026-07-06,073570,1609,0,75736961,1361861969,-0.2736,-0.4193,-0.6356,-0.5729,-0.2993,8174,0.1968,0.0869
2026-07-06,073640,654,0,0,0,0.0,0.0,0.0,0.0,0.0,654,1.0,0.0
2026-07-06,074430,1050,0,198696716,319615182,-0.1243,-0.2484,0.1475,0.1041,0.2284,1838,0.5713,0.0345
2026-07-15,074600,31400,826757600000,12930467075,16467708130,-0.215,-0.047,0.4305,0.6765,0.8915,42150,0.745,0.058
2026-06-25,074610,5110,44815400070,0,0,0.0,0.0,0.0,0.0,0.0,5110,1.0,0.0
2026-07-06,075130,1922,0,59392107,385505385,-0.0244,-0.106,-0.2477,-0.379,-0.3546,3210,0.5988,0.0298
2026-06-25,075180,2845,54624000000,36095191,28720871,-0.019,-0.0579,-0.157,-0.1405,-0.1215,3665,0.7763,0.0217
2026-06-24,075580,14240,809536253440,3179067793,4941090437,-0.138,-0.1604,-0.2252,0.1906,0.3286,26100,0.5456,0.046
2026-07-06,075970,1713,0,38324971,224708298,-0.0138,-0.1958,-0.2679,-0.2951,-0.2813,2835,0.6042,0.0252
2026-07-06,076080,975,0,73993399,131114980,0.1017,-0.2118,-0.1462,-0.3918,-0.4935,1708,0.5708,0.0393
2026-07-06,076610,1031,0,1418784615,8245138195,-0.315,-0.2625,0.7684,0.8444,1.1594,2785,0.3702,0.0794
2026-07-07,077360,8510,386668887020,7747903700,7747903700,0.0,0.0,0.0,0.0,0.0,8510,1.0,0.0
2026-06-24,077500,6250,135000637500,2308008090,4710544715,-0.1851,0.0348,0.0,-0.0385,0.1466,8500,0.7353,0.048
2026-07-01,077970,30700,1240575146700,10851999407,31273179733,-0.2138,-0.0285,-0.2067,0.2582,0.472,66500,0.4617,0.0704
2026-06-25,078000,12920,119381794840,102237767,164194058,-0.1241,-0.244,-0.1605,-0.0569,0.0672,23000,0.5617,0.0218
2026-07-06,078020,6810,377826903900,1763756615,1763756615,0.0,0.0,0.0,0.0,0.0,6810,1.0,0.0
2026-07-06,078070,8150,0,469522137,3103648361,-0.2179,-0.4728,-0.239,-0.1759,0.042,19210,0.4243,0.0442
2026-07-06,078130,3880,0,821195089,3970794173,0.1295,0.224,0.0689,-0.0977,-0.2272,7890,0.4918,0.0586
2026-07-06,078140,7560,0,170879562,231258014,-0.1074,-0.2206,-0.3668,-0.4687,-0.3613,14890,0.5077,0.0267
2026-07-07,078150,1998,185246400168,1748743763,1748743763,0.0,0.0,0.0,0.0,0.0,1998,1.0,0.0
2026-07-06,078160,9160,0,1132227442,5637635406,-0.1407,-0.535,-0.4678,-0.2328,-0.0921,28000,0.3271,0.0656
2026-07-03,078340,26150,316187834950,1103669875,1103669875,0.0,0.0,0.0,0.0,0.0,26150,1.0,0.0
2026-07-07,078350,20100,306412078200,1268736895,1268736895,0.0,0.0,0.0,0.0,0.0,20100,1.0,0.0
2026-06-24,078520,9870,256759769070,853329813,1662003534,-0.2743,-0.2228,-0.1188,0.3374,0.6117,15850,0.6227,0.039
2026-07-06,078590,2165,0,195669169,1545487315,-0.2636,-0.7351,-0.7175,-0.6043,-0.3407,12483,0.1734,0.0511
2026-07-15,078600,81700,1294020971200,16554853522,46232203954,-0.373,-0.3152,0.3824,0.1041,0.4771,182800,0.4469,0.0732
2026-07-06,078860,2750,0,180286513,192901054,-0.302,-0.4994,-0.7665,-0.82,-0.518,18484,0.1488,0.0907
2026-07-06,078890,4765,0,1777983910,7777719798,-0.2327,-0.1727,-0.1476,0.3994,0.6321,10390,0.4586,0.0737
2026-07-16,078930,82800,7691746986000,28508477525,25584852595,0.1358,0.1311,0.4476,0.7072,0.5714,82800,1.0,0.0382
2026-06-26,078935,50500,89161767600,405592445,409851880,-0.1062,-0.0785,0.0565,0.1663,0.2725,62500,0.808,0.0168
2026-07-06,079000,4675,0,1560045488,656211563,-0.2076,-0.3543,-0.3293,-0.094,0.1136,12200,0.3832,0.0673
2026-06-23,079160,4420,731874521820,2134955921,2169249221,-0.0388,-0.0378,-0.1559,-0.0417,-0.0029,6570,0.7169,0.0237
2026-07-03,079170,4650,0,62787940,200797990,-0.1308,-0.2723,-0.3008,-0.4259,-0.2951,8180,0.5685,0.0242
2026-07-06,079190,571,0,167570307,1796507564,-0.2325,-0.2526,-0.3467,-0.4467,-0.2142,1320,0.4326,0.0919
2026-07-07,079370,9250,286907157500,1697329555,1697329555,0.0,0.0,0.0,0.0,0.0,9250,1.0,0.0
2026-06-25,079430,5740,115455519480,480295952,2165598224,-0.1471,-0.1927,-0.0932,-0.2825,-0.1354,8490,0.6761,0.0302
2026-07-15,079550,750000,16324000000000,127056128600,228858188031,-0.2515,-0.2013,0.4124,0.4535,0.705,1020000,0.7353,0.057
2026-07-06,079650,3675,0,46572677381,15573785278,2.4218,1.545,1.642,1.3423,-1.0795,8120,0.4526,0.1299
2026-07-06,079810,3020,0,564740752,4572573585,-0.2084,-0.2861,-0.3996,-0.5274,-0.319,7800,0.3872,0.0651
2026-06-24,079900,41400,604131363000,4402938536,11475918738,-0.3279,-0.2218,-0.1977,-0.1393,0.1886,73000,0.5671,0.0584
2026-07-06,079940,30800,0,372090391,754421750,-0.0032,0.1536,-0.0464,0.2008,0.204,36100,0.8532,0.0298
2026-07-06,079950,910,0,141888006,323099273,-0.1122,-0.0491,-0.3509,-0.5371,-0.4249,5740,0.1585,0.0581
2026-07-03,079960,20800,0,779989927,1713295765,-0.0437,-0.2571,-0.2031,-0.1333,-0.0896,36850,0.5645,0.0461
2026-07-06,079970,596,0,0,0,0.0,0.0,0.0,0.0,0.0,596,1.0,0.0
2026-06-25,079980,1765,60892500000,330474995,1967864011,-0.2676,-0.3092,-0.3487,-0.4361,-0.1685,3640,0.4849,0.0493
2026-07-03,080010,7150,0,39737722,82615999,0.0784,0.1137,0.0288,0.2522,0.1738,8040,0.8893,0.0197
2026-07-03,080160,8340,0,547441509,877635378,-0.0764,-0.2626,-0.1895,-0.3192,-0.2428,16690,0.4997,0.0248
2026-07-15,080220,85500,2941417938200,364701756472,369690152167,-0.1551,1.0652,1.5909,4.3172,4.4723,134000,0.6381,0.0893
2026-07-06,080420,1382,0,15058170,18522327,-0.1225,-0.2967,-0.3572,-0.4132,-0.2907,2355,0.5868,0.0248
2026-07-03,080470,3060,0,84918516,99724239,-0.0347,-0.2312,-0.235,-0.2917,-0.257,4835,0.6329,0.025
2026-07-06,080520,2860,0,65117607,909373748,0.0106,-0.261,-0.1049,-0.1267,-0.1373,5100,0.5608,0.0504
2026-07-03,080530,2370,0,33215106,76284246,-0.1057,-0.4097,-0.5486,-0.7002,-0.5945,8805,0.2692,0.0423
2026-07-07,080580,13440,283462435200,1147496400,1147496400,0.0,0.0,0.0,0.0,0.0,13440,1.0,0.0
2026-07-06,080720,2725,0,0,0,0.0,0.0,0.0,0.0,0.0,2725,1.0,0.0
2026-06-25,081000,9220,130951429500,414472042,526134339,-0.2455,-0.318,-0.254,-0.2853,-0.0398,16570,0.5564,0.0284
2026-07-06,081150,2760,0,496538137,4863021991,-0.0417,-0.181,-0.0265,-0.1321,-0.0904,4790,0.5762,0.0546
2026-07-06,081180,6120,0,624276634,2295926710,-0.2321,-0.4632,-0.5675,-0.4946,-0.2625,18300,0.3344,0.0542
2026-07-03,081580,2350,0,172106308,401782567,-0.0289,-0.2943,0.0398,-0.2407,-0.2118,3495,0.6724,0.0296
2026-07-15,081660,46050,2439570048000,8203812890,8154293205,0.0925,0.0964,0.0899,0.2039,0.1114,54200,0.8496,0.0381
2026-07-06,082210,1760,0,563410503,435633436,0.2088,-0.0693,0.0256,0.0377,-0.1711,2420,0.7273,0.0523
2026-07-07,082270,11060,489617385180,1412253220,1412253220,0.0,0.0,0.0,0.0,0.0,11060,1.0,0.0
2026-06-24,082640,7340,1145499344540,1289909897,2847444183,-0.059,-0.1734,0.0972,0.0592,0.1182,9100,0.8066,0.0257
2026-07-06,082660,480,0,0,0,0.0,0.0,0.0,0.0,0.0,480,1.0,0.0
2026-07-15,082740,44950,3738431961600,41583524612,82016769849,-0.242,-0.0249,-0.0132,0.6741,0.9161,89500,0.5022,0.0662
2026-07-07,082800,2730,165764688180,1790547206,1790547206,0.0,0.0,0.0,0.0,0.0,2730,1.0,0.0
2026-07-06,082850,1222,0,374500141,1170170774,-0.1934,-0.3267,-0.4024,-0.4898,-0.2964,2470,0.4947,0.0394
2026-07-15,082920,28050,1280840225250,12564083737,28307913472,-0.4211,-0.3574,0.4526,0.8683,1.2894,64100,0.4376,0.045
2026-07-06,083310,9460,0,1389321901,3317573220,-0.1134,-0.211,-0.2104,-0.0376,0.0758,17050,0.5548,0.0589
2026-06-24,083420,4350,104400000000,300997406,891581115,-0.1869,-0.1989,-0.3812,-0.5074,-0.3205,8920,0.4877,0.0243
2026-07-15,083450,48050,888326000000,11233471396,20898775227,-0.1965,0.3022,0.7569,1.4037,1.6002,66500,0.7226,0.0627
2026-07-06,083470,840,0,115539413,230291372,0.0096,-0.2222,0.05,-0.0749,-0.0845,1434,0.5858,0.0497
2026-07-07,083500,13100,108813538700,1327548550,1327548550,0.0,0.0,0.0,0.0,0.0,13100,1.0,0.0
2026-07-06,083550,2645,0,33682670,139184450,-0.0167,-0.2871,-0.196,-0.1019,-0.0852,3925,0.6739,0.0317
2026-07-06,083640,1165,0,292130437,258133844,-0.1038,-0.4218,-0.0969,-0.3024,-0.1986,3210,0.3629,0.0406
2026-07-15,083650,45450,1409516281250,13465338391,28622223091,-0.3316,-0.5005,-0.1441,0.1851,0.5167,109500,0.4151,0.0645
2026-07-06,083660,222,0,1893905517,1559029384,-0.0472,-0.2128,-0.5755,-0.877,-0.8298,2770,0.0801,0.1159
2026-07-06,083790,990,0,166689526,289114379,0.1,-0.3242,-0.3158,-0.4649,-0.5649,1887,0.5246,0.0439
2026-07-06,083930,10950,0,1429418613,2418793254,-0.1247,-0.1485,-0.238,-0.133,-0.0083,16750,0.6537,0.0366
2026-06-25,084010,7870,270504460520,382831920,1097453285,-0.213,-0.3011,-0.3497,-0.3078,-0.0948,13870,0.5674,0.0342
2026-07-06,084110,25700,0,1106828840,4124193857,-0.0887,-0.5419,-0.4668,-0.4449,-0.3562,75300,0.3413,0.0614
2026-07-06,084180,457,0,206930301,219069950,-0.3148,-0.6953,-0.8581,-0.9097,-0.5949,5160,0.0886,0.0704
2026-07-15,084370,159600,3632192657000,47538910185,43357717278,-0.0968,0.2881,0.843,2.7073,2.8041,206500,0.7729,0.0844
2026-07-03,084440,880,0,35172643,88470705,-0.1415,-0.1722,-0.1002,-0.2624,-0.1209,1240,0.7097,0.0301
2026-07-06,084650,654,0,3273561524,7707989701,-0.2431,-0.4867,-0.6377,-0.7363,-0.4932,2505,0.2611,0.0722
2026-06-25,084670,32100,92947764900,15799107971,17554643105,-0.2561,-0.2429,-0.6877,3.2629,3.519,133600,0.2403,0.0808
2026-06-26,084680,1059,149038308843,462186697,1566733307,-0.2625,-0.3323,-0.1928,-0.294,-0.0315,1985,0.5335,0.031
2026-07-06,084690,7670,0,531621987,836566649,-0.1421,-0.1608,-0.2245,-0.2878,-0.1457,11420,0.6716,0.027
2026-06-26,084695,12060,11016592920,200611395,162239668,-0.1386,-0.1873,-0.1386,-0.2224,-0.0838,16830,0.7166,0.0251
2026-07-06,084730,6060,0,134434932,226168522,-0.1416,-0.2453,-0.269,-0.3498,-0.2082,10270,0.5901,0.0228
2026-07-06,084850,9490,0,428507879,1889124668,-0.1726,-0.1131,-0.0316,-0.2378,-0.0652,18630,0.5094,0.0617
2026-06-25,084870,1822,37274942432,59859197,100600924,-0.1025,-0.1365,0.4518,0.4588,0.5613,2365,0.7704,0.0305
2026-07-06,084990,4055,0,1069135626,3663147131,-0.2002,-0.5246,-0.3584,0.3081,0.5083,9470,0.4282,0.0624
2026-06-25,085310,9130,67727015620,356243074,399631513,-0.219,-0.1884,-0.2523,0.0947,0.3137,16700,0.5467,0.0318
2026-07-15,085620,16700,2264265000000,30033585831,30714776864,-0.4822,-0.0077,0.8113,1.5811,2.0633,34550,0.4834,0.083
2026-07-07,085660,10150,943674386900,1976315820,1976315820,0.0,0.0,0.0,0.0,0.0,10150,1.0,0.0
2026-07-06,085670,3415,0,629420381,2465868721,-0.1936,-0.3617,-0.3136,-0.2486,-0.055,7150,0.4776,0.0442
2026-07-06,085810,1550,0,63600254,82573487,-0.0184,-0.405,-0.5478,-0.5293,-0.5109,4222,0.3671,0.0452
2026-07-07,085910,15040,207474062720,2795737945,2795737945,0.0,0.0,0.0,0.0,0.0,15040,1.0,0.0
2026-07-06,086040,2200,0,54103568,206939241,-0.1093,-0.2787,-0.2226,-0.2654,-0.1561,3925,0.5605,0.0356
2026-07-06,086060,4440,0,150202858,155562658,0.17,-0.0731,0.0949,0.0546,-0.1154,5550,0.8,0.0256
2026-07-15,086280,192000,14392500000000,47232364497,85086843280,-0.1351,-0.0943,-0.1409,0.3893,0.5244,290500,0.6609,0.0447
2026-07-07,086390,10770,227614537020,1085195440,1085195440,0.0,0.0,0.0,0.0,0.0,10770,1.0,0.0
2026-07-15,086450,19070,860734892600,6422816557,8892622938,-0.0221,-0.2417,0.1133,0.0786,0.1007,29900,0.6378,0.0348
2026-07-15,086520,85300,11636016226400,136086056942,188068879210,-0.3042,-0.4064,-0.0688,0.7734,1.0776,185000,0.4611,0.0612
2026-07-06,086670,15660,0,984895022,2119256382,0.0296,0.0426,0.2488,0.6607,0.6311,17850,0.8773,0.0398
2026-07-06,086710,7490,0,227293698,675700756,-0.0066,-0.2116,-0.1903,-0.4521,-0.4455,13280,0.564,0.0366
2026-07-15,086790,139400,38054806647600,110438024077,112839159483,0.0561,0.1617,0.5169,0.5931,0.537,139400,1.0,0.0302
2026-07-06,086820,5910,0,635700715,1560478788,-0.1545,-0.491,-0.2325,-0.2704,-0.1159,12950,0.4564,0.0343
2026-07-06,086890,3540,0,524094948,822489167,0.0859,-0.2027,-0.3469,-0.361,-0.4469,6240,0.5673,0.0327
2026-07-07,086900,74400,543008176800,1346084200,1346084200,0.0,0.0,0.0,0.0,0.0,74400,1.0,0.0
2026-07-06,086960,2080,0,1024084562,7745204180,-0.2381,-0.2373,-0.3633,-0.4187,-0.1806,4423,0.4703,0.0465
2026-07-06,086980,2030,0,473436825,1124850960,-0.234,-0.1928,-0.1524,-0.3904,-0.1564,3300,0.6152,0.0311
2026-07-15,087010,129700,3021928560000,54137547200,50232884612,-0.4422,-0.5012,-0.4894,-0.3547,0.0875,386000,0.336,0.0764
2026-07-06,087260,235,0,1142624495,1848221424,-0.6345,-0.8834,-0.8642,-0.8867,-0.2522,2455,0.0957,0.0966
2026-07-06,087600,3945,0,35659834,77143976,-0.1891,-0.3501,-0.3336,-0.4483,-0.2592,7800,0.5058,0.0333
2026-07-03,088130,5150,0,1384203351,7844426824,-0.2757,-0.3152,0.2875,0.7282,1.0039,14620,0.3523,0.0731
2026-07-06,088280,2755,0,385832165,6543364864,-0.2337,-0.2315,0.636,0.0889,0.3226,7980,0.3452,0.0804
2026-07-06,088290,2590,0,45408147,105387932,0.5006,0.1588,-0.3501,-0.5496,-1.0502,6100,0.4246,0.0678
2026-07-06,088340,6930,0,228169742,2181831806,-0.2459,-0.3851,-0.5011,-0.7064,-0.4605,22050,0.3143,0.0495
2026-07-15,088350,4545,3934440900000,18113130086,38618485537,-0.1811,-0.0226,0.4756,0.3773,0.5584,6600,0.6886,0.0405
2026-07-03,088390,7710,0,139128434,565988496,-0.1727,-0.3706,-0.1148,0.0518,0.2245,16850,0.4576,0.0454
2026-06-25,088790,2210,27509514240,72124815,123467439,-0.2571,-0.1401,0.0914,0.1276,0.3847,2975,0.7429,0.0321
2026-07-06,088800,1850,0,499692954,8602036193,-0.3729,-0.5275,-0.3393,-0.3161,0.0568,6720,0.2753,0.0689
2026-07-03,088910,2290,0,980536710,477771840,-0.0043,-0.0576,0.0957,0.0626,0.0669,2625,0.8724,0.0397
2026-07-15,088980,10120,4837112129300,21505900715,21787543883,-0.0716,-0.1044,-0.0899,-0.1115,-0.0399,11830,0.8555,0.009
2026-07-07,089010,22500,377325607500,1298717125,1298717125,0.0,0.0,0.0,0.0,0.0,22500,1.0,0.0
2026-07-15,089030,51600,1919378811000,95944993825,116967428067,-0.1386,-0.0264,0.0361,0.5926,0.7312,71100,0.7257,0.0687
2026-07-06,089140,2300,0,453166222,500671031,-0.0295,0.1058,0.055,-0.1829,-0.1534,3065,0.7504,0.0648
2026-07-06,089150,1933,0,145311042,1889222666,-0.1485,-0.4151,-0.3158,-0.5856,-0.4371,4380,0.4413,0.0343
2026-07-06,089230,1499,0,917216737,2559103917,-0.267,-0.3217,0.1803,0.6223,0.8893,4325,0.3466,0.0717
2026-06-24,089470,3800,121220000000,502841884,554301108,-0.1546,-0.2817,-0.1294,-0.0571,0.0975,6500,0.5846,0.0335
2026-06-23,089590,4545,366513276825,3412014144,2138805682,0.0181,-0.0174,-0.0765,-0.2455,-0.2636,7330,0.6917,0.0364
2026-07-06,089600,10160,0,156656055,204430399,-0.0029,-0.1041,-0.232,-0.4093,-0.4064,17880,0.5682,0.018
2026-07-06,089790,4430,0,483254438,1197788518,-0.038,-0.1228,0.0219,0.0231,0.0611,7800,0.5679,0.0528
2026-07-06,089850,4200,0,99244960,183974444,-0.0106,-0.1954,-0.2208,-0.4101,-0.3995,7100,0.5915,0.0239
2026-06-24,089860,27650,1003954578200,1411120667,1499753593,-0.1332,-0.0964,-0.1373,-0.1915,-0.0583,35050,0.7889,0.0189
2026-07-07,089890,25850,428721267700,3465766700,3465766700,0.0,0.0,0.0,0.0,0.0,25850,1.0,0.0
2026-07-15,089970,113400,2969659092000,80590579070,55136400916,0.2259,1.4572,2.965,8.0503,7.8244,119700,0.9474,0.0875
2026-07-06,089980,15280,0,792066938,2643273755,-0.1954,-0.3023,-0.0438,-0.2083,-0.0129,29250,0.5224,0.0401
2026-06-24,090080,816,44800243344,202671620,265662200,-0.1921,-0.0903,-0.1482,-0.2675,-0.0754,1142,0.7145,0.0205
2026-07-03,090150,492,0,109458141,275344824,-0.0804,-0.3748,-0.308,-0.3526,-0.2722,1029,0.4781,0.0452
2026-06-25,090350,7260,145200000000,641852373,978415927,-0.1059,-0.1942,-0.1617,-0.2168,-0.1109,9930,0.7311,0.0217
2026-06-26,090355,10720,4964710720,4663894,9896206,-0.1133,-0.1994,-0.2059,-0.3025,-0.1892,16090,0.6663,0.0278
2026-07-15,090360,66600,649350000000,16760282462,53301344537,-0.3746,0.1483,-0.0763,1.3534,1.728,158800,0.4194,0.0929
2026-06-25,090370,1057,26324256273,195871464,109092634,-0.1869,-0.2695,-0.3229,-0.245,-0.0581,2140,0.4939,0.0308
2026-07-06,090410,856,0,2437433007,1014743047,-0.0645,-0.2702,-0.342,-0.4513,-0.3868,1549,0.5526,0.0718
2026-07-15,090430,119700,6978186148700,42312675882,40089715596,0.0842,-0.0835,-0.0025,-0.1295,-0.2137,165100,0.725,0.0384
2026-06-26,090435,34400,358438328500,823886441,857517618,-0.1145,-0.2863,-0.2252,-0.22,-0.1055,55900,0.6154,0.0237
2026-07-15,090460,18960,641193452760,7947656522,22730333817,-0.3485,-0.1573,0.1754,0.4641,0.8126,40200,0.4716,0.0652
2026-07-06,090470,4075,0,255655847,591023011,-0.2208,-0.5512,-0.1227,0.1028,0.3236,9950,0.4095,0.0476
2026-07-15,090710,6870,820174938940,16453291604,91999779909,-0.3755,-0.3609,-0.1248,1.2599,1.6354,21500,0.3195,0.0536
2026-07-03,090850,5580,0,235795313,366118549,-0.0412,-0.1281,0.0941,-0.1507,-0.1095,7040,0.7926,0.0267
2026-07-06,091120,3935,0,245811167,638955987,-0.1698,-0.3591,-0.4987,-0.6322,-0.4624,11260,0.3495,0.0413
2026-07-06,091340,2175,0,122346951,144854877,-0.0158,-0.1031,-0.0685,-0.2422,-0.2264,2915,0.7461,0.0234
2026-07-06,091440,2530,0,930786337,1191022295,0.1422,-0.1772,-0.1107,-0.135,-0.2772,3535,0.7157,0.0597
2026-07-03,091580,15740,209786167060,1797255290,1797255290,0.0,0.0,0.0,0.0,0.0,15740,1.0,0.0
2026-07-07,091590,10130,118926200000,28855933170,28855933170,0.0,0.0,0.0,0.0,0.0,10130,1.0,0.0
2026-07-06,091700,6000,0,1658646011,2017060618,-0.0812,-0.2318,-0.1608,-0.0769,0.0043,8600,0.6977,0.0251
2026-06-23,091810,737,304358510445,1826484877,1914504806,0.032,-0.203,-0.3948,-0.5353,-0.5673,2062,0.4379,0.0473
2026-07-06,091970,3010,0,789778252,1375746611,0.0433,-0.0549,0.0067,0.005,-0.0383,5030,0.5984,0.0828
2026-07-06,092040,1213,0,2095018651,1696280798,-0.1385,-0.2298,-0.2972,-0.6672,-0.5287,4240,0.2861,0.0579
2026-07-03,092070,14370,166287599460,1553347520,1553347520,0.0,0.0,0.0,0.0,0.0,14370,1.0,0.0
2026-07-03,092130,14190,0,111825555,146623928,0.0028,-0.0393,-0.216,-0.1159,-0.1187,18330,0.7741,0.011
2026-07-06,092190,6440,0,2421073187,12480355604,-0.3528,0.9368,1.5556,1.0094,1.3622,17570,0.3665,0.1006
2026-06-26,092200,5140,195609502070,16255541679,10553424998,-0.3924,-0.4159,-0.5749,0.081,0.4734,14630,0.3513,0.0676
2026-06-26,092220,3600,146557092200,6734350552,20748380017,-0.309,-0.5897,0.0588,-0.0943,0.2147,9585,0.3756,0.0866
2026-07-06,092230,82900,0,166883195,197498565,0.0311,0.0247,0.098,0.2281,0.197,91300,0.908,0.0122
2026-07-06,092300,2665,0,435645142,1752569488,-0.2162,-0.1146,-0.1685,-0.0583,0.1579,4420,0.6029,0.0387
2026-06-25,092440,1924,56180800000,135998349,124134415,-0.0838,-0.1671,-0.1598,-0.2455,-0.1617,2825,0.6811,0.0187
2026-07-06,092460,15130,0,1085700617,2707534416,-0.2213,0.042,-0.1188,0.6096,0.8309,21650,0.6988,0.0432
2026-07-03,092600,2400,0,113378972,1658506023,-0.196,-0.4667,-0.1336,-0.2836,-0.0876,7495,0.3202,0.0881
2026-07-07,092730,19860,318315861540,2478554665,2478554665,0.0,0.0,0.0,0.0,0.0,19860,1.0,0.0
2026-06-25,092780,3410,44904448600,198448938,280873157,-0.3274,-0.2414,0.024,-0.2472,0.0802,8430,0.4045,0.025
2026-06-23,092790,14600,379629200000,7688188420,25140484262,-0.2232,0.3593,0.6193,0.0428,0.266,21850,0.7359,0.0706
2026-07-07,092870,16590,216512722230,1515066865,1515066865,0.0,0.0,0.0,0.0,0.0,16590,1.0,0.0
2026-06-23,093050,20900,611116000000,1109445605,1307304322,-0.0364,0.1121,0.2872,0.3424,0.3788,26250,0.9067,0.0235
2026-07-06,093190,8160,0,203839916,244314944,0.1057,0.1493,0.3035,0.3225,0.2168,8770,0.9304,0.0276
2026-06-25,093240,575,35299398925,1057214641,1808072391,-0.2996,-0.4307,-0.5525,-0.7337,-0.4341,3172,0.1813,0.0376
2026-07-06,093320,125200,610976000000,2193221400,2193221400,0.0,0.0,0.0,0.0,0.0,125200,1.0,0.0
2026-07-15,093370,12670,1362142691000,90597915871,87811697863,-0.3401,0.1886,0.7191,1.5519,1.892,22400,0.5656,0.0928
2026-07-06,093380,2490,0,383310089,162557817,0.0289,-0.0709,-0.0846,-0.0962,-0.1251,3130,0.7955,0.0442
2026-07-03,093520,17420,0,630897495,1118998498,-0.1724,-0.265,-0.2153,0.0681,0.2405,33300,0.5231,0.0376
2026-07-06,093640,3500,0,366832886,673571061,-0.0291,-0.1617,-0.0979,-0.1443,-0.1152,5780,0.6055,0.0533
2026-07-06,093920,4875,0,106089438,155501059,0.0417,-0.0327,-0.1462,-0.1638,-0.2055,5890,0.8277,0.0131
2026-07-08,094170,33050,688982391200,3881469421,7139844064,-0.1198,0.1804,0.1516,0.806,0.9258,55100,0.5998,0.0549
2026-06-24,094280,11740,135693268000,248454518,303992190,-0.0645,-0.0494,-0.0969,-0.0616,0.0029,15240,0.7703,0.0109
2026-07-07,094360,12060,257544604440,2998684600,2998684600,0.0,0.0,0.0,0.0,0.0,12060,1.0,0.0
2026-07-06,094480,5120,0,948561991,2174926101,-0.1551,-0.3316,-0.4247,-0.6402,-0.4851,13360,0.3832,0.0389
2026-06-23,094800,5690,528227343390,726998988,860376227,0.1823,-0.0722,0.2289,0.5023,0.32,7980,0.8208,0.0381
2026-07-03,094820,12290,185317333610,1072579250,1072579250,0.0,0.0,0.0,0.0,0.0,12290,1.0,0.0
2026-07-06,094840,12000,0,572889827,839300604,0.2461,0.5464,0.7673,0.5209,0.2748,12660,0.9479,0.0393
2026-07-06,094850,4595,0,189485893,298403963,0.0234,-0.0901,-0.2238,-0.3954,-0.4188,7660,0.5999,0.0287
2026-07-06,094860,1423,0,253034272,420286777,0.0667,0.0433,0.3965,0.4535,0.3868,1527,0.9319,0.0227
2026-07-06,094940,5560,0,659922789,3531549508,-0.2826,-0.3963,-0.3325,-0.3609,-0.0783,13000,0.4277,0.0571
2026-07-03,094970,2840,0,413868650,802508052,0.0071,-0.0998,0.0253,0.2215,0.2144,4095,0.6935,0.0328
2026-07-06,095190,2015,0,275553855,614101787,0.0435,-0.082,-0.0428,-0.1516,-0.1951,2700,0.7463,0.0352
2026-07-06,095270,3615,0,949754848,5523765224,-0.13,-0.3166,-0.1671,-0.2741,-0.1441,10600,0.341,0.08
2026-07-15,095340,155700,3302501636400,62686764612,61979036357,-0.2195,-0.2808,0.4014,1.54,1.7595,271000,0.5745,0.0597
2026-07-07,095500,7720,239397192280,4045013410,4045013410,0.0,0.0,0.0,0.0,0.0,7720,1.0,0.0
2026-06-25,095570,3980,180105980820,866626278,1160157143,-0.1586,-0.2211,-0.1478,0.0231,0.1817,5460,0.7289,0.0195
2026-07-15,095610,217500,4143040000000,102944984977,75980449233,0.2855,1.63,2.9908,7.1157,6.8302,217500,1.0,0.0842
2026-07-03,095660,18230,394432647570,1704669810,1704669810,0.0,0.0,0.0,0.0,0.0,18230,1.0,0.0
2026-07-06,095700,2475,0,518716813,2918391637,-0.259,-0.4542,-0.466,-0.505,-0.246,7100,0.3486,0.0599
2026-06-25,095720,1119,63589508115,125959881,122148504,-0.3445,-0.5258,-0.5815,-0.6835,-0.339,4804,0.2329,0.0328
2026-07-07,095910,798,0,1658092847,5550426664,-0.4036,-0.5895,-0.1483,-0.442,-0.0384,2670,0.2989,0.0679
2026-07-06,096240,8550,0,324293139,399853932,-0.0489,-0.2083,-0.3315,-0.4168,-0.3679,14630,0.5844,0.0164
2026-07-03,096250,8040,105377136360,1023528420,1023528420,0.0,0.0,0.0,0.0,0.0,8040,1.0,0.0
2026-07-07,096350,1571,0,490560942,1914985081,-0.1723,-0.4932,-0.3199,-0.4666,-0.2943,3870,0.4059,0.0361
2026-07-15,096530,29300,1524999024800,7496220850,12056381350,0.0281,0.2521,0.2521,-0.1121,-0.1402,32550,0.9002,0.0448
2026-07-06,096610,2965,0,0,0,0.0,0.0,0.0,0.0,0.0,2965,1.0,0.0
2026-07-03,096630,1829,0,143066407,444911532,-0.2299,-0.5346,-0.3893,-0.5187,-0.2888,4855,0.3767,0.04
2026-07-06,096690,5300,0,61103625,100028055,-0.0669,-0.1977,-0.5199,-0.5978,-0.5309,13176,0.4022,0.0391
2026-06-24,096760,3700,273522285400,359100544,435788244,-0.0585,-0.1445,-0.0133,-0.0976,-0.0391,4470,0.8277,0.0235
2026-07-15,096770,114400,19390354783600,50870086937,78085248952,0.0169,-0.0584,0.115,-0.0411,-0.058,149800,0.7637,0.0415
2026-06-26,096775,55700,69662170800,268782747,421183275,-0.1797,-0.2066,-0.2642,-0.1457,0.034,82800,0.6727,0.0226
2026-07-06,096870,2340,0,395345047,190829504,0.3109,0.0612,-0.0127,-0.1103,-0.4212,3275,0.7145,0.0371
2026-07-15,097230,15670,1417636900800,13659396206,36576377252,-0.3172,-0.3973,-0.3643,1.0949,1.4121,33350,0.4699,0.047
2026-06-24,097520,19670,342287505000,1359137163,1371253254,-0.1522,-0.1258,-0.2988,-0.295,-0.1428,32100,0.6128,0.0337
2026-07-06,097780,1407,0,125499665,108462263,-0.1473,-0.2399,-0.3242,-0.5123,-0.365,3036,0.4634,0.0312
2026-07-07,097800,1905,0,2032905489,987559257,0.0507,-0.0569,-0.2365,-0.297,-0.3477,3510,0.5427,0.0792
2026-07-06,097870,4590,0,141982045,1312145555,-0.134,-0.2512,-0.2299,-0.3598,-0.2258,7140,0.6429,0.0267
2026-07-15,097950,184700,2772981061200,12692444572,14119014331,-0.0788,-0.232,-0.0924,-0.3147,-0.2359,261500,0.7063,0.0267
2026-06-26,097955,117600,155309661000,935280780,851579153,-0.0891,-0.1016,-0.1466,-0.1918,-0.1027,153000,0.7686,0.0134
2026-07-06,098070,25150,279696696150,1261143025,1261143025,0.0,0.0,0.0,0.0,0.0,25150,1.0,0.0
2026-07-06,098120,23250,193271809500,1333345775,1333345775,0.0,0.0,0.0,0.0,0.0,23250,1.0,0.0
2026-07-15,098460,27850,1899487332050,39765490480,140717698193,-0.221,0.0164,0.045,0.7352,0.9562,43500,0.6402,0.0774
2026-07-07,098660,1584,0,32975600,29319894,0.1803,-0.0933,-0.1051,-0.2976,-0.4779,2555,0.62,0.0269
2026-07-03,099190,15990,459829370910,1213869100,1213869100,0.0,0.0,0.0,0.0,0.0,15990,1.0,0.0
2026-07-07,099220,816,0,2039449171,1544354611,-0.0685,-0.4233,-0.2444,-0.4217,-0.3532,1449,0.5631,0.042
2026-07-15,099320,81300,892529157000,6092470077,17717974510,-0.2616,-0.5209,-0.2662,0.7503,1.0119,214000,0.3799,0.0598
2026-07-06,099390,3340,0,57025925,138060458,-0.1211,-0.2443,-0.3662,-0.4587,-0.3376,6350,0.526,0.0251
2026-07-03,099410,3310,0,314762095,1493267219,-0.1369,-0.3245,-0.2972,-0.0447,0.0922,6720,0.4926,0.0443
2026-07-03,099430,4125,254267978250,1080899125,1080899125,0.0,0.0,0.0,0.0,0.0,4125,1.0,0.0
2026-07-07,099440,2755,0,1050187543,3798372215,-0.135,-0.3938,-0.5937,-0.1776,-0.0426,7860,0.3505,0.0345
2026-07-07,099520,1284,0,0,0,0.0,0.0,0.0,0.0,0.0,1284,1.0,0.0
2026-07-06,099750,6360,0,143524407,183202205,-0.026,-0.2854,-0.343,-0.3211,-0.2951,11460,0.555,0.0292
2026-07-03,100030,17340,0,82635383,181660860,0.007,-0.0052,-0.1216,-0.008,-0.015,23250,0.7458,0.0266
2026-07-15,100090,13250,829709553120,18070099537,21064782557,-0.3823,-0.4513,-0.3645,-0.3765,0.0058,30300,0.4373,0.0661
2026-07-06,100120,23900,0,676756998,2672290024,-0.0736,-0.07,0.1998,0.0938,0.1674,32950,0.7253,0.036
2026-07-07,100130,1538,0,1040939276,852962536,0.0192,-0.3921,-0.2386,-0.4957,-0.5149,3020,0.5093,0.0424
2026-06-24,100220,5340,69402596940,466000616,533439893,-0.126,0.025,0.068,-0.2521,-0.1261,7400,0.7216,0.0355
2026-06-25,100250,2880,184032000000,778598742,425005652,-0.0416,-0.0336,-0.0986,-0.0819,-0.0403,3417,0.8428,0.0098
2026-07-07,100590,3470,0,1176171690,24237715001,-0.2816,-0.4311,0.1285,0.0221,0.3037,11320,0.3065,0.0876
2026-07-06,100660,3280,0,2364891552,951049502,-0.0324,-0.2077,-0.2838,-0.0964,-0.064,5670,0.5785,0.0644
2026-07-06,100700,2235,0,206217445,1547133628,0.0136,-0.1738,-0.0988,-0.1404,-0.154,3035,0.7364,0.0245
2026-07-15,100790,15410,814338460740,15828776966,157210435772,-0.4829,-0.4855,0.0664,1.3034,1.7863,67400,0.2286,0.0854
2026-07-15,100840,25750,533564201400,3464577260,9529252262,-0.2993,-0.5983,-0.3059,-0.2945,0.0048,64100,0.4017,0.0475
2026-07-06,101000,378,0,247841357,347847012,-0.4238,-0.6186,-0.4577,-0.8364,-0.4126,2370,0.1595,0.0598
2026-06-25,101140,5960,59863527360,221838785,233949727,-0.117,-0.3868,-0.4157,-0.53,-0.413,13840,0.4306,0.0649
2026-07-15,101160,31900,523811252925,4238032752,4166949465,0.2083,0.0528,0.3839,0.3691,0.1608,34950,0.9127,0.0448
2026-07-06,101170,7710,0,955854477,8016751542,-0.2336,-0.3747,-0.5322,0.4827,0.7163,22550,0.3419,0.0541
2026-07-03,101240,3010,0,166999212,655564406,-0.116,-0.2212,-0.2967,-0.3781,-0.2621,5200,0.5788,0.0246
2026-07-06,101330,3390,0,311495023,2468014868,-0.1044,-0.2322,0.0512,-0.0029,0.1015,7620,0.4449,0.0476
2026-07-07,101360,7650,0,1535170908,1715858672,-0.2988,-0.55,-0.5842,-0.6374,-0.3386,25700,0.2977,0.0495
2026-07-09,101390,17,0,89287728,29762576,-0.9571,-0.9571,-0.9571,-0.9571,0.0,396,0.0429,0.1346
2026-07-07,101400,1724,0,214875848,129876223,0.0023,-0.3017,-0.1118,-0.2852,-0.2875,3627,0.4753,0.0478
2026-07-15,101490,47200,1007006288800,10436917253,18515887334,-0.2567,-0.5063,-0.1044,0.0205,0.2772,105100,0.4491,0.0479
2026-06-24,101530,6010,174992100220,2314902089,1059230919,-0.074,-0.0521,-0.139,-0.171,-0.097,8170,0.7356,0.0291
2026-07-07,101670,903,0,460155158,4558823122,-0.3246,-0.5638,-0.5393,-0.3685,-0.0439,3300,0.2736,0.0421
2026-07-07,101680,2055,0,60400815,432131097,0.0748,-0.2962,-0.0573,-0.1311,-0.2059,3975,0.517,0.0455
2026-07-07,101730,4560,382142984160,9771035839,9771035839,0.0,0.0,0.0,0.0,0.0,4560,1.0,0.0
2026-07-06,101930,7430,0,212544318,634144663,-0.1968,-0.2236,-0.222,-0.0275,0.1693,15140,0.4908,0.0559
2026-07-07,101970,10780,0,283991334,347179657,0.3526,-0.1061,-0.0731,-0.1895,-0.5421,20150,0.535,0.0471
2026-07-03,102120,8030,142779446590,1132774860,1132774860,0.0,0.0,0.0,0.0,0.0,8030,1.0,0.0
2026-06-24,102260,3545,179623700095,604458547,1004956499,-0.1509,-0.1138,-0.2282,-0.1832,-0.0323,4677,0.758,0.0204
2026-07-07,102370,3110,0,269344378,363571797,0.1962,-0.0174,-0.1349,-0.4219,-0.6181,5110,0.6086,0.0356
2026-06-26,102460,9550,178619253710,616737857,1067530239,-0.1473,-0.061,-0.1608,-0.163,-0.0157,13750,0.6945,0.027
2026-07-07,102710,39200,560083171200,1816542225,1816542225,0.0,0.0,0.0,0.0,0.0,39200,1.0,0.0
2026-07-03,102940,43750,572713881250,1124671650,1124671650,0.0,0.0,0.0,0.0,0.0,43750,1.0,0.0
2026-07-15,103140,63000,1759924658400,6951433315,12774874148,-0.1933,-0.3668,-0.4474,-0.4754,-0.2821,165000,0.3818,0.0303
2026-07-06,103230,2590,0,69567604,520469165,-0.1438,-0.3075,-0.3942,-0.2163,-0.0725,6030,0.4295,0.028
2026-07-15,103590,63600,3047096421000,26491697092,56327969067,-0.2805,-0.2337,0.0275,0.7097,0.9902,144100,0.4414,0.0587
2026-07-06,103840,2095,0,137129907,291880422,-0.039,-0.3154,-0.3474,-0.2776,-0.2386,5470,0.383,0.0332
2026-07-06,104040,1678,0,100202413,144271791,-0.2122,-0.4938,-0.5293,-0.6946,-0.4824,6290,0.2668,0.0455
2026-07-07,104200,2770,0,159039130,385822642,-0.122,-0.2175,-0.0642,-0.1464,-0.0244,6660,0.4159,0.0415
2026-07-03,104460,9370,0,198477962,440874358,-0.0686,-0.3317,-0.3235,-0.4633,-0.3947,20800,0.4505,0.0321
2026-07-06,104480,1603,0,604067060,2268760702,-0.0631,-0.3061,-0.0031,-0.043,0.0201,2740,0.585,0.0356
2026-07-06,104540,3995,0,111229462,219060223,-0.0511,-0.3194,-0.3974,-0.3649,-0.3138,7160,0.558,0.0266
2026-07-07,104620,3440,0,323787240,780356458,-0.0029,-0.1963,-0.3359,-0.413,-0.4101,6820,0.5044,0.0289
2026-06-25,104700,8750,318937500000,517262935,875878344,-0.0711,-0.0642,-0.1267,-0.109,-0.0379,11440,0.7649,0.0268
2026-07-07,104830,36600,461452800000,2330408050,2330408050,0.0,0.0,0.0,0.0,0.0,36600,1.0,0.0
2026-07-03,105330,7430,119025033600,1396247510,1396247510,0.0,0.0,0.0,0.0,0.0,7430,1.0,0.0
2026-07-03,105550,404,0,165686066,704545521,-0.3153,-0.6814,-0.7494,-0.8713,-0.556,3340,0.121,0.0575
2026-07-15,105560,183900,65156136735800,274789860063,240229730135,0.0692,0.1743,0.4891,0.5731,0.5039,186200,0.9876,0.029
2026-06-24,105630,8190,327600000000,697175807,840723306,-0.1333,-0.3106,-0.4048,-0.2602,-0.1269,15510,0.528,0.0272
2026-07-06,105740,6860,0,440581106,1221120382,-0.0058,-0.2694,-0.3372,-0.1967,-0.1909,11220,0.6114,0.0296
2026-07-06,105760,3600,0,155957559,288941639,-0.1818,-0.3208,-0.3271,-0.5068,-0.325,7300,0.4932,0.0304
2026-06-23,105840,16400,331241788000,5666247933,19257273993,-0.0452,-0.2434,0.1753,1.2179,1.2631,31200,0.6426,0.0534
2026-07-06,106080,1650,0,0,0,0.0,0.0,-0.6104,-0.8398,-0.8398,11550,0.1429,0.0
2026-07-06,106190,12570,0,463400475,942078561,-0.1396,-0.3746,0.0475,-0.0528,0.0868,25000,0.5028,0.0278
2026-07-06,106240,1353,0,205101885,682736633,0.0007,-0.4117,0.0219,0.3085,0.3078,2425,0.5579,0.0593
2026-07-09,106520,14,0,106104062,35368020,-0.9659,-0.9659,-0.9659,-0.9659,0.0,411,0.0341,0.1342
2026-06-24,107590,54000,125280000000,25821405,30643108,-0.0559,-0.1549,-0.2059,-0.3032,-0.2473,78900,0.6844,0.0086
2026-07-07,107600,13700,0,226537318,1317031731,-0.2247,-0.4563,-0.5379,-0.1585,0.0662,40800,0.3358,0.0462
2026-07-06,107640,33150,300502959900,1895815750,1895815750,0.0,0.0,0.0,0.0,0.0,33150,1.0,0.0
2026-07-06,108230,3125,0,337654440,516634313,-0.1222,-0.2497,-0.3407,-0.2656,-0.1434,5520,0.5661,0.034
2026-07-15,108320,39500,644066280000,4496091830,8129403383,-0.206,-0.2389,-0.2224,-0.4069,-0.2009,66700,0.5922,0.0448
2026-07-06,108380,18300,0,1639694328,1384098307,-0.0129,-0.2531,-0.3417,-0.2129,-0.2,34400,0.532,0.0424
2026-07-15,108490,220000,3240087188000,40952619092,105152318739,-0.2994,-0.0698,-0.0909,2.3321,2.6315,405000,0.5432,0.0791
2026-06-25,108670,29500,264546265000,917478797,1651687882,-0.1962,0.0137,-0.0101,-0.081,0.1152,42500,0.6941,0.0397
2026-06-26,108675,15290,15753355800,46168294,99444770,-0.1006,-0.0218,-0.1126,-0.1824,-0.0818,19940,0.7668,0.0301
2026-07-07,108860,7250,0,2821000062,5337650155,-0.14,-0.4246,-0.4149,-0.5519,-0.4119,16750,0.4328,0.0474
2026-06-24,109070,1721,90886405830,1458787005,3300182397,0.1204,0.2682,1.071,0.7965,0.6761,2330,0.7386,0.0825
2026-07-06,109080,8560,0,311706063,4286362284,-0.235,-0.1917,0.0607,-0.0923,0.1427,20400,0.4196,0.0523
2026-07-07,109610,2560,125202944000,2761478522,2761478522,0.0,0.0,0.0,0.0,0.0,2560,1.0,0.0
2026-07-07,109670,3950,0,74765398,66646938,0.2117,-0.2044,-0.3166,-0.4225,-0.6342,8950,0.4413,0.0485
2026-07-07,109740,4990,0,456108869,472485514,-0.1215,-0.1613,-0.3155,-0.3434,-0.2219,8850,0.5638,0.0576
2026-07-06,109820,1383,0,53742069,457479633,-0.1855,-0.2958,-0.432,-0.4721,-0.2866,3245,0.4262,0.0352
2026-07-06,109860,7300,0,18987144,62844413,0.0027,0.0399,-0.0829,-0.1289,-0.1316,8440,0.8649,0.0134
2026-07-06,109960,1717,0,18459413,73283370,-0.1385,-0.4997,-0.6494,-0.7342,-0.5957,9756,0.176,0.0401
2026-07-07,110020,1741,0,29878467,97436215,-0.0376,-0.243,-0.3239,-0.5769,-0.5393,4200,0.4145,0.0332
2026-07-06,110790,2985,0,38258585,53917979,-0.1076,-0.2307,-0.296,-0.3982,-0.2906,5150,0.5796,0.0137
2026-07-07,110990,16930,319977000000,1033637640,1033637640,0.0,0.0,0.0,0.0,0.0,16930,1.0,0.0
2026-06-24,111110,6360,57659760000,106630440,173341771,-0.124,-0.137,-0.2647,-0.2854,-0.1614,9140,0.6958,0.0172
2026-06-24,111380,11270,69062560000,167466460,156481875,-0.1839,-0.1956,-0.2007,-0.2653,-0.0814,16780,0.6716,0.0186
2026-07-06,111710,5280,108704640000,1882100910,1882100910,0.0,0.0,0.0,0.0,0.0,5280,1.0,0.0
2026-07-15,111770,85100,3744319046000,6713431822,6946996146,0.0506,0.0585,0.0143,0.3837,0.3331,98000,0.8684,0.0354
2026-07-15,112040,16950,576784726170,6562979063,5303285423,-0.0594,-0.1691,-0.3165,-0.4895,-0.4301,34150,0.4963,0.0673
2026-07-07,112290,9910,200391001900,1152595550,1152595550,0.0,0.0,0.0,0.0,0.0,9910,1.0,0.0
2026-07-15,112610,40800,1722701812550,23678205443,28025489498,-0.2817,-0.3809,0.0329,-0.1733,0.1084,76900,0.5306,0.0581
2026-07-06,113810,465,0,340051234,406783756,-0.3121,-0.3319,-0.4158,-0.5654,-0.2533,1070,0.4346,0.0566
2026-07-15,114090,9270,575257731000,2510366488,4340774349,-0.2077,-0.2243,-0.3258,-0.4271,-0.2194,17490,0.53,0.031
2026-07-07,114190,8950,233801190100,1102101760,1102101760,0.0,0.0,0.0,0.0,0.0,8950,1.0,0.0
2026-07-06,114450,1864,0,580521164,4803762879,-0.2085,-0.2789,-0.3605,-0.4184,-0.2099,4045,0.4608,0.0628
2026-07-06,114630,1816,0,174117440,218508145,-0.0237,-0.2321,-0.2736,-0.3249,-0.3012,2795,0.6497,0.0271
2026-07-06,114810,12490,351508243260,2403001945,2403001945,0.0,0.0,0.0,0.0,0.0,12490,1.0,0.0
2026-07-03,114840,8360,0,377877824,822131486,-0.1581,-0.2774,-0.3853,-0.5602,-0.4021,27000,0.3096,0.0375
2026-07-06,115160,5830,0,189401807,514537993,-0.118,-0.1299,-0.289,-0.4681,-0.3501,10940,0.5329,0.0643
2026-07-07,115180,19800,742717819800,1089054045,1089054045,0.0,0.0,0.0,0.0,0.0,19800,1.0,0.0
2026-07-06,115310,7000,0,102539845,204256802,-0.1337,-0.4697,-0.4599,-0.1982,-0.0645,18220,0.3842,0.0293
2026-07-06,115440,7260,0,3582398773,25083208087,-0.2882,-0.3157,-0.0041,0.0708,0.359,18720,0.3878,0.0807
2026-07-07,115450,2215,0,771704344,1864538653,-0.1014,-0.2641,-0.2009,-0.545,-0.4436,4706,0.4707,0.0371
2026-07-06,115480,1873,0,62884242,168852096,-0.0578,-0.2276,-0.3214,-0.3997,-0.3419,3220,0.5817,0.0412
2026-07-06,115500,8610,0,4224456658,20581909627,-0.3502,-0.0205,-0.1133,-0.2401,0.1101,23100,0.3727,0.1008
2026-07-07,115530,1777,0,86744130,198123190,-0.0573,-0.4664,-0.4743,-0.6556,-0.5983,5680,0.3129,0.0459
2026-07-06,115570,2455,0,90589392,67264519,-0.0612,-0.1748,-0.2549,-0.2458,-0.1846,3430,0.7157,0.0347
2026-07-07,115610,1350,0,1947866459,1238711564,-0.1945,-0.4532,-0.4107,-0.4405,-0.246,4863,0.2776,0.0615
2026-06-24,117580,6690,183975000000,1166578431,4086266027,-0.1637,-0.4228,-0.1812,-0.1841,-0.0204,14390,0.4649,0.0203
2026-07-07,117670,8930,0,297335933,554536984,-0.2419,-0.4678,0.0568,-0.0678,0.1741,20550,0.4345,0.0506
2026-07-03,117730,13360,301375454480,1033421520,1033421520,0.0,0.0,0.0,0.0,0.0,13360,1.0,0.0
2026-06-25,118000,1189,20424328104,82802481,157540532,-0.2728,-0.5066,-0.6037,-0.6573,-0.3845,3610,0.3294,0.0335
2026-07-06,118990,5640,0,667892130,1258881937,-0.1885,-0.3097,-0.4503,-0.3935,-0.205,10490,0.5377,0.0312
2026-07-06,119500,2600,0,141275157,503067015,-0.1419,-0.2982,-0.2398,-0.1837,-0.0418,5630,0.4618,0.0361
2026-07-06,119610,15580,0,1260651850,1816758323,-0.1227,-0.1713,-0.0424,-0.0506,0.0721,22550,0.6909,0.0363
2026-06-26,119650,918,100782913662,0,0,0.0,0.0,0.0,0.0,0.0,918,1.0,0.0
2026-07-06,119830,5500,145961948000,1661936805,1661936805,0.0,0.0,0.0,0.0,0.0,5500,1.0,0.0
2026-07-15,119850,31900,525542642550,8133457728,7262349457,0.3574,-0.0492,0.0175,-0.0673,-0.4247,43950,0.7258,0.0609
2026-06-25,120030,86400,108661046400,115794830,126078118,-0.1009,-0.1429,-0.1246,-0.1504,-0.0495,131500,0.657,0.0144
2026-07-15,120110,52700,1587139696000,12534068310,26590834634,-0.2771,-0.4005,0.2807,0.1444,0.4215,100900,0.5223,0.0412
2026-06-26,120115,23050,63522387000,306834562,457967796,-0.1285,-0.201,-0.0961,0.0454,0.1739,32700,0.7049,0.0256
2026-07-06,120240,13670,0,256997262,333371420,0.0364,-0.0036,0.0224,-0.0394,-0.0758,14400,0.9493,0.0179
2026-07-07,121440,6660,285293207880,1379236250,1379236250,0.0,0.0,0.0,0.0,0.0,6660,1.0,0.0
2026-07-07,121600,46200,566513224200,1919028525,1919028525,0.0,0.0,0.0,0.0,0.0,46200,1.0,0.0
2026-07-06,121800,3320,0,0,0,0.0,0.0,0.0,0.0,0.0,3320,1.0,0.0
2026-07-07,121850,1436,0,82045267,892605888,-0.1222,-0.267,-0.6795,-0.8529,-0.7307,9667,0.1485,0.0853
2026-07-06,121890,1811,0,147561216,472169311,-0.1166,0.1248,0.0272,0.1419,0.2585,2940,0.616,0.0631
2026-07-06,122310,3380,0,55468148,126298241,-0.0598,-0.214,-0.2019,-0.4182,-0.3584,5880,0.5748,0.0269
2026-07-07,122350,1990,0,11564344019,4147300910,1.117,0.4054,0.5997,0.7365,-0.3805,2000,0.995,0.0885
2026-07-06,122450,2785,0,206561436,384459035,-0.0089,-0.0763,-0.2747,-0.3516,-0.3427,5000,0.557,0.0233
2026-07-15,122640,30700,662064949100,45785852723,21661967262,0.0623,0.137,0.5679,0.8274,0.7651,39850,0.7704,0.085
2026-07-06,122690,1707,0,75972329,144660795,-0.0517,-0.2946,-0.5285,-0.2843,-0.2326,4040,0.4225,0.0373
2026-07-15,122870,40900,764463904100,4895675067,5652006091,-0.1166,-0.2027,-0.4003,-0.5272,-0.4106,107400,0.3808,0.0339
2026-06-25,122900,7180,240019071200,883599683,855980369,-0.0083,-0.0452,-0.0969,-0.1276,-0.1193,8590,0.8359,0.0138
2026-07-07,122990,6130,0,755364106,1468478768,-0.0851,-0.0598,0.0679,-0.0569,0.0282,8710,0.7038,0.0323
2026-07-07,123010,1554,0,1045348339,4472968638,-0.4147,0.3004,0.3912,0.3716,0.7863,2785,0.558,0.0907
2026-07-07,123040,1607,0,376791830,494332958,-0.1195,-0.2858,-0.2366,-0.407,-0.2875,2990,0.5375,0.0326
2026-07-07,123330,25650,204396642000,9010660100,9010660100,0.0,0.0,0.0,0.0,0.0,25650,1.0,0.0
2026-07-03,123410,5450,0,911772571,1168422343,-0.1667,-0.2214,-0.337,0.1596,0.3263,9250,0.5892,0.0364
2026-07-03,123420,6310,0,1790030681,1530253163,-0.0202,-0.0986,-0.1708,-0.3832,-0.363,11610,0.5435,0.0552
2026-07-06,123570,1792,0,21904418,33078811,0.0566,-0.034,-0.099,-0.2803,-0.3369,2505,0.7154,0.0217
2026-06-25,123690,6090,97854120000,491683538,1620065817,-0.2301,-0.26,-0.3702,-0.1483,0.0818,12750,0.4776,0.0261
2026-06-24,123700,3050,47594938900,91448666,128239687,-0.1723,-0.1421,-0.2016,-0.1396,0.0327,4000,0.7625,0.0182
2026-07-06,123750,2250,0,116824278,268105288,0.3736,-0.2007,0.7442,0.4133,0.0397,3145,0.7154,0.0375
2026-07-06,123840,2255,0,30375455,38467377,-0.3719,-0.6228,-0.7852,-0.8457,-0.4738,15794,0.1428,0.0491
2026-07-06,123860,15100,0,661435814,1753717619,-0.1039,-0.092,-0.1302,-0.1634,-0.0595,22500,0.6711,0.0441
2026-06-24,123890,2125,260044592750,2239314884,1191611936,-0.1273,-0.2544,-0.1617,-0.1683,-0.041,3025,0.7025,0.0235
2026-07-07,124500,20650,479173482550,2682977800,2682977800,0.0,0.0,0.0,0.0,0.0,20650,1.0,0.0
2026-07-06,124560,1876,0,152713648,447213536,-0.0611,-0.2826,-0.2826,-0.3715,-0.3104,3460,0.5422,0.0287
2026-07-07,125020,4810,168535425500,1982832452,1982832452,0.0,0.0,0.0,0.0,0.0,4810,1.0,0.0
2026-07-06,125210,6350,0,1538027592,5381170021,-0.2642,-0.1901,0.0359,-0.0276,0.2366,15860,0.4004,0.0594
2026-07-07,125490,8100,295669051200,2376041075,2376041075,0.0,0.0,0.0,0.0,0.0,8100,1.0,0.0
2026-07-08,126340,79250,550737753800,14118288717,22454090166,-0.2438,-0.3238,0.1022,1.5212,1.765,193600,0.4093,0.0918
2026-06-25,126560,2910,317775026400,240027994,357776243,-0.0235,-0.1032,-0.0935,-0.1005,-0.077,3650,0.7973,0.0165
2026-07-06,126600,3055,0,331782763,1715712037,-0.0255,-0.2969,-0.1721,-0.0065,0.019,5020,0.6086,0.0324
2026-07-07,126640,3640,127603512400,4201562984,4201562984,0.0,0.0,0.0,0.0,0.0,3640,1.0,0.0
2026-07-03,126700,10160,151811857920,1264558775,1264558775,0.0,0.0,0.0,0.0,0.0,10160,1.0,0.0
2026-06-24,126720,21000,300006000000,1032981463,2103057737,-0.2857,-0.3,-0.0411,-0.2193,0.0664,35700,0.5882,0.0349
2026-07-06,126730,15440,135410745440,1148088170,1148088170,0.0,0.0,0.0,0.0,0.0,15440,1.0,0.0
2026-07-06,126880,3020,0,216073072,620940676,-0.0518,-0.1517,-0.2266,-0.2488,-0.197,4855,0.622,0.031
2026-07-15,127120,39800,1394866487300,4671548611,7361265520,0.1025,-0.0995,1.0849,2.5759,2.4734,48900,0.8139,0.061
2026-07-06,127710,918,0,24384871,139055619,-0.1026,-0.4549,-0.134,-0.1364,-0.0338,1782,0.5152,0.0364
2026-07-07,127980,3105,0,53514353,1463852692,-0.1551,-0.379,-0.4825,-0.4868,-0.3317,7140,0.4349,0.0608
2026-07-06,128540,1325,0,361516203,276453111,-0.0643,-0.2514,-0.2323,-0.1745,-0.1102,2845,0.4657,0.031
2026-07-06,128660,2800,0,230934593,1392497567,-0.0572,-0.1277,-0.0345,-0.0924,-0.0352,3975,0.7044,0.0282
2026-06-25,128820,4450,201297877100,2551032137,5756689074,-0.2937,-0.3768,-0.4458,0.0011,0.2948,11810,0.3768,0.0411
2026-07-15,128940,386500,4957853517000,43817229825,65433640379,-0.0917,-0.2422,-0.1652,0.3169,0.4086,626000,0.6174,0.0528
2026-07-06,129260,1984,0,71226675,164333611,0.0296,-0.1869,-0.2204,-0.2597,-0.2893,3475,0.5709,0.0208
2026-07-06,129890,920,0,952431345,589988170,-0.0679,0.0022,-0.2879,-0.0054,0.0625,1327,0.6933,0.0274
2026-07-07,129920,4445,0,1174380344,3646090488,-0.2604,-0.6874,0.1168,-0.0482,0.2122,14700,0.3024,0.0684
2026-07-06,130500,1878,0,44268558,95415046,-0.0817,-0.2287,-0.2224,-0.2927,-0.211,3025,0.6208,0.0233
2026-07-06,130580,5630,0,38077971,50983061,0.0236,0.0349,-0.1457,0.0108,-0.0128,6590,0.8543,0.0156
2026-06-23,130660,11640,379464000000,3205171345,8892588736,-0.1098,-0.3325,0.2302,0.2237,0.3335,25650,0.5439,0.0386
2026-07-06,130740,2000,0,256364050,525834550,-0.0315,-0.0099,0.0911,0.0977,0.1292,3120,0.641,0.0583
2026-07-06,131030,5990,0,674414262,1865462126,0.0187,-0.4454,-0.1356,-0.037,-0.0557,19260,0.311,0.0412
2026-07-06,131090,3670,0,73149833,330637097,-0.02,-0.0355,-0.0626,-0.1669,-0.1469,4580,0.8013,0.0301
2026-07-06,131100,790,0,26657110,45542254,-0.0482,-0.3809,-0.3862,-0.5762,-0.528,2195,0.3599,0.0303
2026-07-06,131180,3995,0,19163867,34152320,-0.0611,-0.1142,-0.201,-0.222,-0.1609,5355,0.746,0.0179
2026-07-06,131220,3600,0,61873096,97190916,-0.0805,-0.2035,-0.2484,-0.2843,-0.2038,5200,0.6923,0.0224
2026-07-15,131290,286500,3185691552000,32143961387,28053183788,0.1414,1.3935,3.7044,6.1446,6.0032,286500,1.0,0.0782
2026-07-06,131370,1435,0,388560160,842915435,-0.1762,-0.4427,-0.407,-0.5723,-0.3961,3320,0.4322,0.0343
2026-07-07,131400,1065,0,945245569,5455896959,-0.2441,-0.29,-0.2447,-0.2034,0.0407,2580,0.4128,0.0702
2026-07-07,131760,1710,0,421854749,9064873109,-0.3187,-0.4412,-0.5558,-0.5778,-0.2591,10200,0.1676,0.104
2026-07-15,131970,97000,1878607533600,34213370632,54506204139,-0.3546,0.106,0.8618,2.5993,2.9539,190100,0.5103,0.074
2026-07-06,133750,1417,0,31314405,61047956,-0.0321,-0.2039,-0.2236,-0.3409,-0.3088,2170,0.653,0.0217
2026-06-26,133820,989,36557784470,130200242,321435430,-0.1675,-0.1998,-0.4085,0.1594,0.3269,2700,0.3663,0.038
2026-07-06,134060,4835,0,114187738,64338204,0.1553,0.1836,0.1485,0.0287,-0.1266,4905,0.9857,0.0308
2026-06-24,134380,10080,221686214400,91047481,155449671,-0.1064,-0.1235,0.0712,0.26,0.3664,14790,0.6815,0.0366
2026-07-07,134580,1059,0,58052574,306224260,-0.0711,-0.3632,-0.4583,-0.4162,-0.3451,2930,0.3614,0.0473
2026-06-26,134790,16220,32520000000,25313454,26724274,-0.1454,-0.1543,-0.2644,-0.4851,-0.3397,35700,0.4543,0.0177
2026-07-07,136150,8530,0,398821194,692783116,-0.1742,-0.5101,-0.5392,-0.7038,-0.5296,30750,0.2774,0.059
2026-07-06,136410,5080,0,91762076,199041915,-0.0469,-0.2701,-0.502,-0.3705,-0.3236,12170,0.4174,0.034
2026-07-06,136480,2735,290483534970,1112852350,1112852350,0.0,0.0,0.0,0.0,0.0,2735,1.0,0.0
2026-06-24,136490,8850,210449495400,946842882,1286748740,-0.1744,-0.1571,-0.1176,-0.179,-0.0046,14900,0.594,0.0322
2026-07-06,136540,10350,0,296512648,1436248000,0.0,-0.0784,-0.1488,-0.1952,-0.1952,13360,0.7747,0.0228
2026-07-03,137080,5880,0,148231764,179579287,0.311,0.1136,0.5618,0.9216,0.6106,6130,0.9592,0.039
2026-06-25,137310,6090,735362031180,938311736,1166875672,-0.2759,-0.2101,-0.3226,-0.4672,-0.1913,11520,0.5286,0.03
2026-07-07,137400,32900,779424951200,2668706425,2668706425,0.0,0.0,0.0,0.0,0.0,32900,1.0,0.0
2026-07-07,137940,2155,0,75730035,140033961,0.3045,-0.1959,-0.3048,-0.4599,-0.7644,4060,0.5308,0.0527
2026-07-06,137950,2630,0,302813769,2677238299,-0.1571,-0.5402,-0.2114,-0.3554,-0.1983,5720,0.4598,0.037
2026-06-24,138040,103500,17320442755500,39509807033,32891552708,-0.0522,-0.0171,-0.0599,-0.0775,-0.0253,146200,0.7079,0.0224
2026-07-06,138070,1263,0,59034919,84885002,-0.0672,-0.2695,-0.4098,-0.4792,-0.412,2445,0.5166,0.0336
2026-07-07,138080,21200,262408469600,2466797375,2466797375,0.0,0.0,0.0,0.0,0.0,21200,1.0,0.0
2026-07-06,138360,2030,156293195660,1058903368,1058903368,0.0,0.0,0.0,0.0,0.0,2030,1.0,0.0
2026-07-06,138610,16690,0,549795719,1238980419,-0.1437,-0.3642,-0.5513,-0.3898,-0.2461,52300,0.3191,0.0405
2026-07-16,138930,18330,5688294514890,19281975199,22026280372,0.0088,-0.0166,0.198,0.3679,0.3591,22650,0.8093,0.0237
2026-07-16,139130,18410,2915470341280,10502041412,12293705463,0.0331,0.0066,0.2705,0.3947,0.3616,21650,0.8503,0.0254
2026-07-15,139480,80000,2210425101900,10434664080,19067513023,-0.1209,-0.1361,-0.0087,-0.1462,-0.0253,127600,0.627,0.0374
2026-07-06,139670,1480,0,40789549,62789817,-0.0621,-0.2387,-0.2581,-0.4559,-0.3938,2790,0.5305,0.0305
2026-06-26,139990,1986,77007007618,724218305,855046815,-0.3245,-0.3369,-0.4406,-0.5271,-0.2026,4450,0.4463,0.0535
2026-07-06,140070,1674,0,277429764,398016195,-0.1171,-0.1189,-0.1874,-0.3331,-0.216,2680,0.6246,0.0387
2026-07-15,140410,53000,1613824067700,7377055503,11546095710,-0.1732,-0.369,-0.4462,0.366,0.5392,172700,0.3069,0.0332
2026-07-07,140430,1904,0,129525577,2105869408,-0.1144,-0.4022,-0.5643,-0.5953,-0.4809,9670,0.1969,0.0782
2026-07-06,140520,1977,0,66438925,131054646,-0.004,-0.038,-0.1213,-0.1587,-0.1547,2480,0.7972,0.0182
2026-07-07,140670,9410,0,1584830020,3938152951,-0.1782,-0.3949,-0.4611,-0.3989,-0.2207,27200,0.346,0.0426
2026-07-15,140860,265000,1862656754000,12423388525,14573500599,0.0621,0.0372,0.1883,-0.0986,-0.1607,339500,0.7806,0.0645
2026-07-06,141000,8930,0,510104723,1363824174,0.03,-0.086,0.2368,0.0469,0.0169,12360,0.7225,0.0465
2026-07-15,141080,111700,4142472874200,71971157770,71473720475,-0.2004,-0.4084,-0.3943,-0.1314,0.069,213500,0.5232,0.0609
2026-07-06,142210,5630,116830398890,1024529020,1024529020,0.0,0.0,0.0,0.0,0.0,5630,1.0,0.0
2026-07-06,142280,2940,0,981041094,11844347073,-0.2011,-0.1753,-0.265,-0.3,-0.0989,6230,0.4719,0.0644
2026-07-07,142760,422,0,127296903,225354179,-0.3794,-0.5985,-0.7589,-0.8042,-0.4248,2170,0.1945,0.0448
2026-07-06,143160,15280,0,160088687,209950261,-0.0366,-0.1228,-0.153,0.0026,0.0392,20100,0.7602,0.019
2026-06-25,143210,1199,26229020653,0,0,0.0,0.0,-0.1248,-0.2738,-0.2738,1816,0.6602,0.0
2026-07-03,143240,15900,0,230250042,337494237,0.06,-0.0558,0.1497,0.0392,-0.0208,17600,0.9034,0.0225
2026-07-03,143540,1042,0,237022340,611849282,-0.0123,-0.2281,0.1669,0.809,0.8213,1655,0.6296,0.0488
2026-07-07,144510,13890,0,787157641,902321026,-0.1158,-0.3934,-0.4488,-0.3433,-0.2275,27500,0.5051,0.0435
2026-07-07,144960,8330,363959557920,5982321435,5982321435,0.0,0.0,0.0,0.0,0.0,8330,1.0,0.0
2026-07-15,145020,230500,2836079606500,15004609902,15333424914,-0.0376,-0.0996,0.0022,-0.3886,-0.351,362000,0.6367,0.0392
2026-07-06,145170,3190,0,205253717,4496095527,-0.1821,-0.1841,-0.1955,-0.4158,-0.2337,5650,0.5646,0.0396
2026-06-25,145210,224,9461013632,0,0,0.0,0.0,-0.7358,-0.7549,-0.7549,1019,0.2198,0.0
2026-06-23,145720,41050,354010725550,1608506655,2217079696,-0.1093,-0.1229,-0.0827,-0.2737,-0.1644,71900,0.6405,0.0282
2026-06-25,145990,43550,449150703950,459121907,444508702,-0.0125,-0.0704,-0.1393,-0.1798,-0.1673,59200,0.7356,0.0174
2026-06-26,145995,31700,11731219000,50919107,37013760,0.0063,-0.0943,-0.1734,-0.1207,-0.127,39800,0.7965,0.0116
2026-07-06,146060,914,0,1977757823,804359870,-0.0645,-0.3648,-0.208,-0.3434,-0.2789,2055,0.4448,0.06
2026-07-06,146320,10710,0,1066107128,1335428841,-0.1899,-0.1411,-0.1755,0.2007,0.3906,18150,0.5901,0.0598
2026-07-07,147760,3680,0,875281470,2434429258,-0.2923,0.3871,0.5876,0.9197,1.212,9580,0.3841,0.1073
2026-07-07,147830,6800,136000000000,1044830020,1044830020,0.0,0.0,0.0,0.0,0.0,6800,1.0,0.0
2026-07-24,148070,103045,0,0,0,-0.0192,-0.0498,-0.049,-0.0845,-0.0653,114016,0.9038,0.0039
2026-07-03,148150,3130,0,362335448,610375351,-0.1529,-0.2982,-0.3875,-0.486,-0.3331,8510,0.3678,0.0343
2026-07-07,148250,2335,0,149476726,1402394112,-0.0843,-0.4427,-0.2903,-0.6874,-0.6031,8610,0.2712,0.0576
2026-07-07,148780,477,0,187364156,370676599,-0.205,-0.5741,-0.6516,-0.8309,-0.6259,2645,0.1803,0.0551
2026-07-06,148930,3455,0,216843201,164088812,0.2339,0.223,0.1181,-0.1297,-0.3636,3975,0.8692,0.0361
2026-07-07,149950,8940,122189264820,1135651770,1135651770,0.0,0.0,0.0,0.0,0.0,8940,1.0,0.0
2026-07-06,149980,4840,0,246589993,824132336,-0.0359,-0.4424,-0.4424,-0.4424,-0.4065,8680,0.5576,0.0455
2026-07-06,150900,3145,0,308024818,7639230450,-0.1534,-0.0513,-0.2948,-0.4187,-0.2653,6200,0.5073,0.0602
2026-07-03,151860,5560,0,1477280838,1455593886,0.0734,-0.1132,-0.0528,-0.0974,-0.1708,7490,0.7423,0.0323
2026-07-06,153460,6180,0,260789608,1282293570,-0.1357,-0.0565,-0.1393,-0.2294,-0.0937,15370,0.4021,0.0827
2026-07-06,153490,455,0,71460808,207703039,-0.35,-0.4083,-0.3472,-0.3741,-0.0241,916,0.4967,0.0356
2026-07-07,153710,4750,0,41277298,115479983,0.0795,-0.0705,-0.0741,-0.0414,-0.1209,6200,0.7661,0.0242
2026-07-07,153890,15250,183767151250,39689958745,39689958745,0.0,0.0,0.0,0.0,0.0,15250,1.0,0.0
2026-07-07,154030,1636,0,31410982,75639880,0.0161,-0.1674,-0.1921,-0.3671,-0.3832,2800,0.5843,0.0173
2026-07-03,154040,730,0,81170345,136160143,-0.0999,-0.3272,-0.3624,-0.4568,-0.3569,1398,0.5222,0.0347
2026-07-06,155650,2935,0,301291706,1157653632,-0.1173,-0.1493,-0.2078,-0.1847,-0.0674,4905,0.5984,0.0423
2026-06-24,155660,4065,65040000000,162410965,191398539,-0.0793,-0.0073,0.0175,-0.0037,0.0756,4600,0.8837,0.0194
2026-07-07,156100,4730,0,551902160,1144498076,-0.0042,-0.392,-0.635,-0.1731,-0.1689,15890,0.2977,0.0387
2026-07-24,157450,112230,0,0,0,0.0021,0.0061,0.0117,0.023,0.0209,112235,1.0,0.0001
2026-07-06,158430,4125,0,1214371698,20355312769,-0.2634,-0.2814,-0.3452,-0.6757,-0.4123,10880,0.3791,0.0646
2026-07-07,159010,16370,218289677430,1324950930,1324950930,0.0,0.0,0.0,0.0,0.0,16370,1.0,0.0
2026-07-06,159580,2180,0,109079159,146127370,-0.1727,-0.3994,-0.4591,-0.5609,-0.3882,4925,0.4426,0.0273
2026-07-07,159910,2820,0,51150000,104605522,-0.1188,-0.2263,-0.2156,-0.2923,-0.1735,4585,0.615,0.0508
2026-07-06,160190,19370,598300560000,1319394490,1319394490,0.0,0.0,0.0,0.0,0.0,19370,1.0,0.0
2026-07-06,160550,1184,0,74440233,119112254,-0.0757,-0.3027,-0.4321,-0.5087,-0.433,3285,0.3604,0.0335
2026-07-07,160980,31050,339197745150,9490923450,9490923450,0.0,0.0,0.0,0.0,0.0,31050,1.0,0.0
2026-06-26,161000,9470,458270838780,2343639614,17816832401,-0.2906,0.0053,-0.0981,-0.0614,0.2292,19100,0.4958,0.0601
2026-07-16,161390,73600,9117205078400,27712017193,30890962858,0.0855,0.2046,0.2668,0.7057,0.6202,75900,0.9697,0.0346
2026-07-24,161510,25250,0,0,0,0.062,-0.0739,0.156,0.2704,0.2084,29143,0.8664,0.0198
2026-07-15,161580,29950,705611634700,6515577917,21722245410,-0.3011,-0.2369,-0.3193,-0.1971,0.104,63000,0.4754,0.0672
2026-07-15,161890,107000,2513940700500,46683578995,30092379044,0.2485,0.3065,0.6984,0.0711,-0.1774,117800,0.9083,0.0373
2026-07-06,162300,1758,0,303259852,637997490,0.0933,0.1091,-0.0034,-0.2238,-0.3171,2325,0.7561,0.0376
2026-07-06,163280,3835,0,233293489,602728835,-0.0955,-0.3284,-0.4045,-0.6194,-0.5239,9740,0.3937,0.0336
2026-06-25,163560,5490,76311000000,198451112,895663103,-0.2179,-0.1997,-0.1938,-0.267,-0.0491,7940,0.6914,0.0287
2026-07-06,163730,9860,0,1212017934,6126900154,-0.3181,0.0591,-0.0362,-0.3081,0.01,23700,0.416,0.0655
2026-07-15,166090,57200,1133260720200,11410880827,15836920681,-0.1863,-0.0877,0.1697,1.1585,1.3448,81100,0.7053,0.0595
2026-07-07,166480,2010,0,472467357,2534577463,-0.25,-0.1677,0.1625,-0.1355,0.1145,4800,0.4188,0.0748
2026-07-07,168330,1864,0,81658599,187980113,-0.186,-0.0973,-0.3958,-0.5346,-0.3486,4030,0.4625,0.0415
2026-07-07,168360,16300,357073896200,1457461265,1457461265,0.0,0.0,0.0,0.0,0.0,16300,1.0,0.0
2026-07-07,169330,1497,0,13912630,65313098,-0.0483,-0.2477,-0.2067,-0.3434,-0.2951,2300,0.6509,0.0285
2026-07-06,170030,4880,0,190563368,1320999025,-0.0431,-0.074,-0.2154,-0.1557,-0.1126,6830,0.7145,0.029
2026-07-06,170790,7770,0,133754062,954837412,-0.0524,-0.1545,-0.1309,-0.0923,-0.0399,12440,0.6246,0.0373
2026-06-26,170900,32450,315181335600,720930608,761365073,-0.2085,-0.2716,-0.3946,-0.2814,-0.0729,55125,0.5887,0.0219
2026-07-15,170920,56200,586308993000,18762317795,17856999455,0.0766,0.9548,1.5488,3.5728,3.4962,57800,0.9723,0.0806
2026-07-07,171010,2640,0,162347974,1189541348,-0.0737,-0.1579,-0.3265,-0.4081,-0.3344,4800,0.55,0.0383
2026-07-15,171090,57100,578880469800,3438564852,11942282655,-0.2397,-0.3028,0.1846,0.6085,0.8482,131000,0.4359,0.0579
2026-07-06,171120,2055,0,205417194,2318463704,-0.0238,0.0173,-0.0764,-0.1085,-0.0847,2925,0.7026,0.0456
2026-07-07,172670,8890,0,803244078,3321927300,-0.207,-0.1629,-0.2517,0.0634,0.2704,19900,0.4467,0.0664
2026-07-03,173130,6430,0,1445474546,1769139543,-0.0345,-0.1483,-0.0599,-0.1057,-0.0712,8350,0.7701,0.0385
2026-07-07,173940,2070,0,50981985,116936985,-0.2698,-0.4465,-0.5048,-0.4792,-0.2094,5050,0.4099,0.0409
2026-07-07,174900,24950,497805618550,1948886200,1948886200,0.0,0.0,0.0,0.0,0.0,24950,1.0,0.0
2026-07-07,175140,2322,0,208403585,331687940,-0.0264,-0.4458,-0.4465,-0.5365,-0.5101,6610,0.3513,0.0372
2026-07-07,175250,2170,0,0,0,0.0,0.0,0.0,0.0358,0.0358,2170,1.0,0.0
2026-07-16,175330,27400,5158148201600,15978195941,19293795123,0.0055,-0.1046,0.1161,0.2685,0.263,37500,0.7307,0.0333
2026-07-06,176750,6240,0,147453370,241504469,-0.0127,-0.3239,-0.3397,-0.3822,-0.3695,11680,0.5342,0.0304
2026-07-03,177350,690,0,652354416,961820311,-0.0625,-0.3963,-0.4511,-0.3086,-0.2461,1701,0.4056,0.0754
2026-07-06,177830,2475,0,35474755,123880430,0.0102,-0.0934,-0.1316,-0.1722,-0.1824,3095,0.7997,0.0157
2026-07-07,177900,4200,0,212005154,2822419937,-0.1213,-0.3148,-0.3417,-0.4262,-0.3049,8550,0.4912,0.0464
2026-07-15,178320,38900,2498291427250,71906788805,141148614735,-0.4764,-0.1845,0.6242,0.7061,1.1825,80800,0.4814,0.0635
2026-07-06,178780,2415,0,68169245,65024157,0.05,-0.0492,-0.2247,-0.117,-0.167,3210,0.7523,0.0231
2026-06-23,178920,19950,585858123900,3389286763,6505613060,-0.1631,0.2187,0.3907,0.3687,0.5318,31250,0.7472,0.0499
2026-07-03,179290,4430,0,402737550,696268036,-0.0574,-0.3552,-0.3408,-0.4276,-0.3702,8190,0.5409,0.0295
2026-07-07,179530,2240,0,240327332,429576781,-0.0448,-0.2774,0.1089,-0.3222,-0.2774,4170,0.5372,0.0557
2026-07-07,179900,3925,0,4154138588,3938723806,-0.761,-0.7679,-0.8081,-0.8228,-0.0618,28250,0.1389,0.0887
2026-07-07,180400,2350,0,283251855,650040368,-0.1013,-0.5114,-0.2244,0.2201,0.3214,5110,0.4599,0.0405
2026-07-15,180640,113200,7504080159600,15766135812,20038938847,-0.1149,0.0282,-0.0131,-0.059,0.0559,173000,0.6543,0.0439
2026-06-26,18064K,28650,15378345900,61137568,81805319,-0.0155,-0.193,-0.2215,-0.2461,-0.2306,48100,0.5956,0.0263
2026-07-15,181710,38650,1256082880650,5697549396,7631303945,-0.0013,0.0026,0.1947,0.3305,0.3318,59600,0.6485,0.057
2026-07-07,182360,6020,0,222087460,350219680,0.0674,-0.3962,-0.5567,-0.6522,-0.7196,18400,0.3272,0.0435
2026-07-07,182400,3670,0,0,0,0.0,0.0,0.0,0.0,0.0,3670,1.0,0.0
2026-06-25,183190,8800,321256566400,440839573,960627206,-0.1347,-0.2733,-0.2971,-0.2648,-0.1301,14740,0.597,0.0266
2026-07-15,183300,77800,1610752304000,19738285472,26167876040,-0.2816,0.1451,0.5732,1.1246,1.4062,139200,0.5589,0.0825
2026-07-07,183490,990,0,0,0,0.0,0.0,-0.3315,-0.0917,-0.0917,1699,0.5827,0.0
2026-07-03,184230,1831,0,309240624,4475076531,-0.3366,-0.3256,-0.426,-0.3997,-0.0631,5840,0.3135,0.0936
2026-07-07,185490,1422,0,255639765,3326614729,-0.022,-0.0193,-0.2131,-0.4568,-0.4348,3222,0.4413,0.0611
2026-06-24,185750,67300,928927094000,2779572452,2566863517,-0.1587,-0.211,-0.222,-0.2352,-0.0765,97700,0.6888,0.0162
2026-07-07,186230,3145,0,154788744,195726842,-0.0584,-0.3065,-0.4705,-0.5501,-0.4917,7040,0.4467,0.0237
2026-07-06,187220,2490,0,50901826,139066355,-0.0726,-0.1473,0.0664,-0.17,-0.0974,3375,0.7378,0.0306
2026-07-06,187270,2940,0,45425782,136253924,-0.1378,-0.134,-0.0711,-0.1878,-0.05,4190,0.7017,0.025
2026-07-03,187420,1972,0,248329124,446568858,-0.1097,-0.26,-0.2723,-0.3951,-0.2854,3365,0.586,0.029
2026-07-06,187660,4840,268456664520,1136690594,1136690594,0.0,0.0,0.0,0.0,0.0,4840,1.0,0.0
2026-07-03,187790,3440,0,1598850628,5303994495,-0.389,-0.0337,-0.069,2.1416,2.5306,7280,0.4725,0.0721
2026-07-07,187870,12830,176669869800,1066384110,1066384110,0.0,0.0,0.0,0.0,0.0,12830,1.0,0.0
2026-07-07,188040,4990,0,117550801,151010711,0.0848,-0.1426,-0.3801,-0.753,-0.8378,18600,0.2683,0.0425
2026-07-07,188260,1991,0,31104968,145850368,0.2937,0.203,0.0354,-0.2612,-0.5549,2735,0.728,0.0506
2026-07-15,189300,65400,707601052300,7830759772,20468655509,-0.3486,-0.4523,-0.0929,0.3347,0.6833,172400,0.3794,0.0561
2026-07-07,189330,9600,0,1578026280,5672624282,0.1228,1.103,1.0535,0.1181,-0.0047,11900,0.8067,0.0967
2026-07-06,189690,1686,0,112382426,179314035,-0.0752,-0.1232,-0.1715,-0.4032,-0.328,2705,0.6233,0.0211
2026-07-03,189860,4290,0,1532352120,5175490438,-0.175,-0.2143,0.3816,-0.0435,0.1315,11300,0.3796,0.0934
2026-07-06,189980,1155,0,91583770,178964226,-0.0153,-0.2351,-0.3206,-0.4161,-0.4008,2265,0.5099,0.0212
2026-07-06,190510,13330,0,1052975570,1776883810,-0.208,-0.2339,-0.2795,-0.027,0.181,26900,0.4955,0.0532
2026-07-06,190650,6780,0,130554329,170236711,-0.057,-0.1504,-0.0517,-0.1504,-0.0934,11330,0.5984,0.0294
2026-07-06,191410,1261,0,168210952,640682800,-0.0862,-0.4505,-0.5381,-0.3064,-0.2202,4700,0.2683,0.0551
2026-07-07,191420,6710,0,80577135,177448999,-0.1206,-0.4632,-0.5946,-0.6207,-0.5001,18970,0.3537,0.0435
2026-06-24,192080,61600,1304285628800,8364573172,6529096211,-0.1111,0.2482,0.1471,0.1869,0.298,74600,0.8257,0.0312
2026-07-06,192250,7400,0,201605078,3824568681,-0.1523,-0.26,-0.2487,-0.4583,-0.306,15880,0.466,0.054
2026-07-06,192390,1716,0,69918111,104601764,-0.053,-0.1333,-0.211,-0.4021,-0.3491,2905,0.5907,0.0349
2026-07-27,192400,25900,921060591500,353697210,732699548,0.0769,-0.0944,-0.053,-0.2257,-0.3026,34750,0.7453,0.0195
2026-07-07,192410,3175,0,923157534,1874442276,-0.3007,-0.5226,1.0671,0.0441,0.3448,8140,0.39,0.0715
2026-07-06,192440,29250,0,245564183,454921599,-0.0394,0.1939,0.3,0.0484,0.0878,34150,0.8565,0.0287
2026-06-23,192650,4800,316256779200,4308230878,2848270569,-0.0823,-0.1691,-0.1989,-0.0429,0.0394,8670,0.669,0.0542
2026-07-15,192820,180500,2017942700200,15117812690,15707355959,0.0808,-0.0934,0.0421,-0.3176,-0.3984,266000,0.6786,0.0361
2026-07-06,193250,1320,0,48937412,211699194,-0.0571,-0.2807,-0.3684,-0.5479,-0.4908,2990,0.4415,0.0522
2026-06-23,194370,11270,327018862660,1733126998,1744020728,-0.0948,0.0049,0.0382,0.0158,0.1106,15370,0.7951,0.0366
2026-07-06,194480,17140,0,1174936685,1630871353,0.1542,-0.2675,-0.4268,-0.6105,-0.7647,56400,0.3039,0.0524
2026-07-06,194700,12920,235852636160,1090556390,1090556390,0.0,0.0,0.0,0.0,0.0,12920,1.0,0.0
2026-07-06,195500,1645,0,961920618,430119476,-0.1319,-0.3721,-0.4198,-0.4694,-0.3375,3280,0.5015,0.0495
2026-07-15,195870,61500,1052300000000,14508904250,23712741317,-0.2509,0.0789,0.3099,1.0707,1.3216,102400,0.6006,0.0728
2026-07-24,195930,22840,0,0,0,-0.0028,0.053,0.0398,0.1596,0.1624,23630,0.9666,0.0128
2026-07-15,195940,39150,1111948221750,6298512372,8032232463,-0.0734,-0.1928,-0.2585,-0.1092,-0.0358,57600,0.6797,0.0321
2026-07-24,195980,14470,0,0,0,-0.073,0.0056,0.1021,0.3113,0.3843,16130,0.8971,0.0189
2026-07-06,195990,696,0,120002331,299784471,-0.284,-0.489,-0.6897,-0.7197,-0.4357,3382,0.2058,0.0567
2026-07-15,196170,280500,15057762383000,178025798775,179558572595,-0.2043,-0.2065,-0.4138,-0.2952,-0.0909,559000,0.5018,0.05
2026-07-07,196300,4500,0,46725453,93714512,-0.0323,-0.3571,-0.3827,-0.4892,-0.4569,9400,0.4787,0.0356
2026-07-06,196450,973,0,206126268,619377331,-0.0907,-0.3104,0.227,0.4122,0.5029,1840,0.5288,0.0654
2026-07-07,196490,6090,0,0,0,0.0,0.0,0.0,0.0,0.0,6090,1.0,0.0
2026-07-03,196700,994,0,88169901,221238301,-0.2105,-0.5163,-0.5582,-0.3201,-0.1096,2960,0.3358,0.0397
2026-07-07,197140,2145,0,105083848,76872463,0.27,0.1295,-0.1245,-0.0833,-0.3533,2470,0.8684,0.0458
2026-07-03,198080,2150,0,215809967,489220772,-0.2916,-0.2007,-0.0205,-0.1278,0.1638,3280,0.6555,0.0402
2026-07-07,198440,1846,112480280016,33001473530,33001473530,0.0,0.0,0.0,0.0,0.0,1846,1.0,0.0
2026-07-07,198940,1462,0,1208524717,1639590334,-0.2868,0.0579,0.1281,-0.0266,0.2602,2630,0.5559,0.0846
2026-07-07,199430,10700,0,492535089,1387122221,-0.261,-0.5092,-0.6291,0.0775,0.3385,40450,0.2645,0.0522
2026-07-07,199480,2800,0,93192613,167208344,-0.1629,-0.3629,-0.4815,-0.6267,-0.4638,9620,0.2911,0.0265
2026-07-07,199550,3055,0,109378932,331962926,-0.1321,-0.4236,-0.4155,-0.6139,-0.4818,7723,0.3956,0.0387
2026-07-07,199730,2250,0,44652355,41598609,-0.2215,-0.4282,-0.5366,-0.6018,-0.3803,5870,0.3833,0.0313
2026-07-07,199800,33750,0,1963252853,5074219438,-0.216,-0.41,-0.4375,0.1288,0.3448,138200,0.2442,0.0825
2026-07-06,199820,7990,177537800000,1087150185,1087150185,0.0,0.0,0.0,0.0,0.0,7990,1.0,0.0
2026-07-07,200130,8540,0,1178921985,1066717449,-0.0738,-0.2271,-0.337,-0.419,-0.3452,17700,0.4825,0.0327
2026-07-06,200230,2720,0,62414694,666290038,-0.0948,-0.6116,-0.6367,-0.8027,-0.7079,31719,0.0858,0.0721
2026-07-07,200350,2065,0,157789468,395016472,-0.323,-0.5421,-0.6299,-0.8705,-0.5475,15280,0.1351,0.0682
2026-07-07,200470,5630,238498583590,1763291210,1763291210,0.0,0.0,0.0,0.0,0.0,5630,1.0,0.0
2026-07-03,200670,27100,0,1001434712,1356873090,0.0285,-0.2334,-0.3292,-0.536,-0.5645,75800,0.3575,0.0332
2026-07-07,200710,31500,424053220500,15176689250,15176689250,0.0,0.0,0.0,0.0,0.0,31500,1.0,0.0
2026-07-07,200780,3065,0,42591555,76169096,-0.1268,-0.3315,-0.4366,-0.2553,-0.1285,5870,0.5221,0.0239
2026-06-23,200880,10920,295150532040,1610908709,1532823844,-0.0344,-0.0758,-0.0278,0.108,0.1424,16700,0.7743,0.0355
2026-07-06,201490,2045,0,419145756,2500098210,-0.1242,-0.2591,-0.4319,-0.7191,-0.5949,7280,0.2809,0.0378
2026-07-07,203400,765,0,1292456957,1925022966,-0.3806,-0.6645,-0.7488,-0.7878,-0.4072,6091,0.1256,0.0766
2026-07-06,203450,2725,0,65822240,137503530,0.0168,-0.1167,-0.1404,-0.1363,-0.1531,3650,0.7466,0.0206
2026-07-07,203650,2100,213579416400,1576375573,1576375573,0.0,0.0,0.0,0.0,0.0,2100,1.0,0.0
2026-07-06,203690,149,0,167462728,55820909,-0.9663,-0.9663,-0.9663,-0.9663,0.0,4425,0.0337,0.138
2026-07-06,204020,1874,0,40021716,114890988,-0.0478,-0.0545,-0.1991,-0.5647,-0.5169,4450,0.4211,0.0268
2026-07-15,204270,16210,945243934440,14109615535,9867936340,-0.0587,-0.0705,-0.1763,-0.0025,0.0562,29450,0.5504,0.0739
2026-07-15,204320,46450,2174114656000,52509500285,58313680105,-0.396,-0.0654,-0.1808,0.3309,0.7269,76900,0.604,0.0629
2026-07-03,204610,3020,0,639979905,1029990929,0.2129,0.2104,0.603,0.4484,0.2355,3655,0.8263,0.0337
2026-07-07,204620,4955,348253900150,6926729849,6926729849,0.0,0.0,0.0,0.0,0.0,4955,1.0,0.0
2026-07-07,204840,806,0,88205028,169405960,-0.0893,-0.2346,-0.2816,-0.3426,-0.2533,1274,0.6327,0.0202
2026-07-07,205100,1512,106877871576,3269241321,3269241321,0.0,0.0,0.0,0.0,0.0,1512,1.0,0.0
2026-07-06,205470,2365,0,224686568,553457284,-0.2233,-0.3494,-0.5298,-0.6793,-0.456,7345,0.322,0.0376
2026-07-07,205500,1455,0,1718340799,1160201991,-0.2442,-0.1041,-0.2338,-0.6616,-0.4174,4455,0.3266,0.0643
2026-07-07,206400,1039,0,231437798,242055398,0.1418,-0.1187,-0.3571,-0.3626,-0.5044,2605,0.3988,0.0488
2026-07-07,206560,1201,0,108537237,282424285,-0.1265,-0.6043,-0.7035,-0.8346,-0.7081,6780,0.1771,0.0436
2026-07-06,206640,11000,0,434464385,527303063,0.0195,0.0309,-0.1493,-0.2583,-0.2778,14800,0.7432,0.0247
2026-07-03,206650,8710,320112593970,1012235695,1012235695,0.0,0.0,0.0,0.0,0.0,8710,1.0,0.0
2026-07-07,207760,457,0,136577296,252965356,-0.2148,-0.536,-0.6382,-0.7543,-0.5395,2105,0.2171,0.0505
2026-07-15,207940,1412000,65409113763000,85113212096,89354904432,0.0593,-0.089,-0.2509,-0.081,-0.1403,1965000,0.7186,0.0286
2026-07-06,208140,2280,0,129475305,193412931,0.0133,-0.0598,-0.1664,-0.1648,-0.1781,2845,0.8014,0.0124
2026-07-06,208350,2995,0,51267659,262560082,0.0716,-0.0083,0.0274,0.0417,-0.0299,3570,0.8389,0.0282
2026-07-06,208370,2790,0,378537660,594384901,-0.1415,-0.3341,-0.5239,-0.4442,-0.3027,6650,0.4195,0.0313
2026-07-07,208640,762,0,132241980,907136467,-0.2818,-0.5426,-0.6732,-0.6839,-0.4021,6369,0.1196,0.0945
2026-07-07,208710,1879,0,777978520,4443122983,-0.3079,-0.0628,-0.0966,-0.2055,0.1024,4605,0.408,0.1071
2026-07-07,208860,989,0,27468686,96800748,0.0868,-0.2327,-0.3411,-0.5853,-0.6721,2385,0.4147,0.035
2026-07-07,209640,3645,103675267170,1130759656,1130759656,0.0,0.0,0.0,0.0,0.0,3645,1.0,0.0
2026-07-07,210120,930,0,0,465117064,-0.2906,-0.405,-0.2065,-0.8071,-0.5165,4800,0.1938,0.0549
2026-07-06,210540,11330,0,842518805,1185795560,-0.0965,-0.1913,-0.17,-0.1128,-0.0163,16300,0.6951,0.0261
2026-06-25,210980,11490,213913719180,279602912,334211500,-0.0582,-0.1289,-0.0938,0.1513,0.2095,13580,0.8461,0.0109
2026-07-06,211050,10400,512342032800,1670597435,1670597435,0.0,0.0,0.0,0.0,0.0,10400,1.0,0.0
2026-07-07,211270,8420,0,1666690640,5223870176,-0.284,-0.4777,-0.337,-0.3631,-0.0791,21250,0.3962,0.051
2026-07-07,212560,10260,138369930480,1475912725,1475912725,0.0,0.0,0.0,0.0,0.0,10260,1.0,0.0
2026-07-07,212710,9420,0,1865864761,2913732392,0.0261,0.3065,0.1731,-0.0792,-0.1053,14420,0.6533,0.0654
2026-07-15,213420,30900,768524990050,5446981702,8466547088,-0.176,-0.4148,-0.1417,-0.0762,0.0998,55800,0.5538,0.0435
2026-06-25,213500,6250,148753600000,540927021,1379364479,-0.0902,-0.2506,-0.263,-0.2775,-0.1873,9300,0.672,0.021
2026-07-15,214150,45250,2948651786800,11492712630,13767756165,0.0146,-0.1589,-0.192,-0.276,-0.2906,75600,0.5985,0.0387
2026-07-06,214180,13650,0,867128150,1744460598,-0.1355,-0.2708,-0.1889,-0.0888,0.0467,24800,0.5504,0.035
2026-07-07,214260,8940,0,285757836,304690295,0.3304,-0.0678,-0.316,-0.4549,-0.7853,16550,0.5402,0.0378
2026-07-07,214270,1322,0,226907870,395679744,-0.0053,-0.4058,-0.3259,-0.5386,-0.5333,3560,0.3713,0.0272
2026-06-24,214320,18220,728800000000,4415465822,4612152537,-0.1344,-0.0461,-0.056,-0.039,0.0954,21850,0.8339,0.019
2026-06-25,214330,2555,53434909745,76685396,243855217,-0.204,-0.471,-0.5295,-0.6093,-0.4053,7650,0.334,0.0355
2026-07-15,214370,64800,3469989000000,6190851797,9162881392,-0.1337,-0.2957,-0.0822,0.7396,0.8733,150100,0.4317,0.0603
2026-06-25,214390,5040,120490574400,321291498,1763992870,-0.1765,-0.3124,-0.2063,-0.004,0.1725,8550,0.5895,0.0327
2026-06-24,214420,4810,115703583190,727718170,1265977280,-0.281,-0.2832,-0.4509,-0.5026,-0.2216,12710,0.3784,0.0321
2026-07-07,214430,61200,447201558000,1136188500,1136188500,0.0,0.0,0.0,0.0,0.0,61200,1.0,0.0
2026-07-15,214450,310500,3210401232000,60843942375,42142621725,0.0525,0.049,-0.3286,-0.3784,-0.4309,711000,0.4367,0.0433
2026-07-07,214610,2290,0,0,0,0.0,0.0,-0.3726,-0.5933,-0.5933,6250,0.3664,0.0
2026-07-07,214680,1151,0,400975879,577916365,-0.0718,-0.2895,-0.4571,-0.3825,-0.3107,2275,0.5059,0.0368
2026-06-26,214980,114500,0,0,0,0.0007,0.0053,0.0114,0.0215,0.0208,114500,1.0,0.0001
2026-07-06,215000,39900,0,1712357220,1329685796,-0.0901,-0.1799,-0.347,-0.4115,-0.3214,76400,0.5223,0.0218
2026-07-06,215090,1400,0,177576261,925792941,-0.1706,-0.4766,-0.403,-0.6482,-0.4776,4615,0.3034,0.0463
2026-07-07,215100,3850,0,687070597,4123443600,-0.2391,-0.4158,-0.5229,-0.3162,-0.0771,13740,0.2802,0.0422
2026-07-03,215200,40100,415645161600,1227498100,1227498100,0.0,0.0,0.0,0.0,0.0,40100,1.0,0.0
2026-07-03,215360,6270,0,131601634,341888005,-0.1469,-0.2684,-0.2201,-0.3523,-0.2054,9940,0.6308,0.0223
2026-07-07,215380,2495,0,183475749,1033214422,0.0122,-0.0311,0.3769,0.2413,0.2291,3605,0.6921,0.0376
2026-07-07,215480,1764,0,102211450,97248451,-0.1964,-0.2,-0.1202,-0.2635,-0.0671,2450,0.72,0.0412
2026-07-03,215600,2305,319365965020,1149196577,1149196577,0.0,0.0,0.0,0.0,0.0,2305,1.0,0.0
2026-07-07,215790,848,0,3646984038,28763374768,-0.3868,-0.2998,0.5143,0.8556,1.2424,4340,0.1954,0.1263
2026-07-06,216050,5150,0,249553727,277940660,-0.067,-0.2359,-0.2471,-0.4334,-0.3664,9300,0.5538,0.0202
2026-07-07,216080,5170,0,1007125652,2032473380,0.0771,-0.3233,-0.1701,-0.1566,-0.2337,10890,0.4747,0.0407
2026-07-06,217190,5370,0,1374150343,1717252124,-0.0562,0.0488,0.0948,0.1167,0.1729,9300,0.5774,0.0611
2026-07-06,217270,2350,0,154407482,330463251,-0.2074,-0.4125,-0.5238,-0.7454,-0.538,10350,0.2271,0.0282
2026-07-07,217330,2985,0,411931819,1645770184,-0.2462,-0.2453,-0.6762,-0.131,0.1152,9420,0.3169,0.0537
2026-07-07,217480,499,0,0,0,0.0,0.0,0.0,0.0,0.0,499,1.0,0.0
2026-07-07,217500,1393,0,337550366,1843323016,-0.2308,-0.4537,-0.2882,-0.22,0.0108,5130,0.2715,0.0446
2026-06-23,217590,14270,343824590750,14758191675,24032617549,-0.2254,0.3461,0.0,0.0,0.0,34650,0.5365,0.1007
2026-07-06,217730,2740,257708368260,4537278433,4537278433,0.0,0.0,0.0,0.0,0.0,2740,1.0,0.0
2026-07-06,217820,1900,0,370043066,1129095632,-0.1537,-0.3414,-0.4532,-0.4477,-0.294,4490,0.4232,0.0472
2026-07-07,218150,1770,0,327204553,554001106,-0.1061,-0.4372,-0.404,-0.5223,-0.4162,3785,0.4676,0.0311
2026-07-15,218410,50600,1351570197800,17179985685,38673416743,-0.3889,-0.4606,0.3316,0.9537,1.3426,112500,0.4498,0.0574
2026-07-15,219130,82800,538608937000,5756241012,5507811206,0.2358,1.2531,2.7213,5.7537,5.5179,82800,1.0,0.0757
2026-07-06,219420,3635,0,216751318,386260414,-0.1477,-0.2166,-0.2657,-0.3509,-0.2032,6050,0.6008,0.0322
2026-07-07,219550,1053,0,85015677,249384357,-0.2319,-0.3626,0.1674,-0.6259,-0.394,2820,0.3734,0.0453
2026-07-07,219750,2020,0,36977399,91090967,-0.2925,-0.5752,-0.5269,-0.6614,-0.3689,7015,0.288,0.0623
2026-07-07,220100,9280,0,956499979,1765960849,-0.1463,-0.4995,-0.7016,-0.4044,-0.2581,34200,0.2713,0.0475
2026-07-06,220180,1444,0,23717344,51535946,-0.0981,-0.2595,-0.2834,-0.4749,-0.3768,3705,0.3897,0.0299
2026-07-07,220260,3565,0,576543351,1544237214,-0.1176,-0.3131,-0.478,-0.2627,-0.1451,8830,0.4037,0.0454
2026-07-07,221800,5580,0,526310690,3933682119,-0.3497,-0.7298,0.4162,0.8206,1.1703,28200,0.1979,0.056
2026-07-06,221840,1974,0,36349579,141389632,-0.1168,-0.2182,-0.1048,-0.003,0.1138,3155,0.6257,0.0309
2026-07-06,221980,9840,0,13493511,21155672,-0.0189,-0.0437,-0.0931,-0.1443,-0.1254,11560,0.8512,0.0092
2026-07-07,222040,7150,147490200000,1190505390,1190505390,0.0,0.0,0.0,0.0,0.0,7150,1.0,0.0
2026-07-15,222080,7540,588017888640,6176782662,58868868567,-0.3044,-0.3626,0.1424,0.0414,0.3458,18650,0.4043,0.0598
2026-07-06,222110,4770,0,77419732,1198543786,-0.0517,-0.0383,-0.1558,-0.2429,-0.1912,7340,0.6499,0.052
2026-07-06,222160,169,0,197072042,65690680,-0.979,-0.979,-0.979,-0.979,0.0,8040,0.021,0.1618
2026-07-06,222420,949,0,204088175,974274476,-0.2247,-0.2609,0.1325,0.2214,0.4461,1998,0.475,0.0493
2026-07-15,222800,119000,4484432540700,106100957360,104000506346,-0.06,0.7922,1.7804,4.0638,4.1238,157300,0.7565,0.0817
2026-07-07,222980,2125,0,38520995,46122532,0.1872,-0.1617,-0.3359,-0.4488,-0.636,4195,0.5066,0.0336
2026-07-06,223250,3355,0,410855502,7269129895,-0.1945,-0.2777,-0.5059,-0.0821,0.1124,7690,0.4363,0.0615
2026-07-07,223310,4100,0,139722630,2077535182,-0.1881,-0.4386,-0.657,-0.8445,-0.6564,31413,0.1305,0.09
2026-07-03,224060,4680,0,254489588,369581577,0.1627,-0.1702,0.8758,0.5146,0.3519,7110,0.6582,0.084
2026-07-06,224110,8110,0,136204319,215324915,0.0266,-0.0391,-0.1639,-0.387,-0.4136,12960,0.6258,0.0203
2026-07-07,225190,790,0,694715627,3358634721,-0.4165,-0.5766,-0.4381,-0.6144,-0.1979,2685,0.2942,0.0516
2026-07-06,225220,1375,0,128592475,191210604,-0.0966,-0.2403,-0.2872,-0.433,-0.3364,2590,0.5309,0.0335
2026-07-06,225430,1536,0,254995270,585878330,-0.3464,-0.6207,-0.4445,-0.4939,-0.1475,5270,0.2915,0.0811
2026-07-06,225530,2925,106290776475,4469430565,4469430565,0.0,0.0,0.0,0.0,0.0,2925,1.0,0.0
2026-07-07,225570,8970,0,1406639041,1674443856,-0.0714,-0.2104,-0.2568,-0.3792,-0.3078,14820,0.6053,0.0232
2026-07-06,225590,3245,0,59336643,64125992,-0.1867,-0.2488,-0.2532,-0.3471,-0.1604,5085,0.6382,0.0242
2026-06-25,226320,9140,200433939100,294483705,580471987,-0.2428,-0.1083,-0.2332,-0.2969,-0.0541,14630,0.6247,0.0369
2026-07-07,226330,1588,0,208676107,437803744,-0.1231,-0.5022,-0.601,-0.7551,-0.632,6468,0.2455,0.0404
2026-07-07,226340,1879,0,114163855,989380081,-0.0721,-0.4006,-0.4236,-0.6242,-0.5521,4910,0.3827,0.0721
2026-07-06,226400,4400,0,546131255,1068232115,-0.0403,-0.3303,-0.2185,-0.3016,-0.2613,8140,0.5405,0.0346
2026-07-03,226590,12330,0,1243651657,6283980997,-0.2398,-0.5107,0.0107,-0.0405,0.1993,36250,0.3401,0.0663
2026-07-15,226950,137400,2880168667600,47603324907,52037434025,0.0626,-0.1508,-0.1248,2.5096,2.447,207000,0.6638,0.0692
2026-07-09,227100,2,0,74741472,24913824,-0.9967,-0.9967,-0.9967,-0.9967,0.0,612,0.0033,0.2966
2026-07-07,227610,950,0,68483114,186473103,-0.0104,-0.3581,-0.3725,-0.5804,-0.57,2480,0.3831,0.0533
2026-06-24,227840,11600,105569697600,277512851,316124278,-0.1056,-0.0531,-0.0952,-0.1311,-0.0255,14570,0.7962,0.0162
2026-07-03,227950,1199,0,150488109,818024837,-0.1305,-0.4513,-0.2799,-0.3168,-0.1863,3115,0.3849,0.0657
2026-07-07,228340,3825,0,9017000728,3048437883,1.2382,0.9416,0.9901,0.8523,-0.3859,6240,0.613,0.1062
2026-07-06,228670,4585,0,375348211,3067782311,-0.0747,-0.101,-0.3105,-0.4189,-0.3442,10890,0.421,0.0796
2026-07-06,228760,11290,280660390580,1188132660,1188132660,0.0,0.0,0.0,0.0,0.0,11290,1.0,0.0
2026-07-07,228850,5980,0,169663398,263584431,-0.0478,-0.0066,0.1412,-0.1308,-0.083,6990,0.8555,0.0283
2026-07-07,229000,1739,0,2047682861,5469527406,-0.2059,-0.2945,0.1241,-0.0696,0.1363,5870,0.2963,0.0903
2026-07-01,229640,60300,1877305082700,10533087833,24141956092,-0.1471,0.434,0.6867,0.7303,0.8774,93400,0.6456,0.072
2026-07-07,230240,16330,217335970000,1381990440,1381990440,0.0,0.0,0.0,0.0,0.0,16330,1.0,0.0
2026-07-09,230360,16000,0,211928198,444512569,0.0,0.0044,0.4109,0.8824,0.8824,16040,0.9975,0.001
2026-07-15,232140,10630,873782977500,8143529991,16425412427,-0.3075,-0.4489,-0.3251,0.0009,0.3084,23700,0.4485,0.0521
2026-07-06,232680,9440,0,2378912590,10157131009,-0.3794,-0.3591,-0.1202,0.1949,0.5743,22500,0.4196,0.0679
2026-07-07,232830,1599,0,199958296,1321076909,-0.3766,-0.3932,-0.3526,-0.4792,-0.1026,5260,0.304,0.0599
2026-07-06,234030,3420,0,469747571,1092336951,-0.2484,-0.4466,-0.606,0.0,0.0,13550,0.2524,0.0431
2026-06-24,234080,11020,174496785080,500527169,504072488,-0.0893,-0.137,-0.2331,-0.1113,-0.022,15500,0.711,0.017
2026-07-06,234100,2540,0,135359331,277984258,-0.1885,-0.492,-0.5101,-0.6189,-0.4304,7825,0.3246,0.0423
2026-07-06,234300,2805,0,184550596,388957627,-0.054,-0.1487,-0.1963,-0.3454,-0.2914,4280,0.6554,0.0216
2026-07-07,234340,17920,250354155520,1288242095,1288242095,0.0,0.0,0.0,0.0,0.0,17920,1.0,0.0
2026-07-06,234690,8240,0,913749124,2818378114,-0.0407,-0.4097,-0.0915,-0.1651,-0.1244,15100,0.5457,0.0381
2026-07-07,234920,5310,0,0,0,0.0,0.0,0.0,0.2235,0.2235,6050,0.8777,0.0
2026-07-07,235980,3010,0,353397870,671300584,-0.0368,-0.4527,-0.5439,-0.2161,-0.1793,8050,0.3739,0.0363
2026-07-06,236200,46800,326397754800,2077698200,2077698200,0.0,0.0,0.0,0.0,0.0,46800,1.0,0.0
2026-07-07,236810,993,0,49767383,98022549,-0.1563,-0.4418,-0.5424,-0.6945,-0.5382,4225,0.235,0.0522
2026-07-15,237690,124200,2580253576800,16128616275,19506781094,0.0008,-0.1357,-0.0312,0.4114,0.4106,168700,0.7362,0.0461
2026-07-07,237750,3915,0,53633810,1195797748,-0.0333,-0.1508,0.033,-0.1329,-0.0996,6910,0.5666,0.0582
2026-07-06,237820,3180,0,48591190,87030141,0.0032,-0.2949,-0.3139,-0.4,-0.4032,5360,0.5933,0.0237
2026-07-07,237880,11010,198965596530,1948318825,1948318825,0.0,0.0,0.0,0.0,0.0,11010,1.0,0.0
2026-07-06,238090,2500,0,263460329,517789392,0.0417,-0.2515,0.3492,0.25,0.2083,3950,0.6329,0.0621
2026-07-06,238120,3270,0,58768534,122362401,-0.0382,-0.1774,-0.1518,0.0481,0.0863,6050,0.5405,0.0347
2026-07-07,238200,2475,0,26437682,61785304,0.1174,-0.1192,-0.2016,-0.2579,-0.3753,4335,0.5709,0.0345
2026-07-07,238490,2290,0,36487907,143095944,-0.1002,-0.2367,-0.354,-0.3324,-0.2322,4035,0.5675,0.0351
2026-07-24,238720,46670,0,0,0,-0.0771,0.0916,0.2035,0.6594,0.7365,52885,0.8825,0.0205
2026-07-07,239340,607,0,69338768,93762663,-0.2422,-0.5547,-0.6141,-0.7439,-0.5017,2440,0.2488,0.0535
2026-07-06,239610,5330,0,8423315,22832631,-0.081,-0.2807,-0.3362,-0.5653,-0.4843,12310,0.433,0.0303
2026-07-06,239890,3925,0,127400818,567883845,0.0329,-0.1449,-0.1882,-0.2364,-0.2693,6750,0.5815,0.0482
2026-07-06,240550,5920,0,616543420,1260830286,-0.0822,-0.0603,-0.2709,-0.5575,-0.4753,13000,0.4554,0.0415
2026-07-07,240600,2095,0,946053754,499006462,-0.0187,-0.3514,-0.4628,-0.5105,-0.4918,5570,0.3761,0.0756
2026-07-15,240810,141200,6960097161800,316896575365,200727795850,-0.0955,0.1698,0.853,3.8774,3.9729,183300,0.7703,0.0942
2026-07-07,241520,8370,222642000000,1499238530,1499238530,0.0,0.0,0.0,0.0,0.0,8370,1.0,0.0
2026-07-15,241560,63600,6086860127500,15580735817,20128240701,-0.0796,-0.0674,0.1099,0.1297,0.2093,76700,0.8292,0.0282
2026-06-25,241590,3100,187826755600,330963478,482463089,-0.1874,-0.3404,-0.3861,-0.5782,-0.3908,8420,0.3682,0.0283
2026-07-07,241690,2640,0,155073470,356003795,-0.0186,-0.2595,-0.2281,-0.1456,-0.127,4160,0.6346,0.027
2026-07-15,241710,80700,864012000000,7740068317,6738374959,0.1903,-0.0461,0.2246,0.3771,0.1868,103000,0.7835,0.0444
2026-07-03,241770,38350,390887744000,2265158650,2265158650,0.0,0.0,0.0,0.0,0.0,38350,1.0,0.0
2026-07-06,241790,5080,0,2228804835,1251397332,-0.1316,-0.3032,-0.2407,-0.2244,-0.0928,9240,0.5498,0.0569
2026-07-07,241820,6040,0,0,0,0.0,0.0,0.0,0.0,0.0,6040,1.0,0.0
2026-07-07,241840,2450,0,77043891,191215968,-0.1107,-0.5333,-0.6386,-0.7717,-0.661,10940,0.2239,0.0423
2026-07-07,242040,4245,146903590680,2226783058,2226783058,0.0,0.0,0.0,0.0,0.0,4245,1.0,0.0
2026-07-06,243070,29400,0,752988060,2138742798,0.0929,0.1552,0.0652,0.0407,-0.0522,38200,0.7696,0.0493
2026-07-07,243840,4690,0,1145363818,4963424913,-0.1914,-0.3885,-0.0713,0.1904,0.3818,11300,0.415,0.0496
2026-07-07,244460,1651,0,0,0,0.0,0.0,0.0,0.0,0.0,1651,1.0,0.0
2026-06-24,244920,9770,220877160610,706580133,1070130144,-0.1585,-0.1316,0.1077,0.6069,0.7654,14780,0.661,0.0341
2026-07-03,245620,741,0,0,0,0.0,0.0,0.0,0.0,0.0,741,1.0,0.0
2026-07-07,246250,1969,0,0,0,0.0,0.0,0.0,0.0,0.0,1969,1.0,0.0
2026-07-03,246690,1567,0,225599602,2640839206,-0.4053,-0.5532,-0.4394,-0.5368,-0.1315,4221,0.3712,0.0656
2026-07-07,246710,2255,0,497430288,872238116,0.136,-0.2211,-0.3805,-0.3943,-0.5303,4535,0.4972,0.041
2026-07-07,246720,6070,0,0,0,0.0,0.0,-0.2696,0.202,0.202,10980,0.5528,0.0
2026-07-07,246960,1784,0,85352921,162433043,0.0457,-0.2141,-0.2158,-0.3942,-0.4399,4040,0.4416,0.0312
2026-07-15,247540,120750,11925529904600,90687374650,125315515640,-0.3273,-0.3932,-0.1746,0.137,0.4643,246000,0.4909,0.0553
2026-07-07,247660,2875,0,66240113,155462463,-0.2394,-0.4054,-0.4503,-0.482,-0.2426,5670,0.5071,0.0412
2026-06-24,248070,16430,785620757480,4881444005,7603931156,-0.1744,-0.0307,-0.0318,0.0669,0.2413,23600,0.6962,0.0359
2026-06-24,248170,21100,96390834600,269502562,344046182,-0.1725,-0.2424,-0.2943,-0.2185,-0.046,30950,0.6817,0.0135
2026-06-24,249420,17580,556200470160,3411488789,4764315895,-0.2373,-0.399,-0.5696,0.3832,0.6205,44300,0.3968,0.0338
2026-07-06,250000,5620,0,37356703,112876526,-0.1177,-0.2786,-0.2957,-0.4683,-0.3506,10720,0.5243,0.0243
2026-07-07,250060,2765,0,1504611843,4353981812,-0.0964,-0.368,-0.2211,0.0055,0.1019,7720,0.3582,0.0475
2026-07-07,250930,370,0,33808647,238738511,-0.1063,-0.1355,-0.257,-0.3405,-0.2342,693,0.5339,0.0381
2026-07-06,251120,8560,0,208488002,358360851,-0.1184,-0.3621,-0.4523,-0.6144,-0.496,22250,0.3847,0.0349
2026-07-15,251270,35800,2920967456150,7349724083,10413024707,-0.1435,-0.2869,-0.2679,-0.4235,-0.28,68000,0.5265,0.0288
2026-07-07,251370,9530,0,1536204497,5748567127,-0.2239,-0.3883,-0.2163,-0.046,0.1779,22450,0.4245,0.0575
2026-07-07,251630,3425,0,740940919,815449157,-0.1491,-0.3375,-0.4012,-0.3439,-0.1948,9810,0.3491,0.0651
2026-07-07,251970,44600,553040000000,3863153425,3863153425,0.0,0.0,0.0,0.0,0.0,44600,1.0,0.0
2026-07-06,252500,550,0,64651423,103543002,-0.1186,-0.3168,-0.3243,-0.3468,-0.2282,934,0.5889,0.0307
2026-07-15,252990,14980,893031293870,10334943325,13602711986,0.0246,0.495,1.393,2.0447,2.0201,16320,0.9179,0.068
2026-07-07,253450,22950,689842529100,1275157950,1275157950,0.0,0.0,0.0,0.0,0.0,22950,1.0,0.0
2026-07-07,253590,9840,431672573760,1802294650,1802294650,0.0,0.0,0.0,0.0,0.0,9840,1.0,0.0
2026-07-07,253840,3750,0,725158524,19095196716,-0.2097,-0.1812,-0.3802,-0.4763,-0.2666,7860,0.4771,0.0625
2026-07-07,254120,800,0,217870731,1384529135,-0.1579,-0.3322,-0.4726,-0.4719,-0.314,1906,0.4197,0.0554
2026-07-07,254490,16370,236350060000,1100079370,1100079370,0.0,0.0,0.0,0.0,0.0,16370,1.0,0.0
2026-07-07,255220,1469,160948490638,2136267135,2136267135,0.0,0.0,0.0,0.0,0.0,1469,1.0,0.0
2026-07-07,255440,7110,0,214265842,625509172,-0.1101,-0.3349,-0.3241,0.0612,0.1713,12270,0.5795,0.0315
2026-07-06,256150,4460,0,55452080,60256540,-0.0842,-0.1255,-0.2036,-0.2736,-0.1894,6200,0.7194,0.0125
2026-07-07,256630,4150,0,31024037,101702517,-0.0757,-0.1772,-0.2176,-0.296,-0.2203,5930,0.6998,0.0455
2026-07-06,256840,2625,0,2114101845,1949708585,-0.1191,-0.3009,-0.4147,-0.5066,-0.3875,6050,0.4339,0.0374
2026-07-07,256940,5890,0,262563292,1577958419,-0.0084,-0.2209,-0.4385,-0.6875,-0.6791,19100,0.3084,0.0437
2026-07-07,257370,2430,0,48313675,98857725,0.1045,-0.2997,-0.1321,-0.2149,-0.3194,3905,0.6223,0.0432
2026-07-15,257720,35600,2334514571200,21447163635,27229880418,0.0157,-0.2409,-0.1614,-0.327,-0.3427,56100,0.6346,0.0361
2026-07-07,258610,1087,0,414431086,201169899,0.0805,-0.264,-0.223,-0.415,-0.4955,2345,0.4635,0.0316
2026-07-03,258790,3580,0,180464302,3358029536,-0.298,-0.4804,-0.4997,-0.4462,-0.1482,9965,0.3593,0.0688
2026-07-07,258830,412,0,0,0,0.0,0.0,0.0,0.0,0.0,412,1.0,0.0
2026-07-03,259630,10190,0,1116161228,7133378491,-0.2304,-0.2039,-0.1661,0.2611,0.4915,18860,0.5403,0.0479
2026-07-15,259960,233500,10657839423000,28811358667,40926679180,-0.0148,-0.0331,0.0174,-0.3611,-0.3463,363500,0.6424,0.0344
2026-07-07,260660,2425,0,486295971,284737786,-0.0319,-0.2991,-0.4489,-0.4287,-0.3968,5050,0.4802,0.0271
2026-07-06,260930,2720,0,101690244,275868225,0.0112,-0.2688,-0.4081,-0.3832,-0.3944,7070,0.3847,0.0328
2026-07-07,260970,50300,145505526200,1841876525,1841876525,0.0,0.0,0.0,0.0,0.0,50300,1.0,0.0
2026-07-07,261200,2600,0,76334670,162706643,0.0317,-0.3359,-0.3882,-0.6204,-0.6521,6830,0.3807,0.0388
2026-07-24,261240,15105,0,0,0,-0.0455,0.006,0.0107,0.1039,0.1494,15990,0.9447,0.0064
2026-07-07,261520,4000,0,198802586,337571852,-0.0815,-0.4981,-0.636,0.0,0.0,20500,0.1951,0.0353
2026-07-07,261780,2390,0,2397841717,13831200243,-0.0144,-0.3452,-0.1658,-0.2215,-0.2071,5700,0.4193,0.0832
2026-07-07,262260,3050,0,833217579,2556783540,-0.4213,-0.39,-0.4112,-0.5151,-0.0938,11840,0.2576,0.0843
2026-07-06,262840,2890,0,52881973,254128051,-0.0722,-0.1633,-0.221,-0.43,-0.3578,5030,0.5746,0.0183
2026-07-06,263020,2935,0,355844806,1774727292,-0.0593,-0.0756,-0.0653,0.0353,0.0946,4130,0.7107,0.0471
2026-07-07,263050,959,0,0,0,0.0,0.0,-0.0062,-0.4359,-0.4359,2740,0.35,0.0
2026-07-06,263600,3445,0,202433985,388375604,-0.2179,-0.3165,-0.2486,-0.283,-0.0651,6460,0.5333,0.037
2026-07-06,263690,5020,0,120908594,209654184,-0.0157,-0.0383,-0.0806,-0.1146,-0.0989,6510,0.7711,0.0231
2026-07-03,263700,2345,0,119672396,130734050,0.179,-0.0105,-0.1379,-0.3376,-0.5166,6260,0.3746,0.0419
2026-07-06,263720,7700,0,216584075,270617873,-0.1397,-0.3391,-0.3765,-0.5769,-0.4372,18250,0.4219,0.0293
2026-07-15,263750,34550,2161830504000,11571807087,27872378900,-0.1395,-0.4012,-0.092,-0.1754,-0.0359,72000,0.4799,0.0293
2026-07-06,263770,1602,0,36728443,79258360,-0.0576,-0.1524,-0.1595,-0.2298,-0.1722,2720,0.589,0.0243
2026-07-06,263800,4765,0,405107577,2435613475,0.0225,0.1251,-0.0748,-0.2692,-0.2917,6380,0.7469,0.0392
2026-07-06,263810,2395,0,541788557,992711356,-0.0771,-0.1596,-0.207,-0.2109,-0.1338,3910,0.6125,0.023
2026-07-06,263860,12700,0,389477317,2377802348,-0.1301,-0.0078,-0.328,-0.424,-0.2939,28800,0.441,0.0456
2026-07-06,263920,3975,0,58987209,45677704,0.3272,-0.0025,0.0063,-0.0962,-0.4234,5354,0.7424,0.0294
2026-07-06,264450,9740,0,682685159,3451146976,-0.1739,-0.3554,0.0362,0.1936,0.3675,17550,0.555,0.0388
2026-07-06,264660,13180,0,1029596265,3772858777,-0.1374,-0.2359,-0.1425,0.0201,0.1575,25050,0.5261,0.056
2026-07-06,264850,4190,0,1352641970,17208437193,-0.2838,-0.2571,-0.4123,-0.1848,0.099,9000,0.4656,0.0589
2026-06-25,264900,7710,96558883500,1090617400,458628458,-0.0711,-0.0677,-0.1452,-0.1405,-0.0694,9690,0.7957,0.0169
2026-06-26,26490K,7080,5476804800,47721099,24779484,-0.1899,-0.2279,-0.299,-0.3059,-0.116,10500,0.6743,0.0189
2026-07-03,265520,21000,316067241000,1097249530,1097249530,0.0,0.0,0.0,0.0,0.0,21000,1.0,0.0
2026-07-03,265560,7220,0,240352841,494731593,-0.0424,-0.1506,0.03,-0.0975,-0.0551,10950,0.6594,0.0334
2026-07-03,265740,5300,0,872621587,1197904663,-0.0293,-0.3529,0.2269,0.0579,0.0872,9400,0.5638,0.0363
2026-07-15,267250,198400,15577436362000,39352761155,50695227706,-0.2706,-0.1869,0.0097,0.5634,0.834,310500,0.639,0.0389
2026-07-15,267260,828000,29991216320000,166623691551,214408456786,-0.2567,-0.1778,-0.0394,0.8218,1.0785,1420000,0.5831,0.0462
2026-07-15,267270,130800,6220262230600,39861698987,59307204785,-0.1539,-0.198,0.2638,0.5609,0.7148,198100,0.6603,0.0415
2026-07-06,267290,19400,0,597246676,367340274,-0.0628,-0.1182,-0.1019,-0.0513,0.0115,23950,0.81,0.0142
2026-07-07,267320,2020,0,1146624188,9194100130,-0.2109,-0.3289,-0.3187,-0.5329,-0.322,4850,0.4165,0.0474
2026-07-06,267790,3500,0,57114486,65908379,0.1667,0.0526,-0.0862,-0.2152,-0.3819,4590,0.7625,0.0238
2026-06-24,267850,9030,100233000000,233419378,329741121,-0.1224,-0.1006,-0.2229,-0.2412,-0.1188,12570,0.7184,0.018
2026-07-03,267980,33200,0,216007142,252875406,-0.0015,-0.0608,-0.0854,-0.1194,-0.1179,40800,0.8137,0.0143
2026-06-24,268280,99900,499500000000,324404455,283458107,-0.0522,-0.1605,-0.2869,-0.4014,-0.3492,158900,0.6287,0.0226
2026-07-07,269620,889,0,0,0,0.0,0.0,0.0,0.0,0.0,889,1.0,0.0
2026-07-07,270520,2530,0,1503451846,1158685012,1.6915,0.5241,-0.2853,-0.7664,-2.4579,15260,0.1658,0.1208
2026-07-07,270660,11000,0,1861043569,1223920581,-0.1057,-0.3317,-0.5011,-0.3671,-0.2614,28100,0.3915,0.0683
2026-07-07,270870,4600,0,73508363,113802510,0.4375,0.0952,-0.1033,-0.1756,-0.6131,6880,0.6686,0.0377
2026-07-27,271560,130000,5138742440000,14555402795,15609601468,0.0417,-0.0518,0.1494,0.0744,0.0327,146000,0.8904,0.0236
2026-07-07,271830,1044,0,3357644378,4384926228,-0.6148,-0.2765,-0.4279,-0.3544,0.2604,2875,0.3631,0.0968
2026-06-26,271940,9610,347335662350,800330935,1173101589,-0.3395,-0.4169,-0.315,-0.3266,0.0129,20650,0.4654,0.0338
2026-06-24,271980,9670,142196112240,297248037,501915697,-0.2504,-0.3008,-0.415,-0.2767,-0.0263,17390,0.5561,0.0253
2026-07-07,272110,25750,206653921250,1546452550,1546452550,0.0,0.0,0.0,0.0,0.0,25750,1.0,0.0
2026-07-15,272210,65600,12336436101700,56729138752,86295216154,-0.3835,-0.5027,0.0879,0.1993,0.5828,162700,0.4032,0.0492
2026-07-07,272290,22050,439622073450,1720658650,1720658650,0.0,0.0,0.0,0.0,0.0,22050,1.0,0.0
2026-06-23,272450,5610,292842000000,2460700613,1436806301,0.0262,-0.011,-0.1144,-0.3407,-0.3669,9740,0.6437,0.0312
2026-06-25,272550,8100,122054088600,339910528,2194207505,-0.198,-0.4231,-0.4292,-0.3955,-0.1975,15280,0.5301,0.02
2026-07-06,273060,847,0,269170062,500123246,-0.2524,-0.1505,-0.044,-0.2236,0.0288,1380,0.6138,0.0494
2026-07-06,273640,5400,0,229829028,2371429620,-0.2405,-0.2275,-0.3533,-0.4467,-0.2062,13290,0.4063,0.0505
2026-07-07,274090,10520,144904657640,1861016675,1861016675,0.0,0.0,0.0,0.0,0.0,10520,1.0,0.0
2026-07-07,274400,2220,0,55493323,76210108,-0.1927,-0.4032,-0.4714,-0.5613,-0.3686,5220,0.4253,0.0441
2026-07-07,275630,3615,0,46494453,101488760,0.0014,-0.0499,0.2796,0.1175,0.1161,4570,0.791,0.0467
2026-07-07,276040,327,0,0,0,0.0,-0.2781,-0.782,-0.898,-0.898,3340,0.0979,0.0
2026-07-07,276730,19390,0,578389807,442990074,0.55,1.0694,0.1999,-0.2822,-0.8322,29727,0.6523,0.0707
2026-07-06,277070,3075,0,25421189,43268220,-0.1598,-0.2713,-0.3673,-0.4165,-0.2567,5860,0.5247,0.0268
2026-07-06,277410,800,0,52239755,109938255,-0.0762,-0.2832,-0.3533,-0.3711,-0.2949,1564,0.5115,0.0187
2026-07-15,277810,425500,8264339508000,43885530475,118757151525,-0.3093,-0.2739,-0.0481,0.5417,0.851,880000,0.4835,0.0569
2026-07-06,277880,3365,0,209592424,543297580,-0.1383,-0.299,-0.3229,-0.3745,-0.2362,6480,0.5193,0.0363
2026-07-03,278280,37200,455812530000,1086302425,1086302425,0.0,0.0,0.0,0.0,0.0,37200,1.0,0.0
2026-07-15,278470,381000,14132903512500,109130270677,120187427367,-0.0463,-0.0463,0.7558,1.5971,1.6434,459000,0.8301,0.0418
2026-07-07,278650,2985,0,218599104,317507239,0.0223,-0.4987,-0.579,-0.6004,-0.6227,8320,0.3588,0.0521
2026-07-15,279570,5690,2308405409190,15227867917,22338087003,-0.173,-0.1137,0.0,0.0,0.0,8330,0.6831,0.0316
2026-07-07,279600,4005,0,25819918,33974423,0.0025,-0.3703,-0.427,-0.6871,-0.6896,13600,0.2945,0.0418
2026-06-23,280360,93300,858786754200,2272643075,2352721414,-0.1359,-0.0575,-0.1331,-0.1309,0.005,135600,0.7736,0.0248
2026-07-15,281740,12530,822946460960,5100942388,15973870979,-0.269,-0.3858,-0.1562,-0.0134,0.2556,27550,0.4548,0.045
2026-07-15,281820,103600,2051141279600,31798050212,19144119807,0.1498,1.0117,1.4149,2.6608,2.511,117500,0.8817,0.0777
2026-07-15,282330,124200,2143204344000,9493475543,10432432608,-0.0312,-0.0244,0.2141,-0.0182,0.013,147800,0.8403,0.0302
2026-07-06,282720,7240,0,1646586300,2760917874,-0.1062,-0.5604,-0.3518,-0.3302,-0.224,18000,0.4022,0.0446
2026-07-06,282880,10360,0,507330228,1347985978,-0.1611,-0.2382,-0.4032,-0.1556,0.0055,20200,0.5129,0.0384
2026-07-07,284620,1087,0,0,0,0.0,0.0,0.0,0.0168,0.0168,1270,0.8559,0.0
2026-06-24,284740,20950,470062063500,473711967,461503715,-0.1028,-0.1501,-0.1864,-0.2382,-0.1354,31150,0.6726,0.0194
2026-06-24,285130,39400,681571380400,3539954663,3555987380,-0.149,-0.2849,-0.474,-0.3477,-0.1987,79800,0.4937,0.0346
2026-06-26,28513K,20450,42943208700,102563114,123378262,-0.1371,-0.2426,-0.3161,-0.2355,-0.0984,31850,0.6421,0.0229
2026-07-06,285490,11800,0,631151647,1375515259,-0.2027,-0.4201,-0.4767,-0.3632,-0.1605,30100,0.392,0.0326
2026-07-07,285800,845,0,251224882,2712275461,-0.2176,-0.5056,-0.4794,-0.6261,-0.4085,2495,0.3387,0.048
2026-07-07,286750,1864,0,475741590,403422255,0.4132,0.5342,0.0038,-0.1807,-0.5939,2275,0.8193,0.0621
2026-06-25,286940,17010,257350532670,1506756767,1081781738,-0.1621,-0.2539,-0.1444,-0.1205,0.0416,26700,0.6371,0.0346
2026-07-07,287840,24350,365784726000,1436224500,1436224500,0.0,0.0,0.0,0.0,0.0,24350,1.0,0.0
2026-07-07,288180,8630,0,2064896096,17147585728,-0.3096,0.0,0.0,0.0,0.0,43850,0.1968,0.0
2026-07-07,288330,416,0,0,0,0.0,-0.0756,-0.5163,-0.7985,-0.7985,3415,0.1218,0.0
2026-07-07,288620,4980,0,138293244,638950002,-0.3473,-0.4269,-0.5289,-0.5955,-0.2482,14070,0.3539,0.0445
2026-07-07,288980,1012,0,358197877,1413027914,0.0233,0.1836,0.002,-0.3054,-0.3287,1505,0.6724,0.073
2026-07-06,289010,967,0,94449955,107264951,-0.1995,-0.3833,-0.4619,-0.516,-0.3165,2030,0.4764,0.0333
2026-07-07,289080,1830,0,1059411430,4861124022,-0.1921,-0.5081,0.064,0.0415,0.2336,4550,0.4022,0.0464
2026-07-07,289220,1336,0,105770083,249139231,-0.1784,-0.6076,-0.6922,-0.8326,-0.6542,8580,0.1557,0.0484
2026-07-06,289930,8210,0,1082985808,4764737227,-0.2657,-0.5811,-0.0442,-0.1724,0.0933,23800,0.345,0.047
2026-07-07,290090,4455,0,18131189,59306352,-0.1018,-0.2673,-0.3996,-0.496,-0.3942,10730,0.4152,0.0327
2026-07-03,290120,2470,0,107222854,196891895,-0.1018,-0.037,0.0123,-0.0697,0.0321,3575,0.6909,0.0335
2026-07-03,290270,2630,0,94112674,1346612652,-0.1433,-0.2539,-0.3169,-0.2901,-0.1468,4535,0.5799,0.041
2026-07-06,290520,1496,0,42119096,713655177,-0.1979,-0.2893,-0.1471,-0.1412,0.0567,3330,0.4492,0.062
2026-07-07,290550,20050,401024661500,4955113030,4955113030,0.0,0.0,0.0,0.0,0.0,20050,1.0,0.0
2026-07-06,290560,1155,0,377876564,283715794,0.0606,-0.3396,-0.2331,-0.1866,-0.2472,2080,0.5553,0.0573
2026-07-15,290650,70300,1898667161600,30660080120,27508662786,-0.101,-0.037,0.162,1.3831,1.4841,118300,0.5943,0.0523
2026-07-07,290660,1578,0,496888613,2044669611,-0.1597,-0.2421,0.0989,-0.486,-0.3263,3400,0.4641,0.0412
2026-07-07,290670,5060,0,411640027,489032913,-0.1595,-0.5358,-0.6105,-0.7288,-0.5693,20250,0.2499,0.0645
2026-07-07,290690,4125,216973391250,2367311763,2367311763,0.0,0.0,0.0,0.0,0.0,4125,1.0,0.0
2026-07-06,290720,3010,0,388852419,311504182,0.1827,-0.0033,0.4975,0.2542,0.0715,3950,0.762,0.0604
2026-07-06,290740,8700,0,615166694,2034961540,-0.2786,-0.4936,-0.3903,0.6635,0.9421,30750,0.2829,0.047
2026-07-07,291230,398,0,419608461,548669005,-0.3849,-0.4651,-0.5146,-0.7668,-0.3819,1690,0.2355,0.0747
2026-07-07,291650,955,0,119897045,253729336,0.1196,-0.508,0.2699,-0.1586,-0.2782,1941,0.492,0.0456
2026-07-07,291810,1293,0,1143794433,995114459,-0.2923,-0.3509,-0.4646,-0.5193,-0.227,5130,0.252,0.0911
2026-06-25,293480,8500,151070041000,272738998,352224454,-0.1474,-0.086,-0.2679,-0.2917,-0.1443,12430,0.6838,0.0189
2026-07-15,293490,7790,835440614350,7607436340,4394917745,-0.1449,-0.3454,-0.4642,-0.5778,-0.4329,18470,0.4218,0.0423
2026-07-06,293580,1416,0,945314467,8143226159,-0.1843,-0.1465,-0.0268,-0.1027,0.0816,3235,0.4377,0.0725
2026-07-07,293780,4400,0,514655183,852484204,-0.0965,-0.3669,-0.5309,-0.4301,-0.3336,10440,0.4215,0.0467
2026-07-07,294090,1490,0,0,0,0.0,0.0,0.0,0.0,0.0,1490,1.0,0.0
2026-07-07,294140,2375,0,106957752,370372259,0.1473,-0.2496,-0.5288,-0.4392,-0.5865,8690,0.2733,0.0534
2026-07-06,294570,18920,0,354221025,825253462,-0.1477,-0.2779,-0.3314,-0.3565,-0.2088,48800,0.3877,0.0368
2026-07-07,294630,2905,0,1402386484,5450690414,0.0104,-0.2589,0.1025,-0.0365,-0.0469,5670,0.5123,0.0633
2026-06-24,294870,19040,1254875563200,3999511132,6116154050,-0.1345,-0.1575,-0.0998,-0.2935,-0.159,25550,0.7452,0.0298
2026-07-15,295310,44000,531856551150,13045331942,28964778221,-0.4989,-0.4712,-0.3651,0.5827,1.0816,133000,0.3308,0.0827
2026-07-06,296640,5030,0,82899748,190845465,-0.1672,-0.3501,-0.1298,-0.3657,-0.1985,9630,0.5223,0.0323
2026-07-06,297090,4055,0,1940282503,2168051759,-0.1127,-0.4906,-0.3385,-0.4615,-0.3488,9300,0.436,0.0617
2026-07-06,297570,1115,0,384165323,620861069,-0.1101,-0.3092,-0.0478,0.2416,0.3517,1907,0.5847,0.0635
2026-07-06,297890,1730,0,663078451,1807674573,-0.1013,-0.1209,-0.1499,-0.2623,-0.161,2955,0.5854,0.0449
2026-06-24,298000,60900,230921289900,11333929911,3777976637,-0.2172,-0.2172,-0.2172,-0.2172,0.0,77800,0.7828,0.0598
2026-07-15,298020,284500,1231225529000,5721586437,12110622520,-0.1975,-0.4333,0.2787,0.0364,0.2339,535000,0.5318,0.0391
2026-07-15,298040,2825000,26379146292000,188290593876,214583779045,-0.2742,-0.0762,0.5362,2.1147,2.3889,4601000,0.614,0.0527
2026-06-24,298050,171100,766519102800,3413308667,4305013851,-0.2479,-0.2151,-0.1217,-0.1367,0.1112,277500,0.6166,0.0351
2026-07-06,298060,2830,0,94603460,99720207,0.0579,-0.2817,-0.4489,-0.3841,-0.442,7025,0.4028,0.0503
2026-07-15,298380,79600,4451003308500,39738706910,60696697633,-0.1935,-0.4865,-0.6306,0.1259,0.3194,245500,0.3242,0.0594
2026-07-06,298540,6450,0,143447694,186193809,0.0697,-0.1342,-0.2982,-0.4897,-0.5594,12660,0.5095,0.0213
2026-06-26,298690,1561,181141920000,491972214,565863433,-0.1679,-0.153,-0.1235,-0.2422,-0.0743,2265,0.6892,0.0335
2026-07-03,298830,4270,228267790730,1060081825,1060081825,0.0,0.0,0.0,0.0,0.0,4270,1.0,0.0
2026-07-07,299030,12990,0,673752799,1236073808,-0.1932,-0.4936,-0.5302,-0.4389,-0.2457,35500,0.3659,0.0479
2026-07-07,299170,1351,0,409692075,1124413159,-0.0933,-0.4486,-0.465,-0.2067,-0.1134,4180,0.3232,0.0407
2026-07-07,299660,1391,0,981330522,4920905662,-0.4534,-0.4276,-0.5136,-0.7256,-0.2722,4880,0.285,0.0843
2026-07-06,299900,225,0,211975773,363565879,-0.2424,-0.4966,-0.6256,-0.818,-0.5756,1145,0.1965,0.0429
2026-07-03,300080,7200,0,721306754,1181514265,-0.2199,-0.3734,-0.5572,-0.3037,-0.0838,19750,0.3646,0.0743
2026-07-07,300120,476,0,117751908,477689862,-0.1605,-0.524,-0.6102,-0.8347,-0.6742,2811,0.1693,0.0465
2026-06-24,300720,13660,1004627554940,2070407132,2237160972,-0.1043,-0.1922,-0.3221,-0.2757,-0.1714,21300,0.6413,0.0232
2026-07-07,301300,1519,0,281943477,172318946,-0.0506,-0.396,-0.5506,-0.7506,-0.7,5800,0.2619,0.0779
2026-07-07,302430,6200,0,259912512,950763450,-0.1243,-0.0606,-0.1425,-0.2521,-0.1278,10700,0.5794,0.0479
2026-06-24,302440,36350,2851895701550,5999617383,5686171086,-0.1293,-0.1091,-0.3142,-0.2274,-0.0981,60100,0.6048,0.0271
2026-07-06,302550,2655,0,205660095,298736935,-0.0618,-0.0985,-0.112,-0.2489,-0.1871,3985,0.6662,0.0345
2026-07-07,303030,1474,0,475283629,252201185,-0.2667,-0.6301,-0.5848,-0.7599,-0.4932,6155,0.2395,0.074
2026-07-03,303360,3965,0,77466203,138508116,0.0245,-0.1286,-0.3532,0.2607,0.2362,6550,0.6053,0.026
2026-07-07,303530,2695,0,64756904,374293281,-0.1417,-0.3387,-0.51,-0.621,-0.4793,7220,0.3733,0.0527
2026-07-06,303810,2490,0,158094317,368780606,-0.1123,-0.2523,-0.3224,-0.4763,-0.364,5150,0.4835,0.0243
2026-07-07,304100,12200,0,1740781999,2081613866,-0.2093,-0.4177,-0.5523,-0.7728,-0.5635,47950,0.2544,0.0479
2026-07-07,304360,20250,0,2306318546,2486393788,-0.2197,-0.2059,-0.428,-0.0311,0.1886,40450,0.5006,0.0617
2026-07-07,304840,796,0,102001998,1064776490,-0.1911,-0.0535,-0.2412,-0.6718,-0.4807,2685,0.2965,0.0792
2026-07-07,305090,2145,0,324749914,697861887,-0.1637,-0.6302,-0.8014,-0.7855,-0.6218,11520,0.1862,0.0512
2026-07-06,306040,1779,0,161673641,1456135813,-0.2679,-0.7035,-0.7864,-0.5661,-0.2982,14080,0.1263,0.0758
2026-06-23,306200,127000,360210100000,2227001647,3649905384,-0.0841,0.0564,0.2207,-0.0671,0.017,183000,0.7978,0.0383
2026-07-06,306620,2250,107869914000,1072377347,1072377347,0.0,0.0,0.0,0.0,0.0,2250,1.0,0.0
2026-07-06,307180,4530,167092112280,1245482333,1245482333,0.0,0.0,0.0,0.0,0.0,4530,1.0,0.0
2026-07-03,307280,5570,0,106156535,326094246,-0.0748,-0.1997,-0.1974,0.0315,0.1063,8250,0.6752,0.0367
2026-07-07,307750,2330,0,381923416,1183674070,0.0065,-0.3995,-0.3107,-0.3616,-0.3681,5540,0.4206,0.0376
2026-07-07,307870,1031,0,498911543,1156667333,-0.0237,-0.1415,-0.0096,-0.1778,-0.1541,1844,0.5591,0.0655
2026-07-06,307930,6040,0,873614290,3744255030,-0.3289,-0.1838,-0.0274,-0.0636,0.2653,10660,0.5666,0.0635
2026-07-15,307950,431000,11833448233000,51802286987,154165853279,-0.398,0.1108,0.0911,1.5458,1.9438,938000,0.4595,0.0774
2026-07-06,308080,5550,113770893000,1088235190,1088235190,0.0,0.0,0.0,0.0,0.0,5550,1.0,0.0
2026-07-06,308100,513,0,527308331,775191052,-0.1726,-0.4412,-0.5667,-0.8307,-0.6581,5800,0.0884,0.068
2026-06-25,308170,3160,27207600000,121894747,106240914,-0.3024,-0.3958,-0.3032,-0.5108,-0.2084,9090,0.3476,0.032
2026-07-07,308430,16000,0,632126892,2192311343,-0.0857,-0.4585,-0.3133,-0.1641,-0.0784,40150,0.3985,0.0454
2026-07-24,308620,12200,0,0,0,-0.0586,-0.0248,-0.0263,0.0646,0.1232,13130,0.9292,0.0065
2026-07-07,309710,21000,0,0,0,0.0,0.0,-0.4545,0.0,0.0,49700,0.4225,0.0
2026-07-07,309930,822,0,425099040,964015538,-0.4801,-0.3161,-0.6846,-0.7894,-0.3093,4297,0.1913,0.1084
2026-07-06,309960,4375,0,191807890,756331220,-0.053,-0.1505,-0.2769,-0.1883,-0.1353,7030,0.6223,0.0291
2026-07-07,310200,2415,125973248940,1813747510,1813747510,0.0,0.0,0.0,0.0,0.0,2415,1.0,0.0
2026-07-15,310210,149700,2741037211200,14804797862,25567539843,-0.2511,-0.496,-0.2626,0.2005,0.4516,363500,0.4118,0.0595
2026-07-06,310870,1188,0,335599950,1167929181,-0.0646,-0.1951,-0.0748,-0.2122,-0.1476,1955,0.6077,0.0493
2026-07-06,311320,10460,131948297600,1729193100,1729193100,0.0,0.0,0.0,0.0,0.0,10460,1.0,0.0
2026-07-06,311390,2620,0,160700885,193361412,-0.1589,-0.3762,-0.5321,-0.5254,-0.3665,10950,0.2393,0.0377
2026-07-07,311690,4430,0,66049911,165413439,-0.0023,-0.4497,-0.5405,-0.5216,-0.5193,11300,0.392,0.038
2026-07-06,312610,509,0,139160987,252454819,-0.3065,-0.5535,-0.6271,-0.6017,-0.2952,1851,0.275,0.1187
2026-07-06,313760,468,0,0,0,0.0,0.0,-0.6584,-0.8918,-0.8918,5470,0.0856,0.0
2026-07-06,314130,3560,160834224680,1045070515,1045070515,0.0,0.0,0.0,0.0,0.0,3560,1.0,0.0
2026-07-06,314140,5700,0,89803541,96594256,0.0755,-0.05,-0.2234,-0.0372,-0.1127,8010,0.7116,0.0252
2026-07-06,314930,9200,0,577847756,631888822,-0.0574,-0.2333,-0.321,-0.3987,-0.3413,16310,0.5641,0.0355
2026-07-07,315640,1501,0,617407496,751913883,-0.3099,-0.5492,-0.5374,-0.7507,-0.4408,5964,0.2517,0.0406
2026-07-16,316140,31500,22934824983000,68919432548,75628060239,-0.0202,-0.1,0.1538,0.3755,0.3957,40800,0.7721,0.023
2026-07-07,317120,1339,0,136895103,2943017261,-0.1815,-0.3051,-0.4166,-0.3436,-0.1621,3205,0.4178,0.0668
2026-07-07,317240,731,0,2244123505,937479399,-0.1617,-0.5388,-0.5191,-0.3414,-0.1797,2975,0.2457,0.0629
2026-07-03,317330,11200,229337740800,1309267755,1309267755,0.0,0.0,0.0,0.0,0.0,11200,1.0,0.0
2026-06-24,317400,3365,130503179800,419629344,715411024,-0.1671,-0.2326,-0.237,-0.1214,0.0457,5130,0.6559,0.0297
2026-06-24,317450,42300,617580000000,1082601323,1186047353,-0.1786,-0.2446,-0.4618,0.0,0.0,121900,0.347,0.0234
2026-07-07,317530,2865,0,40064234,62643805,-0.0466,-0.2719,-0.4304,-0.4147,-0.3681,5390,0.5315,0.0453
2026-07-07,317690,2405,0,190118886,362487349,-0.1142,-0.3865,-0.5137,-0.2292,-0.115,5670,0.4242,0.0377
2026-07-07,317770,2475,0,600394784,2316524927,-0.0462,-0.199,-0.1254,-0.4211,-0.3749,4190,0.5907,0.0443
2026-07-07,317830,4845,0,418551261,1276300042,-0.2297,-0.4807,-0.6679,-0.3921,-0.1624,15570,0.3112,0.0473
2026-07-06,317850,6320,0,533143828,2747552150,-0.1073,-0.2274,-0.1959,-0.2188,-0.1115,10300,0.6136,0.0416
2026-07-07,317870,4200,0,91444924,178488499,-0.2135,-0.5128,-0.628,-0.7101,-0.4966,17210,0.244,0.0349
2026-07-06,318000,3125,0,49979230,170413766,-0.0295,-0.2387,-0.293,-0.3199,-0.2904,5740,0.5444,0.0295
2026-07-06,318010,3450,0,29341745,50620195,0.0192,-0.0268,-0.0157,-0.1321,-0.1513,5630,0.6128,0.0165
2026-07-06,318020,2005,0,42098356,83884061,-0.198,-0.4271,-0.4653,-0.6203,-0.4223,5830,0.3439,0.0303
2026-07-07,318060,17600,196647915200,1458830710,1458830710,0.0,0.0,0.0,0.0,0.0,17600,1.0,0.0
2026-07-03,318160,5990,0,206623212,361910175,0.0971,-0.1516,-0.2739,-0.1992,-0.2963,10600,0.5651,0.0409
2026-07-06,318410,5930,0,74377253,105794066,-0.0691,-0.1943,-0.2494,-0.3097,-0.2406,10350,0.5729,0.024
2026-07-15,319400,21500,2405722442400,23786808702,98768402700,-0.4036,-0.2939,-0.0423,3.2829,3.6865,46350,0.4639,0.0659
2026-07-15,319660,201000,5784652785800,126083536962,82851246865,0.24,1.4101,3.6101,9.203,8.963,211500,0.9504,0.0826
2026-07-07,320000,11330,0,41482269628,17398571475,0.0035,0.5491,0.0558,-0.1704,-0.1739,23200,0.4884,0.107
2026-07-06,321260,1801,0,1583764785,14249125720,-0.4181,-0.0233,0.038,-0.1681,0.25,4850,0.3713,0.0881
2026-07-06,321370,2040,105396408240,1766621502,1766621502,0.0,0.0,0.0,0.0,0.0,2040,1.0,0.0
2026-07-07,321550,4110,0,1339920687,3823728206,-0.2303,-0.6123,-0.3195,-0.2171,0.0132,13140,0.3128,0.0645
2026-07-06,321820,2420,0,213029931,637151152,-0.2438,-0.3221,-0.3881,-0.786,-0.5422,11100,0.218,0.068
2026-07-15,322000,121300,1354080000000,26775396300,103818187954,-0.2671,-0.2461,1.3282,1.6926,1.9597,244000,0.4971,0.0701
2026-07-07,322180,4110,0,877397491,1980574159,-0.2318,-0.3902,-0.4982,-0.3284,-0.0966,10220,0.4022,0.0461
2026-07-07,322310,18490,173187361580,1320947470,1320947470,0.0,0.0,0.0,0.0,0.0,18490,1.0,0.0
2026-07-07,322510,4110,0,1004244608,1589529132,0.0773,-0.4129,-0.2852,-0.4154,-0.4927,9000,0.4567,0.0523
2026-07-07,322780,1902,0,773379513,632716387,-0.1906,-0.0964,-0.5769,-0.6981,-0.5075,10125,0.1879,0.0971
2026-07-15,323280,37500,1151281846000,11898858895,24551768764,-0.2676,-0.2857,-0.0335,0.3636,0.6312,89700,0.4181,0.0701
2026-07-03,323350,9570,0,955432836,3325763473,-0.3854,-0.1743,0.9064,0.3092,0.6946,25800,0.3709,0.0755
2026-07-15,323410,23050,10997626072850,21637447225,24969925594,-0.0455,-0.0762,0.0822,-0.2265,-0.181,32000,0.7203,0.0292
2026-07-07,323990,4335,0,1421765104,1095154768,-0.095,-0.4399,-0.5704,-0.5643,-0.4693,11000,0.3941,0.0493
2026-07-15,326030,79300,6202409400000,14819408305,27368715579,-0.106,-0.1966,-0.3646,-0.1537,-0.0477,140700,0.5636,0.0351
2026-07-07,327260,45750,388652426250,3755406275,3755406275,0.0,0.0,0.0,0.0,0.0,45750,1.0,0.0
2026-07-07,328130,11090,825741216200,3562772165,3562772165,0.0,0.0,0.0,0.0,0.0,11090,1.0,0.0
2026-07-06,328380,2570,0,957598677,399082909,-0.1318,-0.3419,-0.3777,-0.6232,-0.4914,6680,0.3847,0.0749
2026-07-15,329180,467000,49174333912500,187626466413,306307657896,-0.3309,0.0086,-0.1976,0.1853,0.5162,745000,0.6268,0.045
2026-07-24,329200,4035,0,0,0,0.0128,-0.1505,-0.0694,0.0207,0.0079,4852,0.8316,0.0182
2026-07-06,330350,6180,0,12985712737,4864512206,-0.079,-0.2527,-0.3017,-0.2005,-0.1215,11940,0.5176,0.052
2026-07-06,330730,4740,0,316099965,875168062,-0.1884,-0.1897,-0.1581,0.0216,0.21,7070,0.6704,0.0396
2026-07-07,330860,32850,400245878250,4027255000,4027255000,0.0,0.0,0.0,0.0,0.0,32850,1.0,0.0
2026-07-07,331380,1475,0,97752562,265308125,-0.1909,-0.4327,-0.4665,-0.2018,-0.0109,3575,0.4126,0.0407
2026-07-06,331520,1869,0,83198033,149424967,-0.1909,-0.3129,-0.3533,-0.3821,-0.1912,3195,0.585,0.0292
2026-07-07,331740,7510,0,525988870,1397624059,-0.246,-0.4722,-0.6135,0.0,0.0,30850,0.2434,0.0555
2026-07-07,331920,10030,0,621433593,2618962939,-0.2932,-0.2195,2.6209,2.2993,2.5925,18200,0.5511,0.0774
2026-07-06,332290,796,0,156225203,719026239,-0.1844,-0.3757,-0.3389,-0.3632,-0.1788,1719,0.4631,0.0354
2026-07-03,332370,5200,0,108628517,86698370,0.0317,0.0216,-0.0226,0.0994,0.0677,5640,0.922,0.0143
2026-07-07,332570,5090,237761855670,7994943785,7994943785,0.0,0.0,0.0,0.0,0.0,5090,1.0,0.0
2026-07-06,333050,5170,0,99709031,352461800,0.076,-0.172,-0.2014,-0.3566,-0.4326,8355,0.6188,0.0321
2026-07-03,333430,3340,0,334101598,1278448589,-0.1893,-0.3849,-0.4587,-0.2602,-0.0709,9910,0.337,0.0399
2026-07-07,333620,5050,0,61988347,797991989,-0.0098,-0.1278,-0.1907,-0.3063,-0.2965,8060,0.6266,0.0327
2026-07-07,334970,1892,0,330539317,272970943,0.0949,-0.205,-0.3787,-0.4468,-0.5417,4840,0.3909,0.0325
2026-07-07,335810,1442,0,26436702,45791317,-0.1287,-0.3619,-0.4569,-0.5257,-0.397,3320,0.4343,0.0305
2026-07-07,335870,1079,0,139057092,84414654,-0.2423,-0.4537,-0.3596,-0.4812,-0.2389,2495,0.4325,0.0517
2026-07-06,336060,585,0,92011522,238077024,-0.1619,-0.3874,-0.3975,-0.5419,-0.38,1269,0.461,0.0316
2026-07-15,336260,45850,3022535454900,30835789856,65137490923,-0.4129,0.221,0.5334,1.0022,1.4151,101500,0.4517,0.076
2026-06-26,33626K,6790,91277486000,306087790,816244663,-0.4221,-0.0774,-0.0737,0.2787,0.7008,12580,0.5397,0.0517
2026-06-26,33626L,7770,23502181000,51578792,189653639,-0.3573,-0.194,-0.3019,-0.088,0.2693,14240,0.5456,0.0417
2026-06-24,336370,9210,646701738240,9016742830,11480517375,-0.1963,0.0797,0.1498,0.0759,0.2722,16150,0.5703,0.0722
2026-06-26,33637K,1712,28119277858,166765714,250871005,-0.0815,-0.1749,-0.1461,0.0581,0.1396,2800,0.6114,0.0407
2026-06-26,33637L,2180,8444491560,95043022,129369250,-0.2351,-0.3512,-0.3994,-0.4683,-0.2332,4945,0.4408,0.0336
2026-07-07,336570,5840,523150972640,3950031355,3950031355,0.0,0.0,0.0,0.0,0.0,5840,1.0,0.0
2026-07-06,336680,2770,0,62469655,124451973,-0.0948,-0.2514,-0.3227,-0.3551,-0.2603,5150,0.5379,0.0208
2026-07-06,337930,3195,0,329447460,662262798,0.051,-0.2198,-0.3519,-0.471,-0.522,6460,0.4946,0.034
2026-07-07,338220,7880,0,654747690,1258903112,0.0328,-0.491,-0.6482,-0.6385,-0.6713,27600,0.2855,0.053
2026-07-03,338840,11740,180404834940,1551438100,1551438100,0.0,0.0,0.0,0.0,0.0,11740,1.0,0.0
2026-06-24,339770,3795,189617478600,736460079,541661328,-0.0932,-0.0899,-0.1385,-0.3037,-0.2105,6070,0.6252,0.019
2026-07-03,339950,2685,0,277406102,393988884,0.0592,0.1598,0.3623,0.3098,0.2506,2850,0.9421,0.0238
2026-07-07,340360,764,0,733287863,1082334997,-0.446,-0.5341,-0.462,-0.4341,0.0119,2215,0.3449,0.0578
2026-07-06,340440,875,0,415848150,10114398096,-0.3341,-0.5612,-0.4092,-0.3803,-0.0462,2510,0.3486,0.0485
2026-07-06,340450,4860,0,694175185,1420205501,-0.1,-0.3477,-0.258,-0.4948,-0.3948,9680,0.5021,0.0367
2026-07-07,340570,54300,441350400000,3101543450,3101543450,0.0,0.0,0.0,0.0,0.0,54300,1.0,0.0
2026-07-07,340810,2290,0,263819590,1015168568,-0.1358,-0.1107,-0.1993,-0.5933,-0.4575,5300,0.4321,0.0468
2026-07-07,340930,806,0,0,0,0.0,0.0,-0.4056,-0.2829,-0.2829,2177,0.3702,0.0
2026-07-07,342870,4160,0,51980716,62561419,-0.1196,-0.35,-0.4667,0.0,0.0,14430,0.2883,0.0372
2026-06-25,344820,21450,342567482400,797724855,819547060,-0.186,-0.1605,-0.2056,-0.3286,-0.1426,34550,0.6208,0.0213
2026-07-06,344860,1376,0,124336181,184769859,0.0464,-0.0709,-0.3369,-0.3288,-0.3752,2255,0.6102,0.0356
2026-07-06,347000,1775,0,289114355,787019514,-0.021,-0.1686,-0.195,-0.3289,-0.3079,2700,0.6574,0.0319
2026-07-15,347700,20300,1049070216700,39153291092,55108274237,-0.383,-0.5,0.1278,1.0239,1.4069,53100,0.3823,0.0912
2026-07-06,347740,1773,0,106920932,215448811,-0.0742,-0.1117,-0.2778,-0.4206,-0.3464,3235,0.5481,0.0232
2026-07-07,347770,950,0,239056121,432788013,-0.1838,-0.4537,-0.1732,-0.3799,-0.1961,2260,0.4204,0.0435
2026-07-15,347850,77600,3547830936600,145303606215,122468817317,-0.1528,0.0157,-0.2861,1.4748,1.6276,111200,0.6978,0.0845
2026-07-07,347860,1440,0,408557477,2509358855,-0.074,-0.2088,-0.4025,-0.5972,-0.5232,3290,0.4377,0.0602
2026-07-06,347890,4315,0,1030700147,634466375,-0.1589,-0.1654,-0.314,-0.2225,-0.0636,7380,0.5847,0.0289
2026-07-07,348030,2650,0,224428901,276740645,-0.0112,0.0621,-0.197,-0.3823,-0.3711,4465,0.5935,0.0395
2026-07-07,348080,309,0,201782353,285653854,-0.3164,-0.6663,-0.7659,-0.6814,-0.365,1415,0.2184,0.0453
2026-07-07,348150,3300,0,221181983,422456663,-0.0517,-0.3956,-0.4407,-0.3293,-0.2776,6930,0.4762,0.0426
2026-07-07,348210,40850,427985654250,2294215900,2294215900,0.0,0.0,0.0,0.0,0.0,40850,1.0,0.0
2026-07-07,348340,32750,406399695250,2202951800,2202951800,0.0,0.0,0.0,0.0,0.0,32750,1.0,0.0
2026-07-06,348350,8310,0,268805443,750843785,-0.0503,-0.1188,-0.0095,-0.1084,-0.0581,12970,0.6407,0.0457
2026-07-07,348370,22850,500666190050,1594529700,1594529700,0.0,0.0,0.0,0.0,0.0,22850,1.0,0.0
2026-07-07,351320,1000,0,238819533,311359049,-0.181,-0.2308,-0.2372,-0.5643,-0.3833,2240,0.4464,0.0538
2026-07-07,351330,3940,0,124678200,356279210,-0.1826,-0.4306,-0.5507,-0.4863,-0.3037,10380,0.3796,0.0424
2026-07-06,351870,1929,0,195280282,93269095,-0.2679,-0.4963,-0.5977,-0.7601,-0.4922,7870,0.2451,0.0433
2026-07-06,352090,3575,0,123351224,213658590,0.0014,-0.0083,-0.0714,-0.081,-0.0824,4035,0.886,0.016
2026-07-06,352480,19520,0,804259135,772583357,-0.0091,-0.2449,-0.3774,-0.4276,-0.4185,48300,0.4041,0.0379
2026-07-24,352560,12635,0,0,0,0.0133,0.0158,0.0783,0.1044,0.0911,12755,0.9906,0.0123
2026-07-06,352700,1314,0,56141373,67949216,-0.1417,-0.3463,-0.4581,-0.4975,-0.3558,2835,0.4635,0.0183
2026-07-07,352770,5250,0,0,0,0.0,0.0,0.0,0.0,0.0,5250,1.0,0.0
2026-07-15,352820,207500,8900614418500,62358697313,67996116113,-0.0695,-0.17,-0.3815,-0.2857,-0.2162,404500,0.513,0.0376
2026-07-07,352910,3795,0,62506652,250274871,-0.1286,-0.151,-0.3928,-0.2052,-0.0766,6550,0.5794,0.0372
2026-07-06,352940,2035,0,37007346,51782816,0.0,-0.0491,-0.1035,-0.2262,-0.2262,2700,0.7537,0.0158
2026-07-06,353190,2815,0,61895718,72216442,0.0072,-0.1035,-0.207,-0.2137,-0.2209,4160,0.6767,0.0259
2026-07-15,353200,140400,6997436580000,147095789952,157036052926,-0.1736,0.6326,2.2996,6.8832,7.0568,190900,0.7355,0.0708
2026-06-26,35320K,29700,62236914300,1085555217,1441894137,-0.2556,0.488,0.9973,2.7834,3.039,45300,0.6556,0.0681
2026-07-07,353590,1550,0,28647159,65559244,-0.2039,-0.4404,-0.5706,-0.5799,-0.376,4010,0.3865,0.0305
2026-07-03,353810,6320,0,666109030,1200639078,0.0161,-0.1148,0.0498,0.2565,0.2404,8060,0.7841,0.0282
2026-07-07,354200,737,0,76009122,557862663,-0.1998,-0.5618,-0.5014,-0.6482,-0.4484,2635,0.2797,0.0501
2026-07-06,354320,29200,186628325200,1613600125,1613600125,0.0,0.0,0.0,0.0,0.0,29200,1.0,0.0
2026-07-06,355150,21000,163744350000,1040761250,1040761250,0.0,0.0,0.0,0.0,0.0,21000,1.0,0.0
2026-07-07,355390,1699,0,949605214,1648610205,-0.3149,-0.3204,-0.516,-0.8278,-0.5129,9664,0.1758,0.0776
2026-07-07,355690,4085,0,1498910559,1442825245,0.02,-0.2871,0.0744,-0.0795,-0.0995,7910,0.5164,0.0497
2026-07-07,356680,11960,341380164320,8581033820,8581033820,0.0,0.0,0.0,0.0,0.0,11960,1.0,0.0
2026-07-15,356860,87100,852489021000,15961127032,21704012378,-0.0899,0.2331,0.6825,2.8357,2.9256,125061,0.6965,0.066
2026-07-07,356890,2185,0,116306347,3296430100,-0.1277,-0.3225,-0.4565,-0.3801,-0.2524,5170,0.4226,0.0422
2026-07-06,357230,2170,0,155286033,1347344523,-0.0586,-0.0977,-0.0996,-0.1749,-0.1163,2960,0.7331,0.0333
2026-07-06,357550,36950,0,305738496,494599861,-0.1789,-0.2654,-0.4803,-0.2436,-0.0647,74000,0.4993,0.0388
2026-07-06,357580,6480,0,1263352085,6319373379,-0.3565,-0.6595,-0.027,-0.0663,0.2902,25100,0.2582,0.0728
2026-07-15,357780,303000,2364684064000,34051340487,32386445625,-0.1995,-0.2734,0.0688,0.6151,0.8146,501000,0.6048,0.0644
2026-07-10,357870,57745,0,0,0,0.0023,0.0073,0.0145,0.028,0.0257,57745,1.0,0.0001
2026-07-07,357880,2400,127056115200,2183005220,2183005220,0.0,0.0,0.0,0.0,0.0,2400,1.0,0.0
2026-07-07,358570,8640,557418291840,2547055900,2547055900,0.0,0.0,0.0,0.0,0.0,8640,1.0,0.0
2026-07-06,359090,1758,0,32890438,81972984,-0.3607,-0.5446,-0.6115,-0.6632,-0.3025,5510,0.3191,0.0445
2026-07-07,360070,9020,0,318160522,557838106,-0.1578,-0.4875,-0.5695,-0.6428,-0.485,27800,0.3245,0.0482
2026-07-07,360350,7280,0,209493638,791734558,-0.1385,-0.5674,0.043,-0.0957,0.0428,17110,0.4255,0.0461
2026-07-24,360750,26965,0,0,0,-0.0453,0.0367,0.06,0.2679,0.3132,28875,0.9339,0.0087
2026-07-07,361390,13950,0,1231888877,3641351506,-0.1566,-0.5044,-0.2096,-0.3195,-0.1629,35400,0.3941,0.044
2026-07-07,361570,1286,0,64765516,109180037,-0.2037,-0.321,-0.2863,-0.4675,-0.2638,2695,0.4772,0.0291
2026-06-24,361610,16500,1349487150000,4255248622,5254879816,-0.2048,-0.201,-0.4491,-0.2964,-0.0916,34300,0.481,0.049
2026-07-07,361670,3055,0,84832869,52892334,0.2099,0.0083,-0.1284,-0.3286,-0.5385,4460,0.685,0.044
2026-07-06,362320,4600,0,535939516,463808348,0.2121,-0.0043,-0.2217,-0.2675,-0.4796,10260,0.4483,0.0368
2026-07-07,362990,1210,0,80570085,156763443,0.0458,-0.2013,-0.3442,-0.4646,-0.5104,2360,0.5127,0.0454
2026-07-07,363250,3415,0,67088545,160372432,-0.0978,-0.4978,-0.163,-0.6176,-0.5198,8930,0.3824,0.0309
2026-07-06,363260,834,0,105398837,181111429,-0.1903,-0.4164,-0.4735,-0.5367,-0.3464,2205,0.3782,0.0369
2026-06-25,363280,1740,79165359420,121706828,176851391,-0.2435,-0.3948,-0.3797,-0.4314,-0.1879,4415,0.3941,0.0228
2026-06-26,36328K,2615,3072491635,14526449,17322051,-0.2836,-0.3519,-0.4842,-0.4558,-0.1722,8430,0.3102,0.0276
2026-07-07,364950,3765,0,156841819,343884738,-0.0862,-0.4062,-0.5442,-0.6078,-0.5216,13170,0.2859,0.0416
2026-07-07,365270,10450,231540566400,1066490930,1066490930,0.0,0.0,0.0,0.0,0.0,10450,1.0,0.0
2026-07-07,365330,2150,107867650000,25216557761,25216557761,0.0,0.0,0.0,0.0,0.0,2150,1.0,0.0
2026-07-06,365340,38300,494878704500,1225892525,1225892525,0.0,0.0,0.0,0.0,0.0,38300,1.0,0.0
2026-07-07,365590,892,0,214102590,147930318,-0.192,-0.5283,-0.6854,-0.7119,-0.5199,3820,0.2335,0.063
2026-07-07,365660,12220,163156050980,230139457810,230139457810,0.0,0.0,0.0,0.0,0.0,12220,1.0,0.0
2026-07-07,365900,2270,0,128247671,76423734,-0.1639,-0.31,-0.1685,-0.3551,-0.1912,3925,0.5783,0.0377
2026-07-06,366030,5570,0,670404145,964924347,0.114,0.0922,0.0431,0.2616,0.1476,6830,0.8155,0.0385
2026-07-07,367000,2860,0,25701868,34280324,0.0035,-0.2723,-0.3117,-0.4348,-0.4383,5000,0.572,0.0306
2026-07-07,368600,597,0,87797937,856559792,-0.1422,-0.3581,-0.5058,-0.7641,-0.6219,2598,0.2298,0.0746
2026-07-06,368770,13250,435318481250,1411318695,1411318695,0.0,0.0,0.0,0.0,0.0,13250,1.0,0.0
2026-07-07,368970,2300,0,146366155,83834249,0.2067,-0.0597,-0.1321,-0.3957,-0.6024,3866,0.5949,0.0621
2026-07-07,369370,803,0,124580373,236429925,-0.1186,-0.3702,-0.4147,-0.4365,-0.3179,1799,0.4464,0.0263
2026-07-07,370090,6870,0,260459184,925167345,-0.1723,-0.4396,-0.6121,-0.6123,-0.44,17860,0.3847,0.0395
2026-07-07,371950,6450,0,203717327,618691883,-0.0786,-0.4557,-0.2982,-0.3978,-0.3192,19190,0.3361,0.0423
2026-07-07,372170,16530,0,215249786,645428695,-0.2129,-0.423,-0.4545,-0.4472,-0.2343,42250,0.3912,0.043
2026-07-07,372320,30550,465151794900,1146103500,1146103500,0.0,0.0,0.0,0.0,0.0,30550,1.0,0.0
2026-07-07,372800,3130,0,399667749,211134154,0.1593,-0.2262,-0.3283,-0.6247,-0.784,7930,0.3947,0.0739
2026-06-25,372910,1694,46880443764,183773705,946786989,-0.2504,-0.2927,-0.4622,-0.4973,-0.2469,3435,0.4932,0.0225
2026-07-07,373110,1140,0,149467868,829105362,-0.1066,-0.1994,-0.3116,-0.6001,-0.4935,3340,0.3413,0.0594
2026-07-06,373160,3205,0,48522378,254746646,-0.1566,-0.3837,-0.3848,-0.5408,-0.3842,7030,0.4559,0.0395
2026-07-06,373170,1777,0,50314472,259937491,-0.1811,-0.3072,-0.2496,-0.4393,-0.2582,4653,0.3819,0.0452
2026-07-07,373200,2630,0,265321042,586154311,-0.0349,-0.2654,0.1215,-0.2496,-0.2147,5200,0.5058,0.0387
2026-07-15,373220,334000,78975000000000,158480221850,216377413323,-0.1864,-0.1681,-0.0874,0.0487,0.2351,514000,0.6498,0.0502
2026-07-15,375500,62100,2402873988300,33778491762,63362660859,-0.3054,-0.3429,0.5761,0.2105,0.5159,102500,0.6059,0.0515
2026-06-26,37550K,21350,45342833250,267902912,665794917,-0.146,-0.2688,-0.0738,-0.0896,0.0564,33800,0.6317,0.0416
2026-06-26,37550L,38500,80782125750,348270923,740652375,-0.1979,-0.126,0.2126,0.134,0.3319,60800,0.6332,0.0569
2026-07-07,376180,1424,0,78878301,385370830,-0.1697,-0.4647,-0.3901,-0.5406,-0.3709,3820,0.3728,0.0454
2026-07-07,376270,42500,0,687698822,1395739891,0.0083,-0.3823,-0.1043,1.0335,1.0252,94000,0.4521,0.0492
2026-07-06,376290,2670,0,49446065,56924910,0.0491,-0.0111,-0.1429,-0.235,-0.2841,3505,0.7618,0.0301
2026-07-07,376300,22650,537674895900,1212005625,1212005625,0.0,0.0,0.0,0.0,0.0,22650,1.0,0.0
2026-07-15,376900,50400,788927313300,11854931372,14988055020,-0.0059,-0.4783,-0.2971,1.636,1.6419,147900,0.3408,0.0815
2026-07-07,376930,714,0,399837568,621675443,-0.1439,-0.5606,-0.6287,-0.6557,-0.5118,3458,0.2065,0.0439
2026-07-06,376980,2310,0,88522270,860437344,0.0022,-0.3115,-0.3447,-0.56,-0.5622,5160,0.4477,0.0349
2026-07-07,377030,1490,0,223964725,323883638,-0.0139,-0.4461,-0.7958,-0.9446,-0.9307,30026,0.0496,0.0741
2026-07-07,377220,574,0,604242269,343023350,-0.1881,-0.5509,-0.5404,-0.7311,-0.543,2160,0.2657,0.0625
2026-07-15,377300,41200,5586656162500,9124355917,19040543191,-0.114,-0.1969,-0.1426,-0.4649,-0.3509,86700,0.4752,0.0484
2026-07-07,377330,2265,0,56586424,127202565,-0.25,-0.3147,-0.4266,-0.5206,-0.2706,5200,0.4356,0.0423
2026-07-06,377450,9460,0,211061427,386761138,-0.0624,-0.1516,-0.2395,-0.4218,-0.3594,18790,0.5035,0.0249
2026-07-03,377460,4080,0,0,0,0.0,0.0,0.0,0.0,0.0,4080,1.0,0.0
2026-07-07,377480,9150,0,1276845104,5120383790,-0.3321,-0.3501,-0.5083,-0.6433,-0.3112,25550,0.3581,0.066
2026-06-25,377740,4440,452374053120,366203618,387381285,-0.1208,-0.1747,-0.21,-0.1345,-0.0137,6230,0.7127,0.0185
2026-07-03,378340,12210,264271799220,1355455715,1355455715,0.0,0.0,0.0,0.0,0.0,12210,1.0,0.0
2026-07-07,378800,526,0,2061025080,1750110512,-0.4588,-0.6826,-0.7005,-0.8098,-0.351,2955,0.178,0.0783
2026-06-24,378850,2820,53562016860,230642102,612830498,-0.2199,-0.2199,-0.1595,-0.157,0.0629,3920,0.7194,0.0291
2026-07-07,380540,8450,0,0,0,0.0,0.0,1.3683,1.3485,1.3485,10040,0.8416,0.0
2026-07-07,380550,9500,0,1537344574,7023693596,-0.1645,-0.4895,-0.594,0.0,0.0,36700,0.2589,0.0519
2026-07-07,381620,5690,0,1029162991,9601508940,-0.312,-0.3452,-0.565,-0.2714,0.0406,18330,0.3104,0.0604
2026-06-24,381970,8530,416441833440,1429743383,2366250745,-0.1419,-0.395,-0.4871,-0.4708,-0.3289,17080,0.4994,0.0327
2026-07-07,382150,3755,0,225897567,2974798070,-0.1514,-0.5155,-0.6157,-0.6871,-0.5357,13870,0.2707,0.0495
2026-07-06,382480,1840,0,450393765,1445591058,-0.13,-0.1965,-0.0341,-0.1402,-0.0102,2845,0.6467,0.0388
2026-07-03,382800,4965,158041118565,1969154380,1969154380,0.0,0.0,0.0,0.0,0.0,4965,1.0,0.0
2026-07-07,382840,5040,0,1125664764,4234232120,-0.2674,-0.4,-0.3514,-0.4592,-0.1918,10840,0.4649,0.0541
2026-07-07,382900,19250,168649250000,4889119450,4889119450,0.0,0.0,0.0,0.0,0.0,19250,1.0,0.0
2026-07-16,383220,79000,3026258925000,6280763690,8137854257,-0.0482,0.2154,0.2344,-0.0247,0.0235,86100,0.9175,0.0343
2026-07-15,383310,26950,569469403800,8732547963,9873830891,-0.1417,-0.0895,0.1872,0.0365,0.1782,44050,0.6118,0.0552
2026-06-24,383800,7360,561425878400,1450685121,2105464397,-0.2603,-0.1207,-0.1186,-0.2086,0.0517,10080,0.7302,0.0284
2026-06-26,38380K,7260,10755191900,27705767,34734931,-0.1114,-0.1295,-0.1703,-0.2057,-0.0943,9420,0.7707,0.0164
2026-07-07,383930,1810,0,239375846,703790735,-0.2916,-0.4605,-0.3296,-0.5424,-0.2508,4010,0.4514,0.0643
2026-07-07,384470,2960,0,253344554,409903730,-0.0133,-0.0528,-0.26,-0.5346,-0.5213,6050,0.4893,0.0463
2026-07-07,387570,4450,0,87916901,452789207,-0.2011,-0.3456,-0.428,-0.4003,-0.1992,9200,0.4837,0.0365
2026-07-15,387690,17510,0,320696649320,320696649320,0.0,0.0,0.0,0.0,0.0,22000,0.7959,0.0
2026-07-06,388050,7800,145933608600,1024263630,1024263630,0.0,0.0,0.0,0.0,0.0,7800,1.0,0.0
2026-07-15,388210,90300,872761195200,6375876122,12558578052,-0.1879,-0.3271,-0.0373,0.0,0.0,164400,0.5493,0.0564
2026-07-06,388610,5330,0,71387879,235231078,-0.1698,-0.4225,-0.6354,-0.7824,-0.6126,32550,0.1637,0.0478
2026-07-07,388720,70400,829406688000,1508734650,1508734650,0.0,0.0,0.0,0.0,0.0,70400,1.0,0.0
2026-07-06,388790,4165,127507976400,1635515803,1635515803,0.0,0.0,0.0,0.0,0.0,4165,1.0,0.0
2026-07-07,388870,5650,0,618459632,991056265,-0.1144,-0.3852,-0.4027,-0.0858,0.0286,11620,0.4862,0.056
2026-07-07,389020,22450,0,1557473965,6565458501,-0.2984,-0.5442,-0.4029,-0.4736,-0.1752,61000,0.368,0.0577
2026-07-07,389030,2160,0,916826041,2569243759,-0.2678,-0.5789,-0.3208,-0.1111,0.1567,6270,0.3445,0.0569
2026-07-07,389140,4950,0,611717902,3165961140,-0.1899,-0.4029,-0.3571,-0.6515,-0.4616,15823,0.3128,0.0526
2026-07-07,389260,12970,232374735250,1621173560,1621173560,0.0,0.0,0.0,0.0,0.0,12970,1.0,0.0
2026-07-07,389470,37800,503031362400,1570172550,1570172550,0.0,0.0,0.0,0.0,0.0,37800,1.0,0.0
2026-07-07,389500,36500,243216728000,2453426800,2453426800,0.0,0.0,0.0,0.0,0.0,36500,1.0,0.0
2026-07-07,389650,40850,338127133100,1706581475,1706581475,0.0,0.0,0.0,0.0,0.0,40850,1.0,0.0
2026-07-07,389680,1521,0,1430386420,854962780,-0.2489,-0.426,-0.4035,-0.5384,-0.2895,7010,0.217,0.0864
2026-07-07,391710,1145,0,122601606,441370847,-0.2618,-0.3578,-0.5402,-0.3284,-0.0666,3060,0.3742,0.0352
2026-07-07,393210,2255,0,154958384,337228776,-0.1946,-0.4493,-0.563,-0.6907,-0.4961,7220,0.3123,0.0337
2026-07-07,393890,8950,302896138800,1106177815,1106177815,0.0,0.0,0.0,0.0,0.0,8950,1.0,0.0
2026-07-07,393970,2825,0,0,0,0.0,0.0,-0.358,-0.6975,-0.6975,9700,0.2912,0.0
2026-07-07,394280,10920,0,1409878911,4772597738,-0.1462,-0.2438,-0.2342,-0.2787,-0.1325,21800,0.5009,0.0553
2026-07-07,394420,15960,174521610480,2505090190,2505090190,0.0,0.0,0.0,0.0,0.0,15960,1.0,0.0
2026-07-07,394800,5820,0,1332585266,2327487998,-0.1626,-0.5206,-0.6904,-0.2332,-0.0706,18800,0.3096,0.0512
2026-07-07,396270,2265,0,756692674,3911942790,-0.3299,-0.3878,-0.4529,-0.5181,-0.1882,7160,0.3163,0.0666
2026-07-06,396300,3275,0,2214809908,11852216681,-0.3797,-0.0535,0.3819,0.0218,0.4015,6900,0.4746,0.0774
2026-07-06,396470,5670,0,666419125,3140138354,-0.1409,-0.1562,-0.1759,-0.3026,-0.1617,10590,0.5354,0.0561
2026-07-15,397030,26450,616954315100,13931963117,17127055917,-0.392,-0.5,-0.5384,0.528,0.92,73300,0.3608,0.0691
2026-07-07,397810,4795,0,47066885,269581245,0.0095,-0.2735,-0.4043,0.0,0.0,13930,0.3442,0.0264
2026-07-06,398120,2110,0,696719212,778631577,-0.1677,-0.4651,-0.3194,-0.4073,-0.2396,4500,0.4689,0.0415
2026-07-15,399720,54500,648678766800,16618123082,13048894710,-0.0268,-0.1007,-0.1524,0.1426,0.1694,79900,0.6821,0.0812
2026-07-07,402030,11660,0,388965876,652050842,-0.2448,-0.3493,-0.4228,-0.7435,-0.4987,40710,0.2864,0.0438
2026-07-15,402340,1405000,186061324260000,2183422218441,1431785558525,-0.064,1.4224,2.2636,7.1781,7.2421,1970000,0.7132,0.0718
2026-07-07,402490,7930,134296270810,2351084890,2351084890,0.0,0.0,0.0,0.0,0.0,7930,1.0,0.0
2026-07-07,403490,539,0,154040981,241392182,-0.2245,-0.552,-0.6558,-0.7345,-0.51,2025,0.2662,0.0432
2026-06-26,403550,11120,425686149240,665300477,1903663144,-0.1751,-0.0116,-0.056,-0.1763,-0.0012,18000,0.6178,0.073
2026-07-06,403850,10720,0,796421061,850349901,-0.0377,-0.3245,-0.5642,0.0,0.0,41550,0.258,0.0384
2026-07-15,403870,45950,3802260000000,282067158121,301482061883,-0.3069,0.1099,0.3358,0.647,0.9539,83500,0.5503,0.0838
2026-07-07,405000,3770,0,64498914,75517430,-0.1892,-0.4814,-0.3978,-0.5769,-0.3877,9110,0.4138,0.0599
2026-07-06,405100,11390,0,776191563,3332997472,-0.2637,-0.2507,-0.2809,-0.1847,0.079,22500,0.5062,0.0536
2026-07-06,405920,1735,0,17545663,31631964,-0.1758,-0.3088,-0.2875,-0.3101,-0.1343,3250,0.5338,0.0269
2026-07-07,406820,1719,0,784723889,4786404405,-0.1401,-0.0586,-0.6386,-0.4917,-0.3516,6850,0.2509,0.0958
2026-07-07,407400,2010,0,131039782,596618379,-0.1392,-0.5019,-0.589,-0.7528,-0.6136,8350,0.2407,0.042
2026-07-03,408470,5970,0,552807811,6898480753,-0.3307,-0.6425,0.0,0.0,0.0,27200,0.2195,0.0456
2026-07-07,408900,1125,0,238552518,1084896023,-0.1877,-0.4886,-0.6275,-0.7256,-0.5379,5280,0.2131,0.0427
2026-07-03,408920,2925,0,100808527,265030602,-0.0503,-0.0802,-0.1163,0.2316,0.2819,3780,0.7738,0.0257
2026-07-24,411060,26325,0,0,0,-0.0517,-0.1656,-0.1424,0.2662,0.3179,37890,0.6948,0.0153
2026-07-07,411080,3975,0,186813224,5089353386,-0.2129,-0.3408,-0.4264,-0.5578,-0.3449,9980,0.3983,0.0498
2026-07-07,412350,4240,0,2400158494,10318079482,-0.3161,-0.5299,1.1969,0.3847,0.7008,14080,0.3011,0.0956
2026-07-07,412540,3935,0,0,0,0.0,0.0,0.0,0.0,0.0,3935,1.0,0.0
2026-07-06,413390,6010,0,214556894,1598013922,-0.1277,-0.2431,-0.081,-0.2478,-0.1201,10540,0.5702,0.0442
2026-07-06,413630,2335,0,7883835465,4079984699,-0.1304,-0.3261,-0.4663,0.7879,0.9183,5630,0.4147,0.0773
2026-07-06,413640,6050,0,93959720,416474654,-0.1194,-0.2342,-0.3388,-0.7398,-0.6204,20850,0.2902,0.0331
2026-07-06,415380,1949,0,108196141,99113856,0.1156,-0.0469,-0.1913,-0.4092,-0.5248,4540,0.4293,0.0294
2026-06-23,415640,9950,1219328202600,1616512416,1332006228,0.0141,0.0101,0.0255,0.2594,0.2453,10480,0.959,0.012
2026-07-06,416180,20150,0,861007578,1874968171,-0.288,-0.3857,-0.3866,-0.3912,-0.1032,51800,0.389,0.0581
2026-07-06,417010,5240,0,1526540472,12475618847,-0.4755,-0.4347,-0.262,-0.0524,0.4231,14650,0.3577,0.0676
2026-07-03,417180,4200,0,159648604,105919569,-0.186,-0.4615,-0.5147,-0.7012,-0.5152,14709,0.2855,0.0438
2026-07-15,417200,12210,829421599340,10812448287,56529812789,-0.3202,-0.4015,-0.0232,0.0863,0.4065,31250,0.3907,0.0566
2026-07-06,417500,3205,0,849889150,2341608776,0.0079,-0.2987,-0.0093,-0.1231,-0.131,5920,0.5414,0.052
2026-07-06,417790,6530,0,113255199,195441016,0.0077,-0.0905,-0.2198,-0.3075,-0.3152,9770,0.6684,0.0183
2026-07-07,417840,10200,233267686200,4398742720,4398742720,0.0,0.0,0.0,0.0,0.0,10200,1.0,0.0
2026-07-07,417860,6730,0,2851909607,3485294165,-0.507,-0.194,-0.4447,-0.7647,-0.2577,22450,0.2998,0.0912
2026-07-06,417970,11040,0,557812150,1062249719,-0.2344,-0.3836,-0.6213,-0.0644,0.17,29150,0.3787,0.0478
2026-07-07,418250,6550,0,0,0,0.0,0.0,0.0,0.0,0.0,6550,1.0,0.0
2026-07-06,418420,4040,124329214320,1157822480,1157822480,0.0,0.0,0.0,0.0,0.0,4040,1.0,0.0
2026-07-03,418470,9850,0,346320625,636500225,-0.0371,-0.2527,-0.2934,-0.403,-0.3659,19190,0.5133,0.0226
2026-07-07,418550,4385,0,760234789,6424648916,-0.2113,-0.4606,-0.3754,-0.4919,-0.2806,14400,0.3045,0.0695
2026-07-07,418620,773,0,591296802,487970445,-0.3086,-0.4081,-0.5026,-0.7976,-0.489,4702,0.1644,0.0446
2026-07-07,419050,1615,0,22003562827,9042387907,0.2519,0.059,-0.0556,-0.0839,-0.3358,2390,0.6757,0.0847
2026-07-07,419080,4370,0,192992739,601480494,0.043,-0.1136,-0.4461,-0.4295,-0.4725,11000,0.3973,0.0538
2026-07-06,419120,2690,0,204566793,205774490,-0.1093,-0.3207,-0.361,-0.451,-0.3417,9349,0.2877,0.0283
2026-07-06,419530,24600,251100490200,1637505000,1637505000,0.0,0.0,0.0,0.0,0.0,24600,1.0,0.0
2026-07-07,419540,3270,0,307741287,198994410,0.2201,-0.2483,-0.3978,-0.5938,-0.8139,11300,0.2894,0.0468
2026-07-06,420570,8230,0,425160617,1299917975,0.0538,0.0944,-0.069,-0.2243,-0.2781,11200,0.7348,0.0434
2026-07-15,420770,161400,2071218857200,26050209477,21306975886,0.1374,0.8155,3.8541,5.1603,5.0229,192200,0.8398,0.064
2026-07-06,424760,1977,0,312374608,2740457650,-0.1914,-0.1976,-0.0577,0.0383,0.2297,4741,0.417,0.0767
2026-07-07,424870,3175,289789454075,1161117404,1161117404,0.0,0.0,0.0,0.0,0.0,3175,1.0,0.0
2026-07-07,424960,3845,0,376135095,1022629453,-0.1465,-0.4346,-0.5641,-0.5789,-0.4324,9410,0.4086,0.0411
2026-07-07,424980,6680,0,219449347,440765290,-0.2095,-0.4353,-0.1981,-0.2578,-0.0483,16050,0.4162,0.0588
2026-07-07,425040,9500,208267531000,2268455575,2268455575,0.0,0.0,0.0,0.0,0.0,9500,1.0,0.0
2026-07-07,425420,37150,458697774150,3858924675,3858924675,0.0,0.0,0.0,0.0,0.0,37150,1.0,0.0
2026-07-07,429270,3580,0,391436430,4558857655,-0.3075,-0.2724,-0.2088,-0.3036,0.0039,10320,0.3469,0.095
2026-07-07,430690,2260,0,145389849,6768152876,-0.2479,-0.3625,-0.534,-0.607,-0.3591,7150,0.3161,0.072
2026-07-07,431190,2360,0,155490223,298079813,-0.0541,-0.4187,-0.528,-0.547,-0.4929,6550,0.3603,0.0415
2026-07-07,432430,2160,0,337996623,268455613,-0.1925,-0.2987,-0.4738,-0.6447,-0.4522,6000,0.36,0.0523
2026-07-07,432470,7400,0,262312976,1427934945,-0.1415,-0.4308,-0.2276,-0.3084,-0.1669,17590,0.4207,0.0438
2026-07-07,432720,8550,121303740600,1322437550,1322437550,0.0,0.0,0.0,0.0,0.0,8550,1.0,0.0
2026-07-06,432980,2875,0,111895667,117279732,0.1058,-0.1762,-0.1867,-0.3089,-0.4147,4230,0.6797,0.0355
2026-07-06,434480,2550,0,122215106,2563125281,-0.1429,-0.2296,-0.3593,-0.4597,-0.3168,4875,0.5231,0.0498
2026-07-07,435570,6890,0,117811098,406423918,0.0782,-0.2984,-0.4827,-0.6189,-0.6971,25250,0.2729,0.0412
2026-07-07,437730,32900,1043178954300,2034409600,2034409600,0.0,0.0,0.0,0.0,0.0,32900,1.0,0.0
2026-07-07,438700,1798,0,411738398,208722216,-0.2044,-0.4046,-0.4292,-0.6338,-0.4294,4945,0.3636,0.0682
2026-07-07,439090,14780,242292382800,1794031290,1794031290,0.0,0.0,0.0,0.0,0.0,14780,1.0,0.0
2026-06-24,439260,55100,2098689023000,6043211562,10841319762,-0.2151,-0.3795,-0.2826,0.0,0.0,108700,0.5069,0.0307
2026-07-07,439580,1797,0,451693992,861720496,-0.1443,-0.4546,-0.5993,-0.6463,-0.502,6420,0.2799,0.036
2026-07-07,439960,12810,415692519060,5980453060,5980453060,0.0,0.0,0.0,0.0,0.0,12810,1.0,0.0
2026-07-15,440110,80000,3958012733000,78045657010,125688003876,-0.2071,0.4011,2.7647,4.7845,4.9916,128300,0.6235,0.0677
2026-07-06,440290,1700,0,121150629,193095763,-0.0513,-0.1605,-0.2797,-0.2494,-0.1981,2425,0.701,0.0224
2026-07-07,440320,2180,0,154878052,1971703349,-0.1434,-0.3219,-0.4323,-0.6058,-0.4624,5520,0.3949,0.0549
2026-07-07,441270,6090,256048246230,1028007580,1028007580,0.0,0.0,0.0,0.0,0.0,6090,1.0,0.0
2026-07-15,443060,199000,8912891848000,36952225321,74485004876,-0.2211,0.078,0.0809,0.0,0.2211,280500,0.7094,0.051
2026-07-06,443250,6250,0,93241965,350076919,0.028,-0.2873,-0.4245,-0.5098,-0.5378,12810,0.4879,0.0325
2026-07-06,443670,2935,0,300466204,3269302881,-0.2215,-0.2744,-0.4644,-0.6294,-0.4079,7790,0.3768,0.0555
2026-07-07,444530,4905,0,185567502,625189062,-0.3469,-0.3234,-0.3861,-0.6784,-0.3315,14670,0.3344,0.0485
2026-07-06,445090,19420,212176278360,1205765095,1205765095,0.0,0.0,0.0,0.0,0.0,19420,1.0,0.0
2026-07-03,445180,8060,0,482151084,1728031487,-0.1343,-0.0324,-0.0714,0.3615,0.4958,13020,0.619,0.048
2026-07-15,445680,42850,738879802250,5911874507,8801747926,-0.3089,-0.4806,-0.6122,-0.0371,0.2718,139600,0.3069,0.0589
2026-06-25,446070,3180,33743663700,332496528,188366590,0.1648,0.0461,-0.0769,-0.2639,-0.4287,4485,0.709,0.0476
2026-07-07,446540,5850,170112799350,2346814385,2346814385,0.0,0.0,0.0,0.0,0.0,5850,1.0,0.0
2026-07-07,446840,1059,0,302524992,416185185,0.1314,-0.1791,-0.4358,-0.5051,-0.6365,2300,0.4604,0.0408
2026-07-06,448280,7050,0,267264008,804159137,-0.285,-0.3717,-0.3677,-0.5489,-0.2639,15490,0.4551,0.0386
2026-07-06,448710,11220,0,776481783,2534629477,-0.248,-0.4032,-0.3245,-0.5837,-0.3357,26550,0.4226,0.044
2026-07-07,448900,48950,297344670150,1823605225,1823605225,0.0,0.0,0.0,0.0,0.0,48950,1.0,0.0
2026-07-15,450080,37200,2651979431500,19481791915,62953715547,-0.3673,-0.4761,-0.2887,-0.3086,0.0587,86400,0.4306,0.0518
2026-07-06,450330,5150,0,113205261,424820122,0.0098,-0.2336,-0.1825,-0.4074,-0.4172,8710,0.5913,0.0386
2026-07-07,450520,1813,0,61561527,612921140,-0.1284,-0.3936,-0.462,-0.6059,-0.4775,4520,0.4011,0.0358
2026-07-03,450950,7020,0,439927892,541142061,-0.1323,-0.3732,-0.4269,-0.4384,-0.3061,16100,0.436,0.0423
2026-07-06,451220,10310,0,1751972984,3738647274,-0.1336,-0.105,0.138,0.0289,0.1625,18190,0.5668,0.0621
2026-07-06,451250,7580,0,379749519,495441620,0.1033,-0.0537,-0.1788,-0.3736,-0.4769,12330,0.6148,0.0341
2026-07-03,451760,9470,156328619780,1909420320,1909420320,0.0,0.0,0.0,0.0,0.0,9470,1.0,0.0
2026-07-07,452160,3320,0,82623671,299087336,-0.1286,-0.3712,-0.3897,-0.3953,-0.2667,9430,0.3521,0.05
2026-07-06,452190,3850,0,1418270048,23935494187,-0.2582,-0.029,-0.1954,-0.3013,-0.0431,10010,0.3846,0.0793
2026-07-07,452200,1653,0,697720315,3241139716,-0.3375,-0.2936,-0.2996,-0.6097,-0.2722,4500,0.3673,0.0873
2026-06-23,452260,2155,417767459550,9560451288,24567553873,-0.1612,0.0746,1.6262,1.2039,1.3651,3640,0.772,0.0681
2026-06-26,45226K,4215,12242341050,63060604,215405530,-0.3565,-0.4088,0.5496,0.749,1.1055,13610,0.3097,0.0686
2026-07-07,452280,12700,244445409000,1483768380,1483768380,0.0,0.0,0.0,0.0,0.0,12700,1.0,0.0
2026-07-06,452300,2305,0,287513695,8723013503,-0.2291,-0.3452,-0.1869,-0.3668,-0.1377,5100,0.452,0.034
2026-07-06,452400,5870,0,103515004,196666625,-0.1406,-0.3037,-0.5266,-0.2928,-0.1522,13190,0.445,0.0394
2026-07-06,452430,28950,238994437950,1162806250,1162806250,0.0,0.0,0.0,0.0,0.0,28950,1.0,0.0
2026-07-07,452450,3355,0,623261022,5879728746,-0.2435,-0.333,-0.5124,-0.6662,-0.4227,10020,0.3348,0.0485
2026-07-27,453340,18590,603646802330,846754042,1188089919,0.1335,0.1468,0.2451,0.0473,-0.0862,19300,0.9632,0.0255
2026-07-06,453450,13770,0,924353978,3419707938,-0.1463,-0.3654,0.0,-0.4065,-0.2602,26450,0.5206,0.0474
2026-07-06,453860,9960,0,188873843,238908008,-0.0349,-0.2921,-0.3692,-0.4702,-0.4353,22700,0.4388,0.0396
2026-07-15,454910,70900,4608700578000,51098134095,183927103260,-0.3495,-0.1952,-0.1468,0.151,0.5005,166700,0.4253,0.0763
2026-07-07,455180,1333,0,147138959,194707197,-0.2308,-0.5256,-0.5954,-0.7508,-0.52,6550,0.2035,0.068
2026-07-03,455900,18440,283488833640,1734901960,1734901960,0.0,0.0,0.0,0.0,0.0,18440,1.0,0.0
2026-07-07,456010,15860,230007271000,2378284850,2378284850,0.0,0.0,0.0,0.0,0.0,15860,1.0,0.0
2026-07-01,456040,98200,884506506000,6947297402,14506662645,-0.2016,0.002,0.5839,0.7887,0.9903,150000,0.6547,0.0598
2026-07-07,456070,7040,0,553482683,1228087327,-0.1394,-0.5243,-0.6029,-0.4408,-0.3014,20150,0.3494,0.0435
2026-07-15,456160,32600,542950758900,6629855671,15435428056,-0.3299,-0.533,-0.5965,0.0,0.0,118800,0.2744,0.0601
2026-07-15,457190,60800,1849394966400,10864970845,28707501969,-0.3059,-0.3667,0.0519,0.3511,0.657,130100,0.4673,0.0488
2026-07-06,457370,8270,0,20580005256,18317628820,-0.4363,0.0825,0.0939,-0.0559,0.3804,15200,0.5441,0.0829
2026-07-06,457550,16800,0,1265797353,3139017642,-0.224,-0.2971,-0.1785,-0.4947,-0.2707,36600,0.459,0.0451
2026-07-07,457600,2165,0,404921288,206637801,0.3799,0.0384,-0.1476,-0.391,-0.7709,3400,0.6368,0.0548
2026-07-06,458350,4380,0,261354809,847509296,-0.2165,-0.5567,0.0,0.0,0.0,34000,0.1288,0.0489
2026-07-06,458650,8340,0,332418911,1447383263,-0.2191,-0.3056,-0.1584,-0.3743,-0.1552,14930,0.5586,0.0347
2026-07-24,458730,15300,0,0,0,-0.0135,0.0621,0.1355,0.3123,0.3258,15834,0.9663,0.0076
2026-07-15,458870,31850,1208396745000,10840698851,13646835217,-0.0078,-0.3302,-0.1652,2.4229,2.4307,63034,0.5053,0.0585
2026-07-06,459100,4285,0,157088460,909983588,-0.1548,-0.2362,-0.3861,-0.3879,-0.2331,8590,0.4988,0.0445
2026-07-07,459510,13220,0,1077617372,6255581187,-0.2708,-0.3675,-0.3963,-0.369,-0.0982,35150,0.3761,0.0617
2026-07-06,459550,1157,0,3309665289,2966412984,-0.3839,-0.5731,-0.6821,0.0,0.0,5670,0.2041,0.0577
2026-07-24,459580,1075600,0,0,0,0.0025,0.0075,0.0146,0.0284,0.0259,1075600,1.0,0.0001
2026-07-07,460470,2930,0,383431136,717245876,-0.0548,-0.104,-0.0579,-0.1267,-0.0719,4745,0.6175,0.0604
2026-06-25,460850,4725,141271149600,430902737,1940800600,-0.2072,-0.1923,-0.133,-0.2731,-0.0659,7180,0.6581,0.0298
2026-06-23,460860,8820,437542709940,4007720141,7330544194,-0.2215,0.1149,0.1885,0.1199,0.3414,16310,0.6186,0.0494
2026-07-06,460870,2285,0,209411912,603602993,-0.1474,-0.389,-0.3907,-0.7044,-0.557,9170,0.2492,0.0444
2026-07-07,460930,11680,414764637280,1144666615,1144666615,0.0,0.0,0.0,0.0,0.0,11680,1.0,0.0
2026-07-06,460940,4605,0,2001581199,2479936738,-0.2208,-0.376,-0.5964,-0.4498,-0.229,13960,0.3299,0.0621
2026-07-07,461030,3445,0,121755820,296616700,-0.1223,-0.4626,-0.6589,-0.5975,-0.4752,12080,0.2852,0.0437
2026-07-03,461300,16470,0,965813348,1056020061,-0.0155,0.0067,-0.0763,-0.2005,-0.185,26300,0.6262,0.027
2026-07-07,462310,3420,0,90958171,122493511,0.0103,-0.1847,-0.4031,0.0,0.0,13990,0.2445,0.0425
2026-07-07,462350,6930,194359341330,3373983950,3373983950,0.0,0.0,0.0,0.0,0.0,6930,1.0,0.0
2026-07-07,462510,2885,0,207909024,401328642,-0.0383,-0.3875,-0.5555,-0.6366,-0.5983,8550,0.3374,0.063
2026-07-06,462520,15960,0,421841000,265021905,0.1263,0.1359,0.1014,0.1068,-0.0195,17180,0.929,0.0157
2026-07-03,462860,2100,0,462324240,1121003087,-0.2279,-0.3805,-0.4595,-0.5648,-0.3369,6570,0.3196,0.0396
2026-06-24,462870,33950,1991314843000,5334819463,3560441363,0.1508,0.1647,-0.1019,-0.3558,-0.5066,56100,0.6052,0.0305
2026-07-06,462980,1593,0,179385751,371561507,0.0114,-0.2824,-0.2153,-0.5349,-0.5463,3365,0.4734,0.0441
2026-07-07,463020,6700,0,1532725564,2690706972,-0.1432,-0.4194,-0.6105,0.0,0.0,45100,0.1486,0.0668
2026-07-07,463480,4380,0,362203747,1037112482,-0.1231,-0.3975,-0.4413,-0.5718,-0.4487,11670,0.3753,0.0418
2026-07-03,464080,9720,174445277400,1592240540,1592240540,0.0,0.0,0.0,0.0,0.0,9720,1.0,0.0
2026-07-06,464280,6140,0,117977271,194339875,-0.1328,-0.2485,-0.369,-0.4566,-0.3238,11430,0.5372,0.0358
2026-07-09,464440,2115,0,157655640,88755390,0.0095,0.0048,-0.0117,-0.0364,-0.0459,2180,0.9702,0.0019
2026-07-07,464490,5780,0,347934523,950020058,-0.2293,-0.5664,-0.618,0.0,0.0,24550,0.2354,0.0452
2026-07-07,464500,1909,0,188950723,624919161,-0.1142,-0.3911,-0.3496,-0.4976,-0.3834,4365,0.4373,0.0472
2026-07-06,464580,1435,0,77835087,99084283,-0.1672,-0.2914,-0.419,-0.6127,-0.4455,3395,0.4227,0.0293
2026-07-07,465320,2335,0,0,0,0.0,0.0,0.0,0.081,0.081,2335,1.0,0.0
2026-07-06,465480,3550,0,90169290,1844633193,-0.2094,-0.2886,-0.3377,-0.511,-0.3016,7150,0.4965,0.0459
2026-06-26,465770,1761,12635358384,533310532,2870167908,-0.4454,-0.7218,-0.7173,-0.8356,-0.3902,11350,0.1552,0.0686
2026-07-15,466100,24750,631389127200,5890010207,16208374768,-0.2899,-0.3923,-0.5416,0.3504,0.6403,71702,0.3452,0.053
2026-07-06,466410,8310,0,117831006,646485037,-0.1362,-0.2411,-0.3357,-0.5163,-0.3801,16090,0.5165,0.0266
2026-07-07,466690,2005,0,26560923,30160124,-0.0025,-0.022,0.004,0.0,0.0,2100,0.9548,0.0048
2026-07-07,467930,2105,0,108847778,64036475,0.0024,-0.0518,-0.0624,-0.0232,-0.0256,2290,0.9192,0.0051
2026-07-03,468530,26550,292984772400,1208619100,1208619100,0.0,0.0,0.0,0.0,0.0,26550,1.0,0.0
2026-07-07,468760,2080,0,32304761,29932658,0.0024,-0.0024,-0.0119,-0.028,-0.0304,2145,0.9697,0.0024
2026-07-07,469480,2130,0,47924353,60987560,-0.1125,-0.0207,-0.0362,-0.0093,0.1032,2550,0.8353,0.0201
2026-07-06,469610,14810,132444349000,1818772475,1818772475,0.0,0.0,0.0,0.0,0.0,14810,1.0,0.0
2026-07-07,469750,687,0,202386769,876965454,-0.3463,-0.3657,-0.4784,-0.2417,0.1046,1936,0.3549,0.0555
2026-07-07,469880,2105,0,136869270,73760110,0.0,0.0145,0.0184,0.0293,0.0293,2110,0.9976,0.0019
2026-07-07,469900,2070,0,18539720,18104195,0.0024,0.0049,0.0049,0.0172,0.0148,2115,0.9787,0.0018
2026-07-07,471050,2090,0,68513846,56058014,0.0024,-0.0071,-0.0369,-0.0346,-0.037,2235,0.9351,0.004
2026-07-06,471820,4495,0,36043492,117602459,-0.0507,-0.0722,-0.2876,-0.091,-0.0403,6980,0.644,0.0154
2026-07-07,472220,2100,0,29927569,27447032,-0.0255,-0.0255,-0.0345,-0.0433,-0.0178,2245,0.9354,0.0084
2026-07-07,472230,2075,0,17762751,19858510,0.0024,0.0073,0.0147,0.0122,0.0098,2085,0.9952,0.0029
2026-07-03,472850,4220,0,312253880,323794224,0.0356,-0.1992,-0.2454,-0.3432,-0.3788,10060,0.4195,0.0286
2026-07-07,473000,2055,0,18391292,12333207,0.0049,-0.0024,0.0098,-0.0024,-0.0073,2085,0.9856,0.0047
2026-07-07,473050,2080,0,24961854,30476840,0.0048,0.0146,0.0146,0.0348,0.03,2080,1.0,0.0023
2026-07-07,473950,2035,0,18948891,18262182,0.0,0.0,0.0049,-0.0049,-0.0049,2065,0.9855,0.0024
2026-07-03,473980,10890,0,900086391,1025129300,-0.2221,-0.4161,-0.5859,-0.6459,-0.4238,36500,0.2984,0.0478
2026-07-06,474170,7280,0,1379496810,5558217184,-0.3132,-0.4481,-0.1613,-0.0979,0.2153,21350,0.341,0.0515
2026-07-07,474490,2050,0,19542641,28686729,0.0,0.0074,0.0099,0.0174,0.0174,2060,0.9951,0.0022
2026-07-06,474610,6960,0,3572845147,8103475618,-0.2704,-0.3452,0.4146,0.557,0.8274,15980,0.4355,0.0697
2026-07-07,474650,26450,0,2048185996,4296575075,-0.2693,-0.5635,-0.5748,0.3805,0.6498,87200,0.3033,0.0454
2026-07-07,474660,2065,0,33899959,35508482,0.0073,0.0073,-0.0024,-0.0024,-0.0097,2099,0.9838,0.003
2026-07-07,474930,2090,0,36917299,17776598,0.0048,-0.0165,-0.0256,-0.0346,-0.0394,2245,0.931,0.0049
2026-07-07,475040,4770,254027008260,22331623720,22331623720,0.0,0.0,0.0,0.0,0.0,4770,1.0,0.0
2026-07-15,475150,54300,1822584714000,239446807830,148392994895,-0.0269,-0.0781,1.7177,1.1851,1.212,68200,0.7962,0.0877
2026-07-07,475230,7240,0,917599908,1831488624,-0.3234,-0.6717,-0.4965,0.0,0.0,28600,0.2531,0.0407
2026-07-07,475240,2090,0,17540104,11267830,0.0121,-0.0095,-0.0142,-0.0256,-0.0377,2150,0.9721,0.0041
2026-07-07,475250,2055,0,6799244,8380845,-0.0072,-0.0191,-0.0238,-0.0238,-0.0166,2130,0.9648,0.0029
2026-07-07,475400,16840,0,1051363215,3124351668,-0.307,-0.4405,-0.5276,-0.3383,-0.0313,42950,0.3921,0.0549
2026-07-06,475430,5260,0,35097663768,17624471758,0.0936,0.2479,0.0273,-0.2042,-0.2978,6980,0.7536,0.076
2026-07-06,475460,6060,0,76052576,132544992,-0.0605,-0.2026,-0.2887,-0.5671,-0.5066,17780,0.3408,0.0315
2026-06-26,475560,14360,209074377000,295134115,299427234,-0.1855,-0.3226,-0.4233,-0.4926,-0.3071,29200,0.4918,0.0219
2026-07-07,475580,7310,0,874694612,3971858243,-0.0318,-0.4656,-0.3149,-0.3582,-0.3264,14440,0.5062,0.0371
2026-07-07,475660,3500,0,108148557,129017632,-0.1239,-0.3519,-0.3794,-0.3204,-0.1965,8290,0.4222,0.0465
2026-07-15,475830,48800,1063173930500,7889633203,14113393189,-0.2339,-0.4306,-0.6566,1.5116,1.7455,143700,0.3396,0.0653
2026-07-07,475960,33500,448339679000,1209859400,1209859400,0.0,0.0,0.0,0.0,0.0,33500,1.0,0.0
2026-07-07,476040,8880,0,390146397,1200668269,-0.2022,-0.6062,-0.7738,-0.701,-0.4988,44600,0.1991,0.0456
2026-07-15,476060,11620,524006473600,3230701814,7736110635,-0.284,-0.4633,-0.4836,1.0937,1.3777,26300,0.4418,0.0459
2026-07-07,476080,3815,0,782951987,2024200488,-0.326,-0.3915,-0.5871,-0.7422,-0.4162,14420,0.2646,0.0758
2026-07-07,476830,34900,489567358200,9253027275,9253027275,0.0,0.0,0.0,0.0,0.0,34900,1.0,0.0
2026-07-07,477340,2040,0,25824587,25029161,0.0039,0.0074,0.0149,0.0175,0.0136,2045,0.9976,0.0019
2026-07-07,477380,2070,0,31345723,32000413,0.0073,0.0049,0.0024,0.0122,0.0049,2130,0.9718,0.0031
2026-07-07,477470,2095,0,31701542,26486926,0.022,0.0,-0.0164,-0.0048,-0.0268,2150,0.9744,0.0052
2026-07-07,477760,2050,0,27134817,30144798,0.0,0.0099,0.0578,0.06,0.06,2070,0.9903,0.0028
2026-07-15,477850,30400,533529816800,74809483673,84467624107,0.5315,0.0,0.0,0.0,0.0,78000,0.3897,0.0
2026-07-07,478110,2035,0,20757948,16564008,0.0025,0.0049,0.0124,0.0099,0.0074,2050,0.9927,0.0028
2026-07-06,478340,13110,151684443630,1400494280,1400494280,0.0,0.0,0.0,0.0,0.0,13110,1.0,0.0
2026-07-07,478390,2035,0,26086812,28712752,-0.0025,-0.0121,-0.0169,-0.0193,-0.0168,2120,0.9599,0.0036
2026-07-07,478440,2040,0,24875937,21954378,-0.0024,-0.0049,0.0049,0.0025,0.0049,2080,0.9808,0.0036
2026-07-07,478560,2645,0,121323517,249869492,0.058,-0.1786,-0.257,-0.2918,-0.3498,4065,0.6507,0.0279
2026-07-07,479880,2035,0,19957225,19922400,-0.0073,-0.0025,-0.0049,-0.0263,-0.019,2100,0.969,0.0021
2026-07-06,479960,6600,0,88952763,968856027,-0.1373,-0.3118,-0.4054,-0.5629,-0.4256,15300,0.4314,0.0473
2026-06-26,480370,1203,39042652416,206724197,827093402,-0.3601,-0.51,-0.5801,-0.6797,-0.3196,4589,0.2621,0.0415
2026-07-06,481070,14920,0,382343586,485265462,0.2709,-0.0869,-0.3093,-0.3569,-0.6278,27400,0.5445,0.0442
2026-07-07,481890,2075,0,18626559,20961137,-0.0072,-0.0166,-0.0166,0.0147,0.0219,2175,0.954,0.0042
2026-07-07,482520,2020,0,28070806,42661495,-0.0049,-0.0218,-0.0218,0.0,0.0049,2074,0.974,0.002
2026-07-07,482630,13690,299650553200,2551199945,2551199945,0.0,0.0,0.0,0.0,0.0,13690,1.0,0.0
2026-07-07,482680,2055,0,0,21312869,0.0,0.0098,0.0199,0.0249,0.0249,2070,0.9928,0.0023
2026-07-07,482690,2065,0,41451563,37712634,-0.0328,-0.0328,-0.0373,-0.0213,0.0115,2205,0.9365,0.0088
2026-07-15,483650,200000,2488193734500,36176874162,45338614253,0.0309,0.0604,0.4286,0.0776,0.0467,260000,0.7692,0.0467
2026-07-06,484120,17570,192521904540,1054035985,1054035985,0.0,0.0,0.0,0.0,0.0,17570,1.0,0.0
2026-07-08,484130,2035,0,29208843,15902967,0.0025,-0.0193,-0.0049,-0.0073,-0.0098,2115,0.9622,0.0054
2026-07-07,484590,6480,267043716000,1241322015,1241322015,0.0,0.0,0.0,0.0,0.0,6480,1.0,0.0
2026-07-03,484810,10200,157599333000,1392765775,1392765775,0.0,0.0,0.0,0.0,0.0,10200,1.0,0.0
2026-06-24,484870,74000,677388600000,3313692257,3002405719,-0.1514,-0.3148,-0.4711,-0.3959,-0.2445,222500,0.3326,0.0545
2026-07-08,486630,2025,0,19558331,23014295,-0.0074,-0.0264,-0.0098,-0.0194,-0.012,2115,0.9574,0.0049
2026-07-07,486990,19500,416251485000,2268797435,2268797435,0.0,0.0,0.0,0.0,0.0,19500,1.0,0.0
2026-07-08,487360,2015,0,21184746,27142684,-0.0025,-0.0195,-0.0171,-0.0147,-0.0122,2115,0.9527,0.0025
2026-06-25,487570,46500,173255605500,532134618,1121237026,-0.1799,-0.1755,-0.2689,-0.2439,-0.064,91600,0.5076,0.0298
2026-07-03,487580,3915,0,3203656679,39742045622,-0.1051,0.0,0.0,0.0,0.0,20000,0.1958,0.0
2026-07-08,487720,2020,0,22168664,29952794,-0.0074,-0.0194,-0.0335,-0.0404,-0.033,2120,0.9528,0.005
2026-07-08,487830,2030,0,25784387,16748206,0.0025,-0.024,-0.0217,-0.0217,-0.0242,2100,0.9667,0.0067
2026-07-08,488060,2035,0,11606344,24368489,0.0049,-0.0049,-0.0025,-0.0073,-0.0122,2080,0.9784,0.0047
2026-07-07,488280,10280,0,1614077827,8339381357,-0.3307,-0.2599,-0.6772,0.0,0.0,37600,0.2734,0.0887
2026-07-07,488900,7730,0,768670764,2342118639,-0.2624,-0.5706,-0.5434,0.0,0.0,29900,0.2585,0.0507
2026-07-08,489210,2015,0,37203790,25669609,-0.0242,-0.045,-0.0473,-0.0218,0.0024,2200,0.9159,0.0068
2026-07-06,489460,6790,0,665471451,599879124,-0.0029,-0.1295,-0.4925,-0.6124,-0.6095,22450,0.3024,0.0441
2026-07-08,489480,2025,0,32060603,33436516,-0.0025,-0.0098,-0.0122,-0.0194,-0.0169,2120,0.9552,0.0034
2026-07-06,489500,20600,0,1122596499,2653631766,-0.2708,-0.3397,-0.3366,-0.026,0.2448,51300,0.4016,0.0531
2026-07-08,489730,2015,0,15443832,23583103,-0.0025,-0.0336,-0.0074,-0.0147,-0.0122,2130,0.946,0.0035
2026-07-15,489790,47250,2385576427500,16911128831,48249127042,-0.3392,-0.3717,-0.0136,-0.0896,0.2496,92700,0.5097,0.0574
2026-07-15,490470,19850,676766001600,9059502233,44392101689,-0.2467,-0.4562,-0.2847,0.0,0.0,48800,0.4068,0.0713
2026-07-15,491000,39900,1001425859550,7986811928,18424611402,-0.0993,-0.3667,-0.202,0.0,0.0,91300,0.437,0.0701
2026-07-08,492220,2005,0,22909530,25500904,-0.0074,-0.022,-0.005,-0.005,0.0024,2090,0.9593,0.0047
2026-07-07,493280,21250,315276666250,1428819050,1428819050,0.0,0.0,0.0,0.0,0.0,21250,1.0,0.0
2026-07-07,493330,10320,0,176371086,1040193964,-0.1664,-0.1541,0.0,0.0,0.0,20250,0.5096,0.0517
2026-07-08,493790,2010,0,8135112,11753507,-0.005,0.0025,0.005,0.005,0.01,2035,0.9877,0.0025
2026-07-07,494120,26350,201047390700,2343634350,2343634350,0.0,0.0,0.0,0.0,0.0,26350,1.0,0.0
2026-07-08,496070,2010,0,29781956,20595173,0.005,-0.0074,-0.0025,-0.005,-0.01,2070,0.971,0.0028
2026-07-08,498390,2025,0,25295944,28351016,-0.0098,0.0,0.0075,0.0075,0.0173,2065,0.9806,0.0041
2026-07-15,499790,40150,800174434350,6201250960,7322305902,-0.1764,-0.1048,-0.0978,0.075,0.2514,64600,0.6215,0.0502
2026-07-10,900140,1281,247540993392,765108998,1159203951,-0.0915,-0.2073,-0.1431,-0.3537,-0.2622,2085,0.6144,0.0304
2026-07-07,900290,2480,202864000000,8380319468,8380319468,0.0,0.0,0.0,0.0,0.0,2480,1.0,0.0
2026-07-15,950160,78300,6687151592000,34309504750,50423772008,-0.255,-0.1644,0.0755,0.7836,1.0386,138800,0.5641,0.0595
2026-07-10,950210,5760,346153852800,442607335,672626044,-0.1193,-0.382,-0.56,-0.6082,-0.4889,19910,0.2893,0.0392
