ticker,name,market,security_type,sector,industry,listed_date,is_preferred,is_etf_etn,is_reit,is_spac,is_trading_halt,is_administrative_issue,audit_opinion,capital_impairment
095570,AJ네트웍스,KOSPI,common_stock,,,2010-01-01,false,false,false,false,false,false,clean,false
006840,AK홀딩스,KOSPI,common_stock,,,2010-01-01,false,false,false,false,false,false,clean,false
027410,BGF,KOSPI,common_stock,,,2010-01-01,false,false,false,false,false,false,clean,false
282330,BGF리테일,KOSPI,common_stock,,,2010-01-01,false,false,false,false,false,false,clean,false
138930,BNK금융지주,KOSPI,common_stock,,,2010-01-01,false,false,false,false,false,false,clean,false
001460,BYC,KOSPI,common_stock,,,2010-01-01,false,false,false,false,false,false,clean,false
001465,BYC우,KOSPI,preferred_stock,,,2010-01-01,true,false,false,false,false,false,clean,false
001040,CJ,KOSPI,common_stock,,,2010-01-01,false,false,false,false,false,false,clean,false
079160,CJ CGV,KOSPI,common_stock,,,2010-01-01,false,false,false,false,false,false,clean,false
00104K,CJ4우(전환),KOSPI,preferred_stock,,,2010-01-01,true,false,false,false,false,false,clean,false
000120,CJ대한통운,KOSPI,common_stock,,,2010-01-01,false,false,false,false,false,false,clean,false
011150,CJ씨푸드,KOSPI,common_stock,,,2010-01-01,false,false,false,false,false,false,clean,false
011155,CJ씨푸드1우,KOSPI,preferred_stock,,,2010-01-01,true,false,false,false,false,false,clean,false
001045,CJ우,KOSPI,preferred_stock,,,2010-01-01,true,false,false,false,false,false,clean,false
097950,CJ제일제당,KOSPI,common_stock,,,2010-01-01,false,false,false,false,false,false,clean,false
097955,CJ제일제당 우,KOSPI,preferred_stock,,,2010-01-01,true,false,false,false,false,false,clean,false
000480,CR홀딩스,KOSPI,common_stock,,,2010-01-01,false,false,false,false,false,false,clean,false
000590,CS홀딩스,KOSPI,common_stock,,,2010-01-01,false,false,false,false,false,false,clean,false
012030,DB,KOSPI,common_stock,,,2010-01-01,false,false,false,false,false,false,clean,false
005830,DB손해보험,KOSPI,common_stock,,,1999-03-15,false,false,false,false,false,false,clean,false
016610,DB증권,KOSPI,common_stock,,,2010-01-01,false,false,false,false,false,false,clean,false
000990,DB하이텍,KOSPI,common_stock,,,2010-01-01,false,false,false,false,false,false,clean,false
000300,DH오토넥스,KOSPI,common_stock,,,2010-01-01,false,false,false,false,false,false,clean,false
001530,DI동일,KOSPI,common_stock,,,2010-01-01,false,false,false,false,false,false,clean,false
015590,DKME,KOSPI,common_stock,,,2010-01-01,false,false,false,false,false,false,clean,false
000210,DL,KOSPI,common_stock,,,2010-01-01,false,false,false,false,false,false,clean,false
000215,DL우,KOSPI,preferred_stock,,,2010-01-01,true,false,false,false,false,false,clean,false
375500,DL이앤씨,KOSPI,common_stock,,,2010-01-01,false,false,false,false,false,false,clean,false
37550L,DL이앤씨2우(전환),KOSPI,preferred_stock,,,2010-01-01,true,false,false,false,false,false,clean,false
37550K,DL이앤씨우,KOSPI,preferred_stock,,,2010-01-01,true,false,false,false,false,false,clean,false
007340,DN오토모티브,KOSPI,common_stock,,,2010-01-01,false,false,false,false,false,false,clean,false
004840,DRB동일,KOSPI,common_stock,,,2010-01-01,false,false,false,false,false,false,clean,false
155660,DSR,KOSPI,common_stock,,,2010-01-01,false,false,false,false,false,false,clean,false
069730,DSR제강,KOSPI,common_stock,,,2010-01-01,false,false,false,false,false,false,clean,false
017860,DS단석,KOSPI,common_stock,,,2010-01-01,false,false,false,false,false,false,clean,false
092780,DYP,KOSPI,common_stock,,,2010-01-01,false,false,false,false,false,false,clean,false
017940,E1,KOSPI,common_stock,,,2010-01-01,false,false,false,false,false,false,clean,false
365550,ESR켄달스퀘어리츠,KOSPI,reit,,,2010-01-01,false,false,true,false,false,false,clean,false
383220,F&F,KOSPI,common_stock,,,2010-01-01,false,false,false,false,false,false,clean,false
007700,F&F홀딩스,KOSPI,common_stock,,,2010-01-01,false,false,false,false,false,false,clean,false
114090,GKL,KOSPI,common_stock,,,2010-01-01,false,false,false,false,false,false,clean,false
078930,GS,KOSPI,common_stock,,,2010-01-01,false,false,false,false,false,false,clean,false
006360,GS건설,KOSPI,common_stock,,,2010-01-01,false,false,false,false,false,false,clean,false
001250,GS글로벌,KOSPI,common_stock,,,2010-01-01,false,false,false,false,false,false,clean,false
007070,GS리테일,KOSPI,common_stock,,,2010-01-01,false,false,false,false,false,false,clean,false
078935,GS우,KOSPI,preferred_stock,,,2010-01-01,true,false,false,false,false,false,clean,false
499790,GS피앤엘,KOSPI,common_stock,,,2010-01-01,false,false,false,false,false,false,clean,false
012630,HDC,KOSPI,common_stock,,,2010-01-01,false,false,false,false,false,false,clean,false
039570,HDC랩스,KOSPI,common_stock,,,2010-01-01,false,false,false,false,false,false,clean,false
089470,HDC현대EP,KOSPI,common_stock,,,2010-01-01,false,false,false,false,false,false,clean,false
267270,HD건설기계,KOSPI,common_stock,,,2010-01-01,false,false,false,false,false,false,clean,false
009540,HD한국조선해양,KOSPI,common_stock,,,2010-01-01,false,false,false,false,false,false,clean,false
267250,HD현대,KOSPI,common_stock,,,2010-01-01,false,false,false,false,false,false,clean,false
443060,HD현대마린솔루션,KOSPI,common_stock,,,2010-01-01,false,false,false,false,false,false,clean,false
071970,HD현대마린엔진,KOSPI,common_stock,,,2010-01-01,false,false,false,false,false,false,clean,false
322000,HD현대에너지솔루션,KOSPI,common_stock,,,2010-01-01,false,false,false,false,false,false,clean,false
267260,HD현대일렉트릭,KOSPI,common_stock,,,2010-01-01,false,false,false,false,false,false,clean,false
329180,HD현대중공업,KOSPI,common_stock,,,2010-01-01,false,false,false,false,false,false,clean,false
097230,HJ중공업,KOSPI,common_stock,,,2010-01-01,false,false,false,false,false,false,clean,false
014790,HL D&I,KOSPI,common_stock,,,2010-01-01,false,false,false,false,false,false,clean,false
003580,HLB글로벌,KOSPI,common_stock,,,2010-01-01,false,false,false,false,false,false,clean,false
204320,HL만도,KOSPI,common_stock,,,2010-01-01,false,false,false,false,false,false,clean,false
060980,HL홀딩스,KOSPI,common_stock,,,2010-01-01,false,false,false,false,false,false,clean,false
011200,HMM,KOSPI,common_stock,,,2010-01-01,false,false,false,false,false,false,clean,false
035000,HS애드,KOSPI,common_stock,,,2010-01-01,false,false,false,false,false,false,clean,false
002460,HS화성,KOSPI,common_stock,,,2010-01-01,false,false,false,false,false,false,clean,false
487570,HS효성,KOSPI,common_stock,,,2010-01-01,false,false,false,false,false,false,clean,false
298050,HS효성첨단소재,KOSPI,common_stock,,,2010-01-01,false,false,false,false,false,false,clean,false
015360,INVENI,KOSPI,common_stock,,,2010-01-01,false,false,false,false,false,false,clean,false
294870,IPARK현대산업개발,KOSPI,common_stock,,,2010-01-01,false,false,false,false,false,false,clean,false
175330,JB금융지주,KOSPI,common_stock,,,2010-01-01,false,false,false,false,false,false,clean,false
234080,JW생명과학,KOSPI,common_stock,,,2010-01-01,false,false,false,false,false,false,clean,false
001060,JW중외제약,KOSPI,common_stock,,,2010-01-01,false,false,false,false,false,false,clean,false
001067,JW중외제약2우B,KOSPI,preferred_stock,,,2010-01-01,true,false,false,false,false,false,clean,false
001065,JW중외제약우,KOSPI,preferred_stock,,,2010-01-01,true,false,false,false,false,false,clean,false
096760,JW홀딩스,KOSPI,common_stock,,,2010-01-01,false,false,false,false,false,false,clean,false
008970,KBI동양철관,KOSPI,common_stock,,,2010-01-01,false,false,false,false,false,false,clean,false
105560,KB금융,KOSPI,common_stock,,,2010-01-01,false,false,false,false,false,false,clean,false
415640,KB발해인프라,KOSPI,common_stock,,,2010-01-01,false,false,false,false,false,false,clean,false
432320,KB스타리츠,KOSPI,reit,,,2010-01-01,false,false,true,false,false,false,clean,false
002380,KCC,KOSPI,common_stock,,,1973-09-28,false,false,false,false,false,false,clean,false
344820,KCC글라스,KOSPI,common_stock,,,2010-01-01,false,false,false,false,false,false,clean,false
009070,KCTC,KOSPI,common_stock,,,2010-01-01,false,false,false,false,false,false,clean,false
009440,KC그린홀딩스,KOSPI,common_stock,,,2010-01-01,false,false,false,false,false,false,clean,false
119650,KC코트렐,KOSPI,common_stock,,,2010-01-01,false,false,false,false,false,false,clean,false
092220,KEC,KOSPI,common_stock,,,2010-01-01,false,false,false,false,false,false,clean,false
003620,KG모빌리티,KOSPI,common_stock,,,2010-01-01,false,false,false,false,false,false,clean,false
016380,KG스틸,KOSPI,common_stock,,,2010-01-01,false,false,false,false,false,false,clean,false
001390,KG케미칼,KOSPI,common_stock,,,2010-01-01,false,false,false,false,false,false,clean,false
001940,KISCO홀딩스,KOSPI,common_stock,,,2010-01-01,false,false,false,false,false,false,clean,false
025000,KPX케미칼,KOSPI,common_stock,,,2010-01-01,false,false,false,false,false,false,clean,false
092230,KPX홀딩스,KOSPI,common_stock,,,2010-01-01,false,false,false,false,false,false,clean,false
000040,KR모터스,KOSPI,common_stock,,,2010-01-01,false,false,false,false,false,false,clean,false
044450,KSS해운,KOSPI,common_stock,,,2010-01-01,false,false,false,false,false,false,clean,false
030200,KT,KOSPI,common_stock,,,1998-12-23,false,false,false,false,false,false,clean,false
033780,KT&G,KOSPI,common_stock,,,2010-01-01,false,false,false,false,false,false,clean,false
058850,KTcs,KOSPI,common_stock,,,2010-01-01,false,false,false,false,false,false,clean,false
058860,KTis,KOSPI,common_stock,,,2010-01-01,false,false,false,false,false,false,clean,false
093050,LF,KOSPI,common_stock,,,2010-01-01,false,false,false,false,false,false,clean,false
003550,LG,KOSPI,common_stock,,,2010-01-01,false,false,false,false,false,false,clean,false
034220,LG디스플레이,KOSPI,common_stock,,,2010-01-01,false,false,false,false,false,false,clean,false
051900,LG생활건강,KOSPI,common_stock,,,2010-01-01,false,false,false,false,false,false,clean,false
051905,LG생활건강우,KOSPI,preferred_stock,,,2010-01-01,true,false,false,false,false,false,clean,false
064400,LG씨엔에스,KOSPI,common_stock,,,2010-01-01,false,false,false,false,false,false,clean,false
373220,LG에너지솔루션,KOSPI,common_stock,,,2010-01-01,false,false,false,false,false,false,clean,false
003555,LG우,KOSPI,preferred_stock,,,2010-01-01,true,false,false,false,false,false,clean,false
032640,LG유플러스,KOSPI,common_stock,,,2010-01-01,false,false,false,false,false,false,clean,false
011070,LG이노텍,KOSPI,common_stock,,,2010-01-01,false,false,false,false,false,false,clean,false
066570,LG전자,KOSPI,common_stock,,,2010-01-01,false,false,false,false,false,false,clean,false
066575,LG전자우,KOSPI,preferred_stock,,,2010-01-01,true,false,false,false,false,false,clean,false
037560,LG헬로비전,KOSPI,common_stock,,,2010-01-01,false,false,false,false,false,false,clean,false
051910,LG화학,KOSPI,common_stock,,,2001-07-27,false,false,false,false,false,false,clean,false
051915,LG화학우,KOSPI,preferred_stock,,,2010-01-01,true,false,false,false,false,false,clean,false
079550,LIG디펜스앤에어로스페이스,KOSPI,common_stock,,,2010-01-01,false,false,false,false,false,false,clean,false
006260,LS,KOSPI,common_stock,,,2010-01-01,false,false,false,false,false,false,clean,false
010120,LS ELECTRIC,KOSPI,common_stock,,,2010-01-01,false,false,false,false,false,false,clean,false
000680,LS네트웍스,KOSPI,common_stock,,,2010-01-01,false,false,false,false,false,false,clean,false
229640,LS에코에너지,KOSPI,common_stock,,,2010-01-01,false,false,false,false,false,false,clean,false
108320,LX세미콘,KOSPI,common_stock,,,2010-01-01,false,false,false,false,false,false,clean,false
001120,LX인터내셔널,KOSPI,common_stock,,,2010-01-01,false,false,false,false,false,false,clean,false
108670,LX하우시스,KOSPI,common_stock,,,2010-01-01,false,false,false,false,false,false,clean,false
108675,LX하우시스우,KOSPI,preferred_stock,,,2010-01-01,true,false,false,false,false,false,clean,false
383800,LX홀딩스,KOSPI,common_stock,,,2010-01-01,false,false,false,false,false,false,clean,false
38380K,LX홀딩스1우,KOSPI,preferred_stock,,,2010-01-01,true,false,false,false,false,false,clean,false
023150,MH에탄올,KOSPI,common_stock,,,2010-01-01,false,false,false,false,false,false,clean,false
035420,NAVER,KOSPI,common_stock,,,2008-11-28,false,false,false,false,false,false,clean,false
036570,NC,KOSPI,common_stock,,,2010-01-01,false,false,false,false,false,false,clean,false
181710,NHN,KOSPI,common_stock,,,2010-01-01,false,false,false,false,false,false,clean,false
400760,NH올원리츠,KOSPI,reit,,,2010-01-01,false,false,true,false,false,false,clean,false
005940,NH투자증권,KOSPI,common_stock,,,2010-01-01,false,false,false,false,false,false,clean,false
005945,NH투자증권우,KOSPI,preferred_stock,,,2010-01-01,true,false,false,false,false,false,clean,false
338100,NH프라임리츠,KOSPI,reit,,,2010-01-01,false,false,true,false,false,false,clean,false
034310,NICE,KOSPI,common_stock,,,2010-01-01,false,false,false,false,false,false,clean,false
030190,NICE평가정보,KOSPI,common_stock,,,2007-02-15,false,false,false,false,false,false,clean,false
008260,NI스틸,KOSPI,common_stock,,,2010-01-01,false,false,false,false,false,false,clean,false
004250,NPC,KOSPI,common_stock,,,2010-01-01,false,false,false,false,false,false,clean,false
004255,NPC우,KOSPI,preferred_stock,,,2010-01-01,true,false,false,false,false,false,clean,false
456040,OCI,KOSPI,common_stock,,,2010-01-01,false,false,false,false,false,false,clean,false
010060,OCI홀딩스,KOSPI,common_stock,,,2010-01-01,false,false,false,false,false,false,clean,false
178920,PI첨단소재,KOSPI,common_stock,,,2010-01-01,false,false,false,false,false,false,clean,false
001340,PKC,KOSPI,common_stock,,,2010-01-01,false,false,false,false,false,false,clean,false
005490,POSCO홀딩스,KOSPI,common_stock,,,2010-01-01,false,false,false,false,false,false,clean,false
010950,S-Oil,KOSPI,common_stock,,,2010-01-01,false,false,false,false,false,false,clean,false
010955,S-Oil우,KOSPI,preferred_stock,,,2010-01-01,true,false,false,false,false,false,clean,false
034120,SBS,KOSPI,common_stock,,,2010-01-01,false,false,false,false,false,false,clean,false
003080,SB성보,KOSPI,common_stock,,,2010-01-01,false,false,false,false,false,false,clean,false
005090,SGC에너지,KOSPI,common_stock,,,2010-01-01,false,false,false,false,false,false,clean,false
001380,SG글로벌,KOSPI,common_stock,,,2010-01-01,false,false,false,false,false,false,clean,false
004060,SG세계물산,KOSPI,common_stock,,,2010-01-01,false,false,false,false,false,false,clean,false
001770,SHD,KOSPI,common_stock,,,2010-01-01,false,false,false,false,false,false,clean,false
002360,SH에너지화학,KOSPI,common_stock,,,2010-01-01,false,false,false,false,false,false,clean,false
009160,SIMPAC,KOSPI,common_stock,,,2010-01-01,false,false,false,false,false,false,clean,false
033530,SJG세종,KOSPI,common_stock,,,2010-01-01,false,false,false,false,false,false,clean,false
123700,SJM,KOSPI,common_stock,,,2010-01-01,false,false,false,false,false,false,clean,false
025530,SJM홀딩스,KOSPI,common_stock,,,2010-01-01,false,false,false,false,false,false,clean,false
034730,SK,KOSPI,common_stock,,,2010-01-01,false,false,false,false,false,false,clean,false
011790,SKC,KOSPI,common_stock,,,2010-01-01,false,false,false,false,false,false,clean,false
018670,SK가스,KOSPI,common_stock,,,2010-01-01,false,false,false,false,false,false,clean,false
001740,SK네트웍스,KOSPI,common_stock,,,2010-01-01,false,false,false,false,false,false,clean,false
006120,SK디스커버리,KOSPI,common_stock,,,2010-01-01,false,false,false,false,false,false,clean,false
006125,SK디스커버리우,KOSPI,preferred_stock,,,2010-01-01,true,false,false,false,false,false,clean,false
210980,SK디앤디,KOSPI,common_stock,,,2010-01-01,false,false,false,false,false,false,clean,false
395400,SK리츠,KOSPI,reit,,,2010-01-01,false,false,true,false,false,false,clean,false
302440,SK바이오사이언스,KOSPI,common_stock,,,2010-01-01,false,false,false,false,false,false,clean,false
326030,SK바이오팜,KOSPI,common_stock,,,2010-01-01,false,false,false,false,false,false,clean,false
402340,SK스퀘어,KOSPI,common_stock,,,2010-01-01,false,false,false,false,false,false,clean,false
361610,SK아이이테크놀로지,KOSPI,common_stock,,,2010-01-01,false,false,false,false,false,false,clean,false
100090,SK오션플랜트,KOSPI,common_stock,,,2010-01-01,false,false,false,false,false,false,clean,false
03473K,SK우,KOSPI,preferred_stock,,,2010-01-01,true,false,false,false,false,false,clean,false
096770,SK이노베이션,KOSPI,common_stock,,,2010-01-01,false,false,false,false,false,false,clean,false
096775,SK이노베이션우,KOSPI,preferred_stock,,,2010-01-01,true,false,false,false,false,false,clean,false
475150,SK이터닉스,KOSPI,common_stock,,,2010-01-01,false,false,false,false,false,false,clean,false
001510,SK증권,KOSPI,common_stock,,,2010-01-01,false,false,false,false,false,false,clean,false
001515,SK증권우,KOSPI,preferred_stock,,,2010-01-01,true,false,false,false,false,false,clean,false
285130,SK케미칼,KOSPI,common_stock,,,2010-01-01,false,false,false,false,false,false,clean,false
28513K,SK케미칼우,KOSPI,preferred_stock,,,2010-01-01,true,false,false,false,false,false,clean,false
017670,SK텔레콤,KOSPI,common_stock,,,2010-01-01,false,false,false,false,false,false,clean,false
000660,SK하이닉스,KOSPI,common_stock,,,1996-12-26,false,false,false,false,false,false,clean,false
003570,SNT다이내믹스,KOSPI,common_stock,,,2010-01-01,false,false,false,false,false,false,clean,false
064960,SNT모티브,KOSPI,common_stock,,,2010-01-01,false,false,false,false,false,false,clean,false
100840,SNT에너지,KOSPI,common_stock,,,2010-01-01,false,false,false,false,false,false,clean,false
036530,SNT홀딩스,KOSPI,common_stock,,,2015-12-24,false,false,false,false,false,false,clean,false
000390,SP삼화,KOSPI,common_stock,,,2010-01-01,false,false,false,false,false,false,clean,false
011810,STX,KOSPI,common_stock,,,2010-01-01,false,false,false,false,false,false,clean,false
465770,STX그린로지스,KOSPI,common_stock,,,2010-01-01,false,false,false,false,false,false,clean,false
077970,STX엔진,KOSPI,common_stock,,,2010-01-01,false,false,false,false,false,false,clean,false
002820,SUN&L,KOSPI,common_stock,,,2010-01-01,false,false,false,false,false,false,clean,false
002170,SYTS,KOSPI,common_stock,,,2010-01-01,false,false,false,false,false,false,clean,false
084870,TBH글로벌,KOSPI,common_stock,,,2010-01-01,false,false,false,false,false,false,clean,false
002710,TCC스틸,KOSPI,common_stock,,,2010-01-01,false,false,false,false,false,false,clean,false
069260,TKG휴켐스,KOSPI,common_stock,,,2010-01-01,false,false,false,false,false,false,clean,false
007980,TP,KOSPI,common_stock,,,2010-01-01,false,false,false,false,false,false,clean,false
002900,TYM,KOSPI,common_stock,,,2010-01-01,false,false,false,false,false,false,clean,false
024070,WISCOM,KOSPI,common_stock,,,2010-01-01,false,false,false,false,false,false,clean,false
037270,YG PLUS,KOSPI,common_stock,,,2010-01-01,false,false,false,false,false,false,clean,false
139130,iM금융지주,KOSPI,common_stock,,,2010-01-01,false,false,false,false,false,false,clean,false
000500,가온전선,KOSPI,common_stock,,,2010-01-01,false,false,false,false,false,false,clean,false
000860,강남제비스코,KOSPI,common_stock,,,2010-01-01,false,false,false,false,false,false,clean,false
035250,강원랜드,KOSPI,common_stock,,,2010-01-01,false,false,false,false,false,false,clean,false
011420,갤럭시아에스엠,KOSPI,common_stock,,,2010-01-01,false,false,false,false,false,false,clean,false
002100,경농,KOSPI,common_stock,,,2010-01-01,false,false,false,false,false,false,clean,false
009450,경동나비엔,KOSPI,common_stock,,,2010-01-01,false,false,false,false,false,false,clean,false
267290,경동도시가스,KOSPI,common_stock,,,2010-01-01,false,false,false,false,false,false,clean,false
012320,경동인베스트,KOSPI,common_stock,,,2010-01-01,false,false,false,false,false,false,clean,false
000050,경방,KOSPI,common_stock,,,2010-01-01,false,false,false,false,false,false,clean,false
214390,경보제약,KOSPI,common_stock,,,2010-01-01,false,false,false,false,false,false,clean,false
012610,경인양행,KOSPI,common_stock,,,2010-01-01,false,false,false,false,false,false,clean,false
009140,경인전자,KOSPI,common_stock,,,2010-01-01,false,false,false,false,false,false,clean,false
013580,계룡건설,KOSPI,common_stock,,,2010-01-01,false,false,false,false,false,false,clean,false
012200,계양전기,KOSPI,common_stock,,,2010-01-01,false,false,false,false,false,false,clean,false
012205,계양전기우,KOSPI,preferred_stock,,,2010-01-01,true,false,false,false,false,false,clean,false
002140,고려산업,KOSPI,common_stock,,,2010-01-01,false,false,false,false,false,false,clean,false
010130,고려아연,KOSPI,common_stock,,,2010-01-01,false,false,false,false,false,false,clean,false
002240,고려제강,KOSPI,common_stock,,,2010-01-01,false,false,false,false,false,false,clean,false
009290,광동제약,KOSPI,common_stock,,,2010-01-01,false,false,false,false,false,false,clean,false
017040,광명전기,KOSPI,common_stock,,,2010-01-01,false,false,false,false,false,false,clean,false
017900,광전자,KOSPI,common_stock,,,2010-01-01,false,false,false,false,false,false,clean,false
037710,광주신세계,KOSPI,common_stock,,,2010-01-01,false,false,false,false,false,false,clean,false
030610,교보증권,KOSPI,common_stock,,,2010-01-01,false,false,false,false,false,false,clean,false
339770,교촌에프앤비,KOSPI,common_stock,,,2010-01-01,false,false,false,false,false,false,clean,false
007690,국도화학,KOSPI,common_stock,,,2010-01-01,false,false,false,false,false,false,clean,false
002720,국제약품,KOSPI,common_stock,,,2010-01-01,false,false,false,false,false,false,clean,false
083420,그린케미칼,KOSPI,common_stock,,,2010-01-01,false,false,false,false,false,false,clean,false
014530,극동유화,KOSPI,common_stock,,,2010-01-01,false,false,false,false,false,false,clean,false
014280,금강공업,KOSPI,common_stock,,,2010-01-01,false,false,false,false,false,false,clean,false
014285,금강공업우,KOSPI,preferred_stock,,,2010-01-01,true,false,false,false,false,false,clean,false
008870,금비,KOSPI,common_stock,,,2010-01-01,false,false,false,false,false,false,clean,false
001570,금양,KOSPI,common_stock,,,2010-01-01,false,false,false,false,false,false,clean,false
002990,금호건설,KOSPI,common_stock,,,2010-01-01,false,false,false,false,false,false,clean,false
002995,금호건설우,KOSPI,preferred_stock,,,2010-01-01,true,false,false,false,false,false,clean,false
011780,금호석유화학,KOSPI,common_stock,,,2010-01-01,false,false,false,false,false,false,clean,false
011785,금호석유화학우,KOSPI,preferred_stock,,,2010-01-01,true,false,false,false,false,false,clean,false
214330,금호에이치티,KOSPI,common_stock,,,2010-01-01,false,false,false,false,false,false,clean,false
001210,금호전기,KOSPI,common_stock,,,2010-01-01,false,false,false,false,false,false,clean,false
073240,금호타이어,KOSPI,common_stock,,,2010-01-01,false,false,false,false,false,false,clean,false
092440,기신정기,KOSPI,common_stock,,,2010-01-01,false,false,false,false,false,false,clean,false
000270,기아,KOSPI,common_stock,,,2010-01-01,false,false,false,false,false,false,clean,false
024110,기업은행,KOSPI,common_stock,,,2010-01-01,false,false,false,false,false,false,clean,false
013700,까뮤이앤씨,KOSPI,common_stock,,,2010-01-01,false,false,false,false,false,false,clean,false
004540,깨끗한나라,KOSPI,common_stock,,,2010-01-01,false,false,false,false,false,false,clean,false
004545,깨끗한나라우,KOSPI,preferred_stock,,,2010-01-01,true,false,false,false,false,false,clean,false
001260,남광토건,KOSPI,common_stock,,,2010-01-01,false,false,false,false,false,false,clean,false
008350,남선알미늄,KOSPI,common_stock,,,2010-01-01,false,false,false,false,false,false,clean,false
008355,남선알미우,KOSPI,preferred_stock,,,2010-01-01,true,false,false,false,false,false,clean,false
004270,남성,KOSPI,common_stock,,,2010-01-01,false,false,false,false,false,false,clean,false
003920,남양유업,KOSPI,common_stock,,,2010-01-01,false,false,false,false,false,false,clean,false
003925,남양유업우,KOSPI,preferred_stock,,,2010-01-01,true,false,false,false,false,false,clean,false
025860,남해화학,KOSPI,common_stock,,,2010-01-01,false,false,false,false,false,false,clean,false
005720,넥센,KOSPI,common_stock,,,2010-01-01,false,false,false,false,false,false,clean,false
005725,넥센우,KOSPI,preferred_stock,,,2010-01-01,true,false,false,false,false,false,clean,false
002350,넥센타이어,KOSPI,common_stock,,,2010-01-01,false,false,false,false,false,false,clean,false
002355,넥센타이어1우B,KOSPI,preferred_stock,,,2010-01-01,true,false,false,false,false,false,clean,false
092790,넥스틸,KOSPI,common_stock,,,2010-01-01,false,false,false,false,false,false,clean,false
251270,넷마블,KOSPI,common_stock,,,2010-01-01,false,false,false,false,false,false,clean,false
090350,노루페인트,KOSPI,common_stock,,,2010-01-01,false,false,false,false,false,false,clean,false
090355,노루페인트우,KOSPI,preferred_stock,,,2010-01-01,true,false,false,false,false,false,clean,false
000320,노루홀딩스,KOSPI,common_stock,,,2010-01-01,false,false,false,false,false,false,clean,false
000325,노루홀딩스우,KOSPI,preferred_stock,,,2010-01-01,true,false,false,false,false,false,clean,false
006280,녹십자,KOSPI,common_stock,,,2010-01-01,false,false,false,false,false,false,clean,false
005250,녹십자홀딩스,KOSPI,common_stock,,,2010-01-01,false,false,false,false,false,false,clean,false
005257,녹십자홀딩스2우,KOSPI,preferred_stock,,,2010-01-01,true,false,false,false,false,false,clean,false
004370,농심,KOSPI,common_stock,,,2010-01-01,false,false,false,false,false,false,clean,false
072710,농심홀딩스,KOSPI,common_stock,,,2010-01-01,false,false,false,false,false,false,clean,false
058730,다스코,KOSPI,common_stock,,,2010-01-01,false,false,false,false,false,false,clean,false
030210,다올투자증권,KOSPI,common_stock,,,2010-01-01,false,false,false,false,false,false,clean,false
023590,다우기술,KOSPI,common_stock,,,2010-01-01,false,false,false,false,false,false,clean,false
145210,다이나믹디자인,KOSPI,common_stock,,,2010-01-01,false,false,false,false,false,false,clean,false
483650,달바글로벌,KOSPI,common_stock,,,2010-01-01,false,false,false,false,false,false,clean,false
019680,대교,KOSPI,common_stock,,,2010-01-01,false,false,false,false,false,false,clean,false
019685,대교우B,KOSPI,preferred_stock,,,2010-01-01,true,false,false,false,false,false,clean,false
006370,대구백화점,KOSPI,common_stock,,,2010-01-01,false,false,false,false,false,false,clean,false
008060,대덕,KOSPI,common_stock,,,2010-01-01,false,false,false,false,false,false,clean,false
00806K,대덕1우,KOSPI,preferred_stock,,,2010-01-01,true,false,false,false,false,false,clean,false
353200,대덕전자,KOSPI,common_stock,,,2010-01-01,false,false,false,false,false,false,clean,false
35320K,대덕전자1우,KOSPI,preferred_stock,,,2010-01-01,true,false,false,false,false,false,clean,false
000490,대동,KOSPI,common_stock,,,2010-01-01,false,false,false,false,false,false,clean,false
005750,대림바스,KOSPI,common_stock,,,2010-01-01,false,false,false,false,false,false,clean,false
006570,대림통상,KOSPI,common_stock,,,2010-01-01,false,false,false,false,false,false,clean,false
001680,대상,KOSPI,common_stock,,,2010-01-01,false,false,false,false,false,false,clean,false
001685,대상우,KOSPI,preferred_stock,,,2010-01-01,true,false,false,false,false,false,clean,false
084690,대상홀딩스,KOSPI,common_stock,,,2010-01-01,false,false,false,false,false,false,clean,false
084695,대상홀딩스우,KOSPI,preferred_stock,,,2010-01-01,true,false,false,false,false,false,clean,false
128820,대성산업,KOSPI,common_stock,,,2010-01-01,false,false,false,false,false,false,clean,false
117580,대성에너지,KOSPI,common_stock,,,2010-01-01,false,false,false,false,false,false,clean,false
016710,대성홀딩스,KOSPI,common_stock,,,2010-01-01,false,false,false,false,false,false,clean,false
0030R0,대신밸류리츠,KOSPI,reit,,,2010-01-01,false,false,true,false,false,false,clean,false
003540,대신증권,KOSPI,common_stock,,,2010-01-01,false,false,false,false,false,false,clean,false
003547,대신증권2우B,KOSPI,preferred_stock,,,2010-01-01,true,false,false,false,false,false,clean,false
003545,대신증권우,KOSPI,preferred_stock,,,2010-01-01,true,false,false,false,false,false,clean,false
009190,대양금속,KOSPI,common_stock,,,2010-01-01,false,false,false,false,false,false,clean,false
014160,대영포장,KOSPI,common_stock,,,2010-01-01,false,false,false,false,false,false,clean,false
047040,대우건설,KOSPI,common_stock,,,2010-01-01,false,false,false,false,false,false,clean,false
003090,대웅,KOSPI,common_stock,,,2010-01-01,false,false,false,false,false,false,clean,false
069620,대웅제약,KOSPI,common_stock,,,2010-01-01,false,false,false,false,false,false,clean,false
000430,대원강업,KOSPI,common_stock,,,2010-01-01,false,false,false,false,false,false,clean,false
006340,대원전선,KOSPI,common_stock,,,2010-01-01,false,false,false,false,false,false,clean,false
006345,대원전선우,KOSPI,preferred_stock,,,2010-01-01,true,false,false,false,false,false,clean,false
003220,대원제약,KOSPI,common_stock,,,2010-01-01,false,false,false,false,false,false,clean,false
024890,대원화성,KOSPI,common_stock,,,2010-01-01,false,false,false,false,false,false,clean,false
012800,대창,KOSPI,common_stock,,,2010-01-01,false,false,false,false,false,false,clean,false
015230,대창단조,KOSPI,common_stock,,,2010-01-01,false,false,false,false,false,false,clean,false
001070,대한방직,KOSPI,common_stock,,,2010-01-01,false,false,false,false,false,false,clean,false
006650,대한유화,KOSPI,common_stock,,,2010-01-01,false,false,false,false,false,false,clean,false
001440,대한전선,KOSPI,common_stock,,,2010-01-01,false,false,false,false,false,false,clean,false
084010,대한제강,KOSPI,common_stock,,,2010-01-01,false,false,false,false,false,false,clean,false
001790,대한제당,KOSPI,common_stock,,,2010-01-01,false,false,false,false,false,false,clean,false
001795,대한제당우,KOSPI,preferred_stock,,,2010-01-01,true,false,false,false,false,false,clean,false
001130,대한제분,KOSPI,common_stock,,,2010-01-01,false,false,false,false,false,false,clean,false
439260,대한조선,KOSPI,common_stock,,,2010-01-01,false,false,false,false,false,false,clean,false
003490,대한항공,KOSPI,common_stock,,,2010-01-01,false,false,false,false,false,false,clean,false
003495,대한항공우,KOSPI,preferred_stock,,,2010-01-01,true,false,false,false,false,false,clean,false
005880,대한해운,KOSPI,common_stock,,,2010-01-01,false,false,false,false,false,false,clean,false
003830,대한화섬,KOSPI,common_stock,,,2010-01-01,false,false,false,false,false,false,clean,false
016090,대현,KOSPI,common_stock,,,2010-01-01,false,false,false,false,false,false,clean,false
069460,대호에이엘,KOSPI,common_stock,,,2010-01-01,false,false,false,false,false,false,clean,false
475560,더본코리아,KOSPI,common_stock,,,2010-01-01,false,false,false,false,false,false,clean,false
192080,더블유게임즈,KOSPI,common_stock,,,2010-01-01,false,false,false,false,false,false,clean,false
004830,덕성,KOSPI,common_stock,,,2010-01-01,false,false,false,false,false,false,clean,false
004835,덕성우,KOSPI,preferred_stock,,,2010-01-01,true,false,false,false,false,false,clean,false
145720,덴티움,KOSPI,common_stock,,,2010-01-01,false,false,false,false,false,false,clean,false
002150,도화엔지니어링,KOSPI,common_stock,,,2010-01-01,false,false,false,false,false,false,clean,false
460850,동국씨엠,KOSPI,common_stock,,,2010-01-01,false,false,false,false,false,false,clean,false
460860,동국제강,KOSPI,common_stock,,,2010-01-01,false,false,false,false,false,false,clean,false
001230,동국홀딩스,KOSPI,common_stock,,,2010-01-01,false,false,false,false,false,false,clean,false
023450,동남합성,KOSPI,common_stock,,,2010-01-01,false,false,false,false,false,false,clean,false
004140,동방,KOSPI,common_stock,,,2010-01-01,false,false,false,false,false,false,clean,false
007590,동방아그로,KOSPI,common_stock,,,2010-01-01,false,false,false,false,false,false,clean,false
005960,동부건설,KOSPI,common_stock,,,2010-01-01,false,false,false,false,false,false,clean,false
005965,동부건설우,KOSPI,preferred_stock,,,2010-01-01,true,false,false,false,false,false,clean,false
026960,동서,KOSPI,common_stock,,,2010-01-01,false,false,false,false,false,false,clean,false
002210,동성제약,KOSPI,common_stock,,,2010-01-01,false,false,false,false,false,false,clean,false
102260,동성케미컬,KOSPI,common_stock,,,2010-01-01,false,false,false,false,false,false,clean,false
000640,동아쏘시오홀딩스,KOSPI,common_stock,,,2010-01-01,false,false,false,false,false,false,clean,false
170900,동아에스티,KOSPI,common_stock,,,2010-01-01,false,false,false,false,false,false,clean,false
028100,동아지질,KOSPI,common_stock,,,2010-01-01,false,false,false,false,false,false,clean,false
001520,동양,KOSPI,common_stock,,,2010-01-01,false,false,false,false,false,false,clean,false
001527,동양2우B,KOSPI,preferred_stock,,,2010-01-01,true,false,false,false,false,false,clean,false
084670,동양고속,KOSPI,common_stock,,,2010-01-01,false,false,false,false,false,false,clean,false
082640,동양생명,KOSPI,common_stock,,,2010-01-01,false,false,false,false,false,false,clean,false
001525,동양우,KOSPI,preferred_stock,,,2010-01-01,true,false,false,false,false,false,clean,false
018500,동원모빌리티,KOSPI,common_stock,,,2010-01-01,false,false,false,false,false,false,clean,false
006040,동원산업,KOSPI,common_stock,,,1976-06-29,false,false,false,false,false,false,clean,false
030720,동원수산,KOSPI,common_stock,,,2010-01-01,false,false,false,false,false,false,clean,false
014820,동원시스템즈,KOSPI,common_stock,,,2010-01-01,false,false,false,false,false,false,clean,false
014825,동원시스템즈우,KOSPI,preferred_stock,,,2010-01-01,true,false,false,false,false,false,clean,false
111380,동인기연,KOSPI,common_stock,,,2010-01-01,false,false,false,false,false,false,clean,false
163560,동일고무벨트,KOSPI,common_stock,,,2010-01-01,false,false,false,false,false,false,clean,false
004890,동일산업,KOSPI,common_stock,,,2010-01-01,false,false,false,false,false,false,clean,false
002690,동일제강,KOSPI,common_stock,,,2010-01-01,false,false,false,false,false,false,clean,false
000020,동화약품,KOSPI,common_stock,,,2010-01-01,false,false,false,false,false,false,clean,false
000150,두산,KOSPI,common_stock,,,2010-01-01,false,false,false,false,false,false,clean,false
000157,두산2우B,KOSPI,preferred_stock,,,2010-01-01,true,false,false,false,false,false,clean,false
454910,두산로보틱스,KOSPI,common_stock,,,2010-01-01,false,false,false,false,false,false,clean,false
241560,두산밥캣,KOSPI,common_stock,,,2010-01-01,false,false,false,false,false,false,clean,false
034020,두산에너빌리티,KOSPI,common_stock,,,2010-01-01,false,false,false,false,false,false,clean,false
000155,두산우,KOSPI,preferred_stock,,,2010-01-01,true,false,false,false,false,false,clean,false
336260,두산퓨얼셀,KOSPI,common_stock,,,2010-01-01,false,false,false,false,false,false,clean,false
33626K,두산퓨얼셀1우,KOSPI,preferred_stock,,,2010-01-01,true,false,false,false,false,false,clean,false
33626L,두산퓨얼셀2우B,KOSPI,preferred_stock,,,2010-01-01,true,false,false,false,false,false,clean,false
016740,두올,KOSPI,common_stock,,,2010-01-01,false,false,false,false,false,false,clean,false
192650,드림텍,KOSPI,common_stock,,,2010-01-01,false,false,false,false,false,false,clean,false
024090,디씨엠,KOSPI,common_stock,,,2010-01-01,false,false,false,false,false,false,clean,false
003160,디아이,KOSPI,common_stock,,,2010-01-01,false,false,false,false,false,false,clean,false
092200,디아이씨,KOSPI,common_stock,,,2010-01-01,false,false,false,false,false,false,clean,false
377190,디앤디플랫폼리츠,KOSPI,reit,,,2010-01-01,false,false,true,false,false,false,clean,false
013570,디와이,KOSPI,common_stock,,,2010-01-01,false,false,false,false,false,false,clean,false
024900,디와이덕양,KOSPI,common_stock,,,2010-01-01,false,false,false,false,false,false,clean,false
002880,디와이에이,KOSPI,common_stock,,,2010-01-01,false,false,false,false,false,false,clean,false
210540,디와이파워,KOSPI,common_stock,,,2010-01-01,false,false,false,false,false,false,clean,false
032350,롯데관광개발,KOSPI,common_stock,,,2010-01-01,false,false,false,false,false,false,clean,false
089860,롯데렌탈,KOSPI,common_stock,,,2010-01-01,false,false,false,false,false,false,clean,false
330590,롯데리츠,KOSPI,reit,,,2010-01-01,false,false,true,false,false,false,clean,false
000400,롯데손해보험,KOSPI,common_stock,,,2010-01-01,false,false,false,false,false,false,clean,false
023530,롯데쇼핑,KOSPI,common_stock,,,2010-01-01,false,false,false,false,false,false,clean,false
020150,롯데에너지머티리얼즈,KOSPI,common_stock,,,2010-01-01,false,false,false,false,false,false,clean,false
280360,롯데웰푸드,KOSPI,common_stock,,,2010-01-01,false,false,false,false,false,false,clean,false
286940,롯데이노베이트,KOSPI,common_stock,,,2010-01-01,false,false,false,false,false,false,clean,false
004000,롯데정밀화학,KOSPI,common_stock,,,2010-01-01,false,false,false,false,false,false,clean,false
004990,롯데지주,KOSPI,common_stock,,,2010-01-01,false,false,false,false,false,false,clean,false
00499K,롯데지주우,KOSPI,preferred_stock,,,2010-01-01,true,false,false,false,false,false,clean,false
005300,롯데칠성,KOSPI,common_stock,,,2010-01-01,false,false,false,false,false,false,clean,false
005305,롯데칠성우,KOSPI,preferred_stock,,,2010-01-01,true,false,false,false,false,false,clean,false
011170,롯데케미칼,KOSPI,common_stock,,,2010-01-01,false,false,false,false,false,false,clean,false
071840,롯데하이마트,KOSPI,common_stock,,,2010-01-01,false,false,false,false,false,false,clean,false
027740,마니커,KOSPI,common_stock,,,2010-01-01,false,false,false,false,false,false,clean,false
357430,마스턴프리미어리츠,KOSPI,reit,,,2010-01-01,false,false,true,false,false,false,clean,false
001080,만호제강,KOSPI,common_stock,,,2010-01-01,false,false,false,false,false,false,clean,false
088980,맥쿼리인프라,KOSPI,common_stock,,,2010-01-01,false,false,false,false,false,false,clean,false
094800,맵스리얼티,KOSPI,common_stock,,,2010-01-01,false,false,false,false,false,false,clean,false
138040,메리츠금융지주,KOSPI,reit,,,2010-01-01,false,false,true,false,false,false,clean,false
090370,메타랩스,KOSPI,common_stock,,,2010-01-01,false,false,false,false,false,false,clean,false
118000,메타케어,KOSPI,common_stock,,,2010-01-01,false,false,false,false,false,false,clean,false
017180,명문제약,KOSPI,common_stock,,,2010-01-01,false,false,false,false,false,false,clean,false
009900,명신산업,KOSPI,common_stock,,,2010-01-01,false,false,false,false,false,false,clean,false
317450,명인제약,KOSPI,common_stock,,,2010-01-01,false,false,false,false,false,false,clean,false
012690,모나리자,KOSPI,common_stock,,,2010-01-01,false,false,false,false,false,false,clean,false
005360,모나미,KOSPI,common_stock,,,2010-01-01,false,false,false,false,false,false,clean,false
070960,모나용평,KOSPI,common_stock,,,2010-01-01,false,false,false,false,false,false,clean,false
009680,모토닉,KOSPI,common_stock,,,2010-01-01,false,false,false,false,false,false,clean,false
009580,무림P&P,KOSPI,common_stock,,,2010-01-01,false,false,false,false,false,false,clean,false
009200,무림페이퍼,KOSPI,common_stock,,,2010-01-01,false,false,false,false,false,false,clean,false
033920,무학,KOSPI,common_stock,,,2010-01-01,false,false,false,false,false,false,clean,false
008420,문배철강,KOSPI,common_stock,,,2010-01-01,false,false,false,false,false,false,clean,false
025560,미래산업,KOSPI,common_stock,,,2010-01-01,false,false,false,false,false,false,clean,false
007120,미래아이앤지,KOSPI,common_stock,,,2010-01-01,false,false,false,false,false,false,clean,false
396690,미래에셋글로벌리츠,KOSPI,reit,,,2010-01-01,false,false,true,false,false,false,clean,false
357250,미래에셋맵스리츠,KOSPI,reit,,,2010-01-01,false,false,true,false,false,false,clean,false
085620,미래에셋생명,KOSPI,common_stock,,,2010-01-01,false,false,false,false,false,false,clean,false
006800,미래에셋증권,KOSPI,common_stock,,,2010-01-01,false,false,false,false,false,false,clean,false
00680K,미래에셋증권2우B,KOSPI,preferred_stock,,,2010-01-01,true,false,false,false,false,false,clean,false
006805,미래에셋증권우,KOSPI,preferred_stock,,,2010-01-01,true,false,false,false,false,false,clean,false
081660,미스토홀딩스,KOSPI,common_stock,,,2010-01-01,false,false,false,false,false,false,clean,false
002840,미원상사,KOSPI,common_stock,,,2010-01-01,false,false,false,false,false,false,clean,false
268280,미원에스씨,KOSPI,common_stock,,,2010-01-01,false,false,false,false,false,false,clean,false
107590,미원홀딩스,KOSPI,common_stock,,,2010-01-01,false,false,false,false,false,false,clean,false
134380,미원화학,KOSPI,common_stock,,,2010-01-01,false,false,false,false,false,false,clean,false
003650,미창석유,KOSPI,common_stock,,,2010-01-01,false,false,false,false,false,false,clean,false
377740,바이오노트,KOSPI,common_stock,,,2010-01-01,false,false,false,false,false,false,clean,false
003610,방림,KOSPI,common_stock,,,2010-01-01,false,false,false,false,false,false,clean,false
035150,백산,KOSPI,common_stock,,,2010-01-01,false,false,false,false,false,false,clean,false
002410,범양건영,KOSPI,common_stock,,,2010-01-01,false,false,false,false,false,false,clean,false
007210,벽산,KOSPI,common_stock,,,2010-01-01,false,false,false,false,false,false,clean,false
002760,보락,KOSPI,common_stock,,,2010-01-01,false,false,false,false,false,false,clean,false
003850,보령,KOSPI,common_stock,,,2010-01-01,false,false,false,false,false,false,clean,false
000890,보해양조,KOSPI,common_stock,,,2010-01-01,false,false,false,false,false,false,clean,false
003000,부광약품,KOSPI,common_stock,,,2010-01-01,false,false,false,false,false,false,clean,false
001270,부국증권,KOSPI,common_stock,,,2010-01-01,false,false,false,false,false,false,clean,false
001275,부국증권우,KOSPI,preferred_stock,,,2010-01-01,true,false,false,false,false,false,clean,false
026940,부국철강,KOSPI,common_stock,,,2010-01-01,false,false,false,false,false,false,clean,false
011390,부산산업,KOSPI,common_stock,,,2010-01-01,false,false,false,false,false,false,clean,false
005030,부산주공,KOSPI,common_stock,,,2010-01-01,false,false,false,false,false,false,clean,false
006740,블루산업개발,KOSPI,common_stock,,,2010-01-01,false,false,false,false,false,false,clean,false
002070,비비안,KOSPI,common_stock,,,2010-01-01,false,false,false,false,false,false,clean,false
100220,비상교육,KOSPI,common_stock,,,2010-01-01,false,false,false,false,false,false,clean,false
090460,비에이치,KOSPI,common_stock,,,2010-01-01,false,false,false,false,false,false,clean,false
005180,빙그레,KOSPI,common_stock,,,2010-01-01,false,false,false,false,false,false,clean,false
003960,사조대림,KOSPI,common_stock,,,2010-01-01,false,false,false,false,false,false,clean,false
008040,사조동아원,KOSPI,common_stock,,,2010-01-01,false,false,false,false,false,false,clean,false
007160,사조산업,KOSPI,common_stock,,,2010-01-01,false,false,false,false,false,false,clean,false
014710,사조씨푸드,KOSPI,common_stock,,,2010-01-01,false,false,false,false,false,false,clean,false
006090,사조오양,KOSPI,common_stock,,,2010-01-01,false,false,false,false,false,false,clean,false
062040,산일전기,KOSPI,common_stock,,,2010-01-01,false,false,false,false,false,false,clean,false
005610,삼립,KOSPI,common_stock,,,2010-01-01,false,false,false,false,false,false,clean,false
001470,삼부토건,KOSPI,common_stock,,,2010-01-01,false,false,false,false,false,false,clean,false
028050,삼성E&A,KOSPI,common_stock,,,2010-01-01,false,false,false,false,false,false,clean,false
448730,삼성FN리츠,KOSPI,reit,,,2010-01-01,false,false,true,false,false,false,clean,false
006400,삼성SDI,KOSPI,common_stock,,,2010-01-01,false,false,false,false,false,false,clean,false
006405,삼성SDI우,KOSPI,preferred_stock,,,2010-01-01,true,false,false,false,false,false,clean,false
006660,삼성공조,KOSPI,common_stock,,,2010-01-01,false,false,false,false,false,false,clean,false
028260,삼성물산,KOSPI,common_stock,,,2010-01-01,false,false,false,false,false,false,clean,false
02826K,삼성물산우B,KOSPI,preferred_stock,,,2010-01-01,true,false,false,false,false,false,clean,false
207940,삼성바이오로직스,KOSPI,common_stock,,,2010-01-01,false,false,false,false,false,false,clean,false
032830,삼성생명,KOSPI,common_stock,,,2010-01-01,false,false,false,false,false,false,clean,false
018260,삼성에스디에스,KOSPI,common_stock,,,2010-01-01,false,false,false,false,false,false,clean,false
0126Z0,삼성에피스홀딩스,KOSPI,common_stock,,,2010-01-01,false,false,false,false,false,false,clean,false
009150,삼성전기,KOSPI,common_stock,,,2010-01-01,false,false,false,false,false,false,clean,false
009155,삼성전기우,KOSPI,preferred_stock,,,2010-01-01,true,false,false,false,false,false,clean,false
005930,삼성전자,KOSPI,common_stock,,,2010-01-01,false,false,false,false,false,false,clean,false
005935,삼성전자우,KOSPI,preferred_stock,,,1989-06-22,true,false,false,false,false,false,clean,false
001360,삼성제약,KOSPI,common_stock,,,2010-01-01,false,false,false,false,false,false,clean,false
010140,삼성중공업,KOSPI,common_stock,,,2010-01-01,false,false,false,false,false,false,clean,false
016360,삼성증권,KOSPI,common_stock,,,2010-01-01,false,false,false,false,false,false,clean,false
068290,삼성출판사,KOSPI,common_stock,,,2010-01-01,false,false,false,false,false,false,clean,false
029780,삼성카드,KOSPI,common_stock,,,2010-01-01,false,false,false,false,false,false,clean,false
000810,삼성화재,KOSPI,common_stock,,,2010-01-01,false,false,false,false,false,false,clean,false
000815,삼성화재우,KOSPI,preferred_stock,,,2010-01-01,true,false,false,false,false,false,clean,false
006110,삼아알미늄,KOSPI,common_stock,,,2010-01-01,false,false,false,false,false,false,clean,false
0120G0,삼양바이오팜,KOSPI,common_stock,,,2010-01-01,false,false,false,false,false,false,clean,false
145990,삼양사,KOSPI,common_stock,,,2010-01-01,false,false,false,false,false,false,clean,false
145995,삼양사우,KOSPI,preferred_stock,,,2010-01-01,true,false,false,false,false,false,clean,false
003230,삼양식품,KOSPI,common_stock,,,2010-01-01,false,false,false,false,false,false,clean,false
272550,삼양패키징,KOSPI,common_stock,,,2010-01-01,false,false,false,false,false,false,clean,false
000070,삼양홀딩스,KOSPI,common_stock,,,2010-01-01,false,false,false,false,false,false,clean,false
003720,삼영,KOSPI,common_stock,,,2010-01-01,false,false,false,false,false,false,clean,false
002810,삼영무역,KOSPI,common_stock,,,2010-01-01,false,false,false,false,false,false,clean,false
005680,삼영전자,KOSPI,common_stock,,,2010-01-01,false,false,false,false,false,false,clean,false
023000,삼원강재,KOSPI,common_stock,,,2010-01-01,false,false,false,false,false,false,clean,false
004380,삼익THK,KOSPI,common_stock,,,2010-01-01,false,false,false,false,false,false,clean,false
002450,삼익악기,KOSPI,common_stock,,,2010-01-01,false,false,false,false,false,false,clean,false
004440,삼일씨엔에스,KOSPI,common_stock,,,2010-01-01,false,false,false,false,false,false,clean,false
000520,삼일제약,KOSPI,common_stock,,,2010-01-01,false,false,false,false,false,false,clean,false
009770,삼정펄프,KOSPI,common_stock,,,2010-01-01,false,false,false,false,false,false,clean,false
005500,삼진제약,KOSPI,common_stock,,,2010-01-01,false,false,false,false,false,false,clean,false
004690,삼천리,KOSPI,common_stock,,,2010-01-01,false,false,false,false,false,false,clean,false
010960,삼호개발,KOSPI,common_stock,,,2010-01-01,false,false,false,false,false,false,clean,false
004450,삼화왕관,KOSPI,common_stock,,,2010-01-01,false,false,false,false,false,false,clean,false
009470,삼화전기,KOSPI,common_stock,,,2010-01-01,false,false,false,false,false,false,clean,false
011230,삼화전자,KOSPI,common_stock,,,2010-01-01,false,false,false,false,false,false,clean,false
001820,삼화콘덴서,KOSPI,common_stock,,,2010-01-01,false,false,false,false,false,false,clean,false
001290,상상인증권,KOSPI,common_stock,,,2010-01-01,false,false,false,false,false,false,clean,false
041650,상신브레이크,KOSPI,common_stock,,,2010-01-01,false,false,false,false,false,false,clean,false
075180,새론오토모티브,KOSPI,common_stock,,,2010-01-01,false,false,false,false,false,false,clean,false
007540,샘표,KOSPI,common_stock,,,2010-01-01,false,false,false,false,false,false,clean,false
248170,샘표식품,KOSPI,common_stock,,,2010-01-01,false,false,false,false,false,false,clean,false
007860,서연,KOSPI,common_stock,,,2010-01-01,false,false,false,false,false,false,clean,false
200880,서연이화,KOSPI,common_stock,,,2010-01-01,false,false,false,false,false,false,clean,false
017390,서울가스,KOSPI,common_stock,,,2010-01-01,false,false,false,false,false,false,clean,false
031210,서울보증보험,KOSPI,common_stock,,,2010-01-01,false,false,false,false,false,false,clean,false
004410,서울식품,KOSPI,common_stock,,,2010-01-01,false,false,false,false,false,false,clean,false
004415,서울식품우,KOSPI,preferred_stock,,,2010-01-01,true,false,false,false,false,false,clean,false
021050,서원,KOSPI,common_stock,,,2010-01-01,false,false,false,false,false,false,clean,false
008490,서흥,KOSPI,common_stock,,,2010-01-01,false,false,false,false,false,false,clean,false
007610,선도전기,KOSPI,common_stock,,,2010-01-01,false,false,false,false,false,false,clean,false
136490,선진,KOSPI,common_stock,,,2010-01-01,false,false,false,false,false,false,clean,false
014910,성문전자,KOSPI,common_stock,,,2010-01-01,false,false,false,false,false,false,clean,false
014915,성문전자우,KOSPI,preferred_stock,,,2010-01-01,true,false,false,false,false,false,clean,false
004980,성신양회,KOSPI,common_stock,,,2010-01-01,false,false,false,false,false,false,clean,false
004985,성신양회우,KOSPI,preferred_stock,,,2010-01-01,true,false,false,false,false,false,clean,false
000180,성창기업지주,KOSPI,common_stock,,,2010-01-01,false,false,false,false,false,false,clean,false
002420,세기상사,KOSPI,common_stock,,,2010-01-01,false,false,false,false,false,false,clean,false
004360,세방,KOSPI,common_stock,,,2010-01-01,false,false,false,false,false,false,clean,false
004365,세방우,KOSPI,preferred_stock,,,2010-01-01,true,false,false,false,false,false,clean,false
004490,세방전지,KOSPI,common_stock,,,2010-01-01,false,false,false,false,false,false,clean,false
001430,세아베스틸지주,KOSPI,common_stock,,,2010-01-01,false,false,false,false,false,false,clean,false
306200,세아제강,KOSPI,common_stock,,,2010-01-01,false,false,false,false,false,false,clean,false
003030,세아제강지주,KOSPI,common_stock,,,2010-01-01,false,false,false,false,false,false,clean,false
058650,세아홀딩스,KOSPI,common_stock,,,2010-01-01,false,false,false,false,false,false,clean,false
013000,세우글로벌,KOSPI,common_stock,,,2010-01-01,false,false,false,false,false,false,clean,false
021820,세원정공,KOSPI,common_stock,,,2010-01-01,false,false,false,false,false,false,clean,false
067830,세이브존I&C,KOSPI,common_stock,,,2010-01-01,false,false,false,false,false,false,clean,false
075580,세진중공업,KOSPI,common_stock,,,2010-01-01,false,false,false,false,false,false,clean,false
068270,셀트리온,KOSPI,common_stock,,,2010-01-01,false,false,false,false,false,false,clean,false
336370,솔루스첨단소재,KOSPI,common_stock,,,2010-01-01,false,false,false,false,false,false,clean,false
33637K,솔루스첨단소재1우,KOSPI,preferred_stock,,,2010-01-01,true,false,false,false,false,false,clean,false
33637L,솔루스첨단소재2우B,KOSPI,preferred_stock,,,2010-01-01,true,false,false,false,false,false,clean,false
248070,솔루엠,KOSPI,common_stock,,,2010-01-01,false,false,false,false,false,false,clean,false
004430,송원산업,KOSPI,common_stock,,,2010-01-01,false,false,false,false,false,false,clean,false
017550,수산세보틱스,KOSPI,common_stock,,,2010-01-01,false,false,false,false,false,false,clean,false
126720,수산인더스트리,KOSPI,common_stock,,,2010-01-01,false,false,false,false,false,false,clean,false
053210,스카이라이프,KOSPI,common_stock,,,2010-01-01,false,false,false,false,false,false,clean,false
026890,스틱인베스트먼트,KOSPI,common_stock,,,2010-01-01,false,false,false,false,false,false,clean,false
134790,시디즈,KOSPI,common_stock,,,2010-01-01,false,false,false,false,false,false,clean,false
462870,시프트업,KOSPI,common_stock,,,2010-01-01,false,false,false,false,false,false,clean,false
016590,신대양제지,KOSPI,common_stock,,,2010-01-01,false,false,false,false,false,false,clean,false
029530,신도리코,KOSPI,common_stock,,,2010-01-01,false,false,false,false,false,false,clean,false
004970,신라교역,KOSPI,common_stock,,,2010-01-01,false,false,false,false,false,false,clean,false
011930,신성이엔지,KOSPI,common_stock,,,2010-01-01,false,false,false,false,false,false,clean,false
004170,신세계,KOSPI,common_stock,,,2010-01-01,false,false,false,false,false,false,clean,false
035510,신세계 I&C,KOSPI,common_stock,,,2010-01-01,false,false,false,false,false,false,clean,false
031430,신세계인터내셔날,KOSPI,common_stock,,,2010-01-01,false,false,false,false,false,false,clean,false
031440,신세계푸드,KOSPI,common_stock,,,2010-01-01,false,false,false,false,false,false,clean,false
006880,신송홀딩스,KOSPI,common_stock,,,2010-01-01,false,false,false,false,false,false,clean,false
005800,신영와코루,KOSPI,common_stock,,,2010-01-01,false,false,false,false,false,false,clean,false
001720,신영증권,KOSPI,common_stock,,,2010-01-01,false,false,false,false,false,false,clean,false
009270,신원,KOSPI,common_stock,,,2010-01-01,false,false,false,false,false,false,clean,false
002700,신일전자,KOSPI,common_stock,,,2010-01-01,false,false,false,false,false,false,clean,false
002870,신풍,KOSPI,common_stock,,,2010-01-01,false,false,false,false,false,false,clean,false
019170,신풍제약,KOSPI,common_stock,,,2010-01-01,false,false,false,false,false,false,clean,false
019175,신풍제약우,KOSPI,preferred_stock,,,2010-01-01,true,false,false,false,false,false,clean,false
481850,신한글로벌액티브리츠,KOSPI,reit,,,2010-01-01,false,false,true,false,false,false,clean,false
404990,신한서부티엔디리츠,KOSPI,reit,,,2010-01-01,false,false,true,false,false,false,clean,false
293940,신한알파리츠,KOSPI,reit,,,2010-01-01,false,false,true,false,false,false,clean,false
055550,신한지주,KOSPI,common_stock,,,2010-01-01,false,false,false,false,false,false,clean,false
004080,신흥,KOSPI,common_stock,,,2010-01-01,false,false,false,false,false,false,clean,false
004770,써니전자,KOSPI,common_stock,,,2010-01-01,false,false,false,false,false,false,clean,false
403550,쏘카,KOSPI,common_stock,,,2010-01-01,false,false,false,false,false,false,clean,false
004920,씨아이테크,KOSPI,common_stock,,,2010-01-01,false,false,false,false,false,false,clean,false
112610,씨에스윈드,KOSPI,common_stock,,,2010-01-01,false,false,false,false,false,false,clean,false
480370,씨케이솔루션,KOSPI,common_stock,,,2010-01-01,false,false,false,false,false,false,clean,false
308170,씨티알모빌리티,KOSPI,common_stock,,,2010-01-01,false,false,false,false,false,false,clean,false
008700,아남전자,KOSPI,common_stock,,,2010-01-01,false,false,false,false,false,false,clean,false
090430,아모레퍼시픽,KOSPI,common_stock,,,2010-01-01,false,false,false,false,false,false,clean,false
090435,아모레퍼시픽우,KOSPI,preferred_stock,,,2010-01-01,true,false,false,false,false,false,clean,false
002790,아모레퍼시픽홀딩스,KOSPI,common_stock,,,2010-01-01,false,false,false,false,false,false,clean,false
00279K,아모레퍼시픽홀딩스3우C,KOSPI,common_stock,,,2010-01-01,false,false,false,false,false,false,clean,false
002795,아모레퍼시픽홀딩스우,KOSPI,preferred_stock,,,2010-01-01,true,false,false,false,false,false,clean,false
002030,아세아,KOSPI,common_stock,,,2010-01-01,false,false,false,false,false,false,clean,false
183190,아세아시멘트,KOSPI,common_stock,,,2010-01-01,false,false,false,false,false,false,clean,false
002310,아세아제지,KOSPI,common_stock,,,2010-01-01,false,false,false,false,false,false,clean,false
012170,아센디오,KOSPI,common_stock,,,2010-01-01,false,false,false,false,false,false,clean,false
267850,아시아나IDT,KOSPI,common_stock,,,2010-01-01,false,false,false,false,false,false,clean,false
020560,아시아나항공,KOSPI,common_stock,,,2010-01-01,false,false,false,false,false,false,clean,false
122900,아이마켓코리아,KOSPI,common_stock,,,2010-01-01,false,false,false,false,false,false,clean,false
010780,아이에스동서,KOSPI,common_stock,,,2010-01-01,false,false,false,false,false,false,clean,false
031820,아이티센씨티에스,KOSPI,common_stock,,,2010-01-01,false,false,false,false,false,false,clean,false
139990,아주스틸,KOSPI,common_stock,,,2010-01-01,false,false,false,false,false,false,clean,false
009320,아진전자부품,KOSPI,common_stock,,,2010-01-01,false,false,false,false,false,false,clean,false
001780,알루코,KOSPI,common_stock,,,2010-01-01,false,false,false,false,false,false,clean,false
018250,애경산업,KOSPI,common_stock,,,2010-01-01,false,false,false,false,false,false,clean,false
161000,애경케미칼,KOSPI,common_stock,,,2010-01-01,false,false,false,false,false,false,clean,false
011090,에넥스,KOSPI,common_stock,,,2010-01-01,false,false,false,false,false,false,clean,false
137310,에스디바이오센서,KOSPI,common_stock,,,2010-01-01,false,false,false,false,false,false,clean,false
005850,에스엘,KOSPI,common_stock,,,2010-01-01,false,false,false,false,false,false,clean,false
010580,에스엠벡셀,KOSPI,common_stock,,,2010-01-01,false,false,false,false,false,false,clean,false
012750,에스원,KOSPI,common_stock,,,2010-01-01,false,false,false,false,false,false,clean,false
023960,에쓰씨엔지니어링,KOSPI,common_stock,,,2010-01-01,false,false,false,false,false,false,clean,false
298690,에어부산,KOSPI,common_stock,,,2010-01-01,false,false,false,false,false,false,clean,false
078520,에이블씨엔씨,KOSPI,common_stock,,,2010-01-01,false,false,false,false,false,false,clean,false
015260,에이엔피,KOSPI,common_stock,,,2010-01-01,false,false,false,false,false,false,clean,false
007460,에이프로젠,KOSPI,common_stock,,,2010-01-01,false,false,false,false,false,false,clean,false
003060,에이프로젠바이오로직스,KOSPI,common_stock,,,2010-01-01,false,false,false,false,false,false,clean,false
244920,에이플러스에셋,KOSPI,common_stock,,,2010-01-01,false,false,false,false,false,false,clean,false
278470,에이피알,KOSPI,common_stock,,,2010-01-01,false,false,false,false,false,false,clean,false
450080,에코프로머티,KOSPI,common_stock,,,2010-01-01,false,false,false,false,false,false,clean,false
019490,엑시큐어하이트론,KOSPI,common_stock,,,2010-01-01,false,false,false,false,false,false,clean,false
085310,엔케이,KOSPI,common_stock,,,2010-01-01,false,false,false,false,false,false,clean,false
900140,엘브이엠씨홀딩스,KOSPI,common_stock,,,2010-01-01,false,false,false,false,false,false,clean,false
066970,엘앤에프,KOSPI,common_stock,,,2010-01-01,false,false,false,false,false,false,clean,false
097520,엠씨넥스,KOSPI,common_stock,,,2010-01-01,false,false,false,false,false,false,clean,false
484870,엠앤씨솔루션,KOSPI,common_stock,,,2010-01-01,false,false,false,false,false,false,clean,false
014440,영보화학,KOSPI,common_stock,,,2010-01-01,false,false,false,false,false,false,clean,false
111770,영원무역,KOSPI,common_stock,,,2010-01-01,false,false,false,false,false,false,clean,false
009970,영원무역홀딩스,KOSPI,common_stock,,,2010-01-01,false,false,false,false,false,false,clean,false
003520,영진약품,KOSPI,common_stock,,,2010-01-01,false,false,false,false,false,false,clean,false
000670,영풍,KOSPI,common_stock,,,2010-01-01,false,false,false,false,false,false,clean,false
012280,영화금속,KOSPI,common_stock,,,2010-01-01,false,false,false,false,false,false,clean,false
012160,영흥,KOSPI,common_stock,,,2010-01-01,false,false,false,false,false,false,clean,false
007310,오뚜기,KOSPI,common_stock,,,2010-01-01,false,false,false,false,false,false,clean,false
002630,오리엔트바이오,KOSPI,common_stock,,,2010-01-01,false,false,false,false,false,false,clean,false
271560,오리온,KOSPI,common_stock,,,2017-12-07,false,false,false,false,false,false,clean,false
001800,오리온홀딩스,KOSPI,common_stock,,,2010-01-01,false,false,false,false,false,false,clean,false
005320,온타이드,KOSPI,common_stock,,,2010-01-01,false,false,false,false,false,false,clean,false
011690,와이투솔루션,KOSPI,common_stock,,,2010-01-01,false,false,false,false,false,false,clean,false
316140,우리금융지주,KOSPI,common_stock,,,2010-01-01,false,false,false,false,false,false,clean,false
006980,우성,KOSPI,common_stock,,,2010-01-01,false,false,false,false,false,false,clean,false
011300,우성머티리얼스,KOSPI,common_stock,,,2010-01-01,false,false,false,false,false,false,clean,false
017370,우신시스템,KOSPI,common_stock,,,2010-01-01,false,false,false,false,false,false,clean,false
105840,우진,KOSPI,common_stock,,,2010-01-01,false,false,false,false,false,false,clean,false
010400,우진아이엔에스,KOSPI,common_stock,,,2010-01-01,false,false,false,false,false,false,clean,false
049800,우진플라임,KOSPI,common_stock,,,2010-01-01,false,false,false,false,false,false,clean,false
016880,웅진,KOSPI,common_stock,,,2010-01-01,false,false,false,false,false,false,clean,false
095720,웅진씽크빅,KOSPI,common_stock,,,2010-01-01,false,false,false,false,false,false,clean,false
005820,원림,KOSPI,common_stock,,,2010-01-01,false,false,false,false,false,false,clean,false
008600,윌비스,KOSPI,common_stock,,,2010-01-01,false,false,false,false,false,false,clean,false
033270,유나이티드제약,KOSPI,common_stock,,,2010-01-01,false,false,false,false,false,false,clean,false
014830,유니드,KOSPI,common_stock,,,2010-01-01,false,false,false,false,false,false,clean,false
446070,유니드비티플러스,KOSPI,common_stock,,,2010-01-01,false,false,false,false,false,false,clean,false
000910,유니온,KOSPI,common_stock,,,2010-01-01,false,false,false,false,false,false,clean,false
047400,유니온머티리얼,KOSPI,common_stock,,,2010-01-01,false,false,false,false,false,false,clean,false
011330,유니켐,KOSPI,common_stock,,,2010-01-01,false,false,false,false,false,false,clean,false
077500,유니퀘스트,KOSPI,common_stock,,,2010-01-01,false,false,false,false,false,false,clean,false
002920,유성기업,KOSPI,common_stock,,,2010-01-01,false,false,false,false,false,false,clean,false
000700,유수홀딩스,KOSPI,common_stock,,,2010-01-01,false,false,false,false,false,false,clean,false
003470,유안타증권,KOSPI,common_stock,,,2010-01-01,false,false,false,false,false,false,clean,false
003475,유안타증권우,KOSPI,preferred_stock,,,2010-01-01,true,false,false,false,false,false,clean,false
072130,유엔젤,KOSPI,common_stock,,,2010-01-01,false,false,false,false,false,false,clean,false
000220,유유제약,KOSPI,common_stock,,,2010-01-01,false,false,false,false,false,false,clean,false
000225,유유제약1우,KOSPI,preferred_stock,,,2010-01-01,true,false,false,false,false,false,clean,false
000227,유유제약2우B,KOSPI,preferred_stock,,,2010-01-01,true,false,false,false,false,false,clean,false
001200,유진투자증권,KOSPI,common_stock,,,2010-01-01,false,false,false,false,false,false,clean,false
000100,유한양행,KOSPI,common_stock,,,2010-01-01,false,false,false,false,false,false,clean,false
000105,유한양행우,KOSPI,preferred_stock,,,2010-01-01,true,false,false,false,false,false,clean,false
003460,유화증권,KOSPI,common_stock,,,2010-01-01,false,false,false,false,false,false,clean,false
003465,유화증권우,KOSPI,preferred_stock,,,2010-01-01,true,false,false,false,false,false,clean,false
008730,율촌화학,KOSPI,common_stock,,,2010-01-01,false,false,false,false,false,false,clean,false
008250,이건산업,KOSPI,common_stock,,,2010-01-01,false,false,false,false,false,false,clean,false
025820,이구산업,KOSPI,common_stock,,,2010-01-01,false,false,false,false,false,false,clean,false
214320,이노션,KOSPI,common_stock,,,2010-01-01,false,false,false,false,false,false,clean,false
088260,이리츠코크렙,KOSPI,reit,,,2010-01-01,false,false,true,false,false,false,clean,false
139480,이마트,KOSPI,common_stock,,,2010-01-01,false,false,false,false,false,false,clean,false
457190,이수스페셜티케미컬,KOSPI,common_stock,,,2010-01-01,false,false,false,false,false,false,clean,false
007660,이수페타시스,KOSPI,common_stock,,,2010-01-01,false,false,false,false,false,false,clean,false
005950,이수화학,KOSPI,common_stock,,,2010-01-01,false,false,false,false,false,false,clean,false
015020,이스타코,KOSPI,common_stock,,,2010-01-01,false,false,false,false,false,false,clean,false
074610,이엔플러스,KOSPI,common_stock,,,2010-01-01,false,false,false,false,false,false,clean,false
102460,이연제약,KOSPI,common_stock,,,2010-01-01,false,false,false,false,false,false,clean,false
084680,이월드,KOSPI,common_stock,,,2010-01-01,false,false,false,false,false,false,clean,false
350520,이지스레지던스리츠,KOSPI,reit,,,2010-01-01,false,false,true,false,false,false,clean,false
334890,이지스밸류플러스리츠,KOSPI,reit,,,2010-01-01,false,false,true,false,false,false,clean,false
000760,이화산업,KOSPI,common_stock,,,2010-01-01,false,false,false,false,false,false,clean,false
014990,인디에프,KOSPI,common_stock,,,2010-01-01,false,false,false,false,false,false,clean,false
101140,인바이오젠,KOSPI,common_stock,,,2010-01-01,false,false,false,false,false,false,clean,false
023800,인지컨트롤스,KOSPI,common_stock,,,2010-01-01,false,false,false,false,false,false,clean,false
034590,인천도시가스,KOSPI,common_stock,,,2010-01-01,false,false,false,false,false,false,clean,false
129260,인터지스,KOSPI,common_stock,,,2010-01-01,false,false,false,false,false,false,clean,false
023810,인팩,KOSPI,common_stock,,,2010-01-01,false,false,false,false,false,false,clean,false
249420,일동제약,KOSPI,common_stock,,,2010-01-01,false,false,false,false,false,false,clean,false
000230,일동홀딩스,KOSPI,common_stock,,,2010-01-01,false,false,false,false,false,false,clean,false
013360,일성건설,KOSPI,common_stock,,,2010-01-01,false,false,false,false,false,false,clean,false
003120,일성아이에스,KOSPI,common_stock,,,2010-01-01,false,false,false,false,false,false,clean,false
003200,일신방직,KOSPI,common_stock,,,2010-01-01,false,false,false,false,false,false,clean,false
007110,일신석재,KOSPI,common_stock,,,2010-01-01,false,false,false,false,false,false,clean,false
007570,일양약품,KOSPI,common_stock,,,2010-01-01,false,false,false,false,false,false,clean,false
007575,일양약품우,KOSPI,preferred_stock,,,2010-01-01,true,false,false,false,false,false,clean,false
081000,일진다이아,KOSPI,common_stock,,,2010-01-01,false,false,false,false,false,false,clean,false
020760,일진디스플,KOSPI,common_stock,,,2010-01-01,false,false,false,false,false,false,clean,false
103590,일진전기,KOSPI,common_stock,,,2010-01-01,false,false,false,false,false,false,clean,false
271940,일진하이솔루스,KOSPI,common_stock,,,2010-01-01,false,false,false,false,false,false,clean,false
015860,일진홀딩스,KOSPI,common_stock,,,2010-01-01,false,false,false,false,false,false,clean,false
226320,잇츠한불,KOSPI,common_stock,,,2010-01-01,false,false,false,false,false,false,clean,false
317400,자이에스앤디,KOSPI,common_stock,,,2010-01-01,false,false,false,false,false,false,clean,false
033240,자화전자,KOSPI,common_stock,,,2010-01-01,false,false,false,false,false,false,clean,false
000950,전방,KOSPI,common_stock,,,2010-01-01,false,false,false,false,false,false,clean,false
079900,전진건설로봇,KOSPI,common_stock,,,2010-01-01,false,false,false,false,false,false,clean,false
348950,제이알글로벌리츠,KOSPI,reit,,,2010-01-01,false,false,true,false,false,false,clean,false
194370,제이에스코퍼레이션,KOSPI,common_stock,,,2010-01-01,false,false,false,false,false,false,clean,false
030000,제일기획,KOSPI,common_stock,,,2010-01-01,false,false,false,false,false,false,clean,false
271980,제일약품,KOSPI,common_stock,,,2010-01-01,false,false,false,false,false,false,clean,false
001560,제일연마,KOSPI,common_stock,,,2010-01-01,false,false,false,false,false,false,clean,false
002620,제일파마홀딩스,KOSPI,common_stock,,,2010-01-01,false,false,false,false,false,false,clean,false
006220,제주은행,KOSPI,common_stock,,,2010-01-01,false,false,false,false,false,false,clean,false
089590,제주항공,KOSPI,common_stock,,,2010-01-01,false,false,false,false,false,false,clean,false
004910,조광페인트,KOSPI,common_stock,,,2010-01-01,false,false,false,false,false,false,clean,false
004700,조광피혁,KOSPI,common_stock,,,2010-01-01,false,false,false,false,false,false,clean,false
001550,조비,KOSPI,common_stock,,,2010-01-01,false,false,false,false,false,false,clean,false
462520,조선내화,KOSPI,common_stock,,,2010-01-01,false,false,false,false,false,false,clean,false
120030,조선선재,KOSPI,common_stock,,,2010-01-01,false,false,false,false,false,false,clean,false
018470,조일알미늄,KOSPI,common_stock,,,2010-01-01,false,false,false,false,false,false,clean,false
002600,조흥,KOSPI,common_stock,,,2010-01-01,false,false,false,false,false,false,clean,false
185750,종근당,KOSPI,common_stock,,,2010-01-01,false,false,false,false,false,false,clean,false
063160,종근당바이오,KOSPI,common_stock,,,2010-01-01,false,false,false,false,false,false,clean,false
001630,종근당홀딩스,KOSPI,common_stock,,,2010-01-01,false,false,false,false,false,false,clean,false
109070,주성코퍼레이션,KOSPI,common_stock,,,2010-01-01,false,false,false,false,false,false,clean,false
044380,주연테크,KOSPI,common_stock,,,2010-01-01,false,false,false,false,false,false,clean,false
013890,지누스,KOSPI,common_stock,,,2010-01-01,false,false,false,false,false,false,clean,false
013870,지엠비코리아,KOSPI,common_stock,,,2010-01-01,false,false,false,false,false,false,clean,false
071320,지역난방공사,KOSPI,common_stock,,,2010-01-01,false,false,false,false,false,false,clean,false
088790,진도,KOSPI,common_stock,,,2010-01-01,false,false,false,false,false,false,clean,false
003780,진양산업,KOSPI,common_stock,,,2010-01-01,false,false,false,false,false,false,clean,false
010640,진양폴리,KOSPI,common_stock,,,2010-01-01,false,false,false,false,false,false,clean,false
100250,진양홀딩스,KOSPI,common_stock,,,2010-01-01,false,false,false,false,false,false,clean,false
051630,진양화학,KOSPI,common_stock,,,2010-01-01,false,false,false,false,false,false,clean,false
272450,진에어,KOSPI,common_stock,,,2010-01-01,false,false,false,false,false,false,clean,false
011000,진원생명과학,KOSPI,common_stock,,,2010-01-01,false,false,false,false,false,false,clean,false
002780,진흥기업,KOSPI,common_stock,,,2010-01-01,false,false,false,false,false,false,clean,false
002787,진흥기업2우B,KOSPI,preferred_stock,,,2010-01-01,true,false,false,false,false,false,clean,false
002785,진흥기업우B,KOSPI,preferred_stock,,,2010-01-01,true,false,false,false,false,false,clean,false
025620,차AI헬스케어,KOSPI,common_stock,,,2010-01-01,false,false,false,false,false,false,clean,false
009310,참엔지니어링,KOSPI,common_stock,,,2010-01-01,false,false,false,false,false,false,clean,false
000650,천일고속,KOSPI,common_stock,,,2010-01-01,false,false,false,false,false,false,clean,false
033250,체시스,KOSPI,common_stock,,,2010-01-01,false,false,false,false,false,false,clean,false
035720,카카오,KOSPI,common_stock,,,2010-01-01,false,false,false,false,false,false,clean,false
323410,카카오뱅크,KOSPI,common_stock,,,2010-01-01,false,false,false,false,false,false,clean,false
377300,카카오페이,KOSPI,common_stock,,,2010-01-01,false,false,false,false,false,false,clean,false
006380,카프로,KOSPI,common_stock,,,2010-01-01,false,false,false,false,false,false,clean,false
279570,케이뱅크,KOSPI,common_stock,,,2010-01-01,false,false,false,false,false,false,clean,false
001620,케이비아이동국실업,KOSPI,common_stock,,,2010-01-01,false,false,false,false,false,false,clean,false
029460,케이씨,KOSPI,common_stock,,,2010-01-01,false,false,false,false,false,false,clean,false
281820,케이씨텍,KOSPI,common_stock,,,2010-01-01,false,false,false,false,false,false,clean,false
381970,케이카,KOSPI,common_stock,,,2010-01-01,false,false,false,false,false,false,clean,false
145270,케이탑리츠,KOSPI,reit,,,2010-01-01,false,false,true,false,false,false,clean,false
417310,코람코더원리츠,KOSPI,reit,,,2010-01-01,false,false,true,false,false,false,clean,false
357120,코람코라이프인프라리츠,KOSPI,reit,,,2010-01-01,false,false,true,false,false,false,clean,false
007815,코리아써우,KOSPI,preferred_stock,,,2010-01-01,true,false,false,false,false,false,clean,false
007810,코리아써키트,KOSPI,common_stock,,,2010-01-01,false,false,false,false,false,false,clean,false
00781K,코리아써키트2우B,KOSPI,preferred_stock,,,2010-01-01,true,false,false,false,false,false,clean,false
003690,코리안리,KOSPI,common_stock,,,2010-01-01,false,false,false,false,false,false,clean,false
192820,코스맥스,KOSPI,common_stock,,,2010-01-01,false,false,false,false,false,false,clean,false
044820,코스맥스비티아이,KOSPI,common_stock,,,2010-01-01,false,false,false,false,false,false,clean,false
005070,코스모신소재,KOSPI,common_stock,,,2010-01-01,false,false,false,false,false,false,clean,false
005420,코스모화학,KOSPI,common_stock,,,2010-01-01,false,false,false,false,false,false,clean,false
071950,코아스,KOSPI,common_stock,,,2010-01-01,false,false,false,false,false,false,clean,false
002020,코오롱,KOSPI,common_stock,,,2010-01-01,false,false,false,false,false,false,clean,false
003070,코오롱글로벌,KOSPI,common_stock,,,2010-01-01,false,false,false,false,false,false,clean,false
003075,코오롱글로벌우,KOSPI,preferred_stock,,,2010-01-01,true,false,false,false,false,false,clean,false
002025,코오롱우,KOSPI,preferred_stock,,,2010-01-01,true,false,false,false,false,false,clean,false
120110,코오롱인더,KOSPI,common_stock,,,2010-01-01,false,false,false,false,false,false,clean,false
120115,코오롱인더우,KOSPI,preferred_stock,,,2010-01-01,true,false,false,false,false,false,clean,false
021240,코웨이,KOSPI,common_stock,,,2012-11-01,false,false,false,false,false,false,clean,false
036420,콘텐트리중앙,KOSPI,common_stock,,,2010-01-01,false,false,false,false,false,false,clean,false
024720,콜마홀딩스,KOSPI,common_stock,,,2010-01-01,false,false,false,false,false,false,clean,false
192400,쿠쿠홀딩스,KOSPI,common_stock,,,2014-09-23,false,false,false,false,false,false,clean,false
284740,쿠쿠홈시스,KOSPI,common_stock,,,2010-01-01,false,false,false,false,false,false,clean,false
264900,크라운제과,KOSPI,common_stock,,,2010-01-01,false,false,false,false,false,false,clean,false
26490K,크라운제과우,KOSPI,preferred_stock,,,2010-01-01,true,false,false,false,false,false,clean,false
005740,크라운해태홀딩스,KOSPI,common_stock,,,2010-01-01,false,false,false,false,false,false,clean,false
005745,크라운해태홀딩스우,KOSPI,preferred_stock,,,2010-01-01,true,false,false,false,false,false,clean,false
259960,크래프톤,KOSPI,common_stock,,,2010-01-01,false,false,false,false,false,false,clean,false
020120,키다리스튜디오,KOSPI,common_stock,,,2010-01-01,false,false,false,false,false,false,clean,false
039490,키움증권,KOSPI,common_stock,,,2010-01-01,false,false,false,false,false,false,clean,false
014580,태경비케이,KOSPI,common_stock,,,2010-01-01,false,false,false,false,false,false,clean,false
015890,태경산업,KOSPI,common_stock,,,2010-01-01,false,false,false,false,false,false,clean,false
006890,태경케미컬,KOSPI,common_stock,,,2010-01-01,false,false,false,false,false,false,clean,false
003240,태광산업,KOSPI,common_stock,,,2010-01-01,false,false,false,false,false,false,clean,false
011280,태림포장,KOSPI,common_stock,,,2010-01-01,false,false,false,false,false,false,clean,false
004100,태양금속,KOSPI,common_stock,,,2010-01-01,false,false,false,false,false,false,clean,false
004105,태양금속우,KOSPI,preferred_stock,,,2010-01-01,true,false,false,false,false,false,clean,false
009410,태영건설,KOSPI,common_stock,,,2010-01-01,false,false,false,false,false,false,clean,false
009415,태영건설우,KOSPI,preferred_stock,,,2010-01-01,true,false,false,false,false,false,clean,false
001420,태원물산,KOSPI,common_stock,,,2010-01-01,false,false,false,false,false,false,clean,false
055490,테이팩스,KOSPI,common_stock,,,2010-01-01,false,false,false,false,false,false,clean,false
078000,텔코웨어,KOSPI,common_stock,,,2010-01-01,false,false,false,false,false,false,clean,false
214420,토니모리,KOSPI,common_stock,,,2010-01-01,false,false,false,false,false,false,clean,false
091810,트리니티항공,KOSPI,common_stock,,,2010-01-01,false,false,false,false,false,false,clean,false
019180,티에이치엔,KOSPI,common_stock,,,2010-01-01,false,false,false,false,false,false,clean,false
217590,티엠씨,KOSPI,common_stock,,,2010-01-01,false,false,false,false,false,false,clean,false
363280,티와이홀딩스,KOSPI,common_stock,,,2010-01-01,false,false,false,false,false,false,clean,false
36328K,티와이홀딩스우,KOSPI,preferred_stock,,,2010-01-01,true,false,false,false,false,false,clean,false
004870,티웨이홀딩스,KOSPI,common_stock,,,2010-01-01,false,false,false,false,false,false,clean,false
034230,파라다이스,KOSPI,common_stock,,,2010-01-01,false,false,false,false,false,false,clean,false
005690,파미셀,KOSPI,common_stock,,,2010-01-01,false,false,false,false,false,false,clean,false
036580,팜스코,KOSPI,common_stock,,,2010-01-01,false,false,false,false,false,false,clean,false
004720,팜젠사이언스,KOSPI,common_stock,,,2010-01-01,false,false,false,false,false,false,clean,false
028670,팬오션,KOSPI,common_stock,,,2010-01-01,false,false,false,false,false,false,clean,false
010820,퍼스텍,KOSPI,common_stock,,,2010-01-01,false,false,false,false,false,false,clean,false
016800,퍼시스,KOSPI,common_stock,,,2010-01-01,false,false,false,false,false,false,clean,false
001020,페이퍼코리아,KOSPI,common_stock,,,2010-01-01,false,false,false,false,false,false,clean,false
090080,평화산업,KOSPI,common_stock,,,2010-01-01,false,false,false,false,false,false,clean,false
010770,평화홀딩스,KOSPI,common_stock,,,2010-01-01,false,false,false,false,false,false,clean,false
022100,포스코DX,KOSPI,common_stock,,,2010-01-01,false,false,false,false,false,false,clean,false
058430,포스코스틸리온,KOSPI,common_stock,,,2010-01-01,false,false,false,false,false,false,clean,false
047050,포스코인터내셔널,KOSPI,common_stock,,,2010-01-01,false,false,false,false,false,false,clean,false
003670,포스코퓨처엠,KOSPI,common_stock,,,2010-01-01,false,false,false,false,false,false,clean,false
017810,풀무원,KOSPI,common_stock,,,2010-01-01,false,false,false,false,false,false,clean,false
103140,풍산,KOSPI,common_stock,,,2010-01-01,false,false,false,false,false,false,clean,false
005810,풍산홀딩스,KOSPI,common_stock,,,2010-01-01,false,false,false,false,false,false,clean,false
950210,프레스티지바이오파마,KOSPI,common_stock,,,2010-01-01,false,false,false,false,false,false,clean,false
006490,프리티,KOSPI,common_stock,,,2010-01-01,false,false,false,false,false,false,clean,false
009810,플레이그램,KOSPI,common_stock,,,2010-01-01,false,false,false,false,false,false,clean,false
086790,하나금융지주,KOSPI,common_stock,,,2010-01-01,false,false,false,false,false,false,clean,false
293480,하나제약,KOSPI,common_stock,,,2010-01-01,false,false,false,false,false,false,clean,false
039130,하나투어,KOSPI,common_stock,,,2010-01-01,false,false,false,false,false,false,clean,false
352820,하이브,KOSPI,common_stock,,,2010-01-01,false,false,false,false,false,false,clean,false
071090,하이스틸,KOSPI,common_stock,,,2010-01-01,false,false,false,false,false,false,clean,false
000080,하이트진로,KOSPI,common_stock,,,2010-01-01,false,false,false,false,false,false,clean,false
000087,하이트진로2우B,KOSPI,preferred_stock,,,2010-01-01,true,false,false,false,false,false,clean,false
000140,하이트진로홀딩스,KOSPI,common_stock,,,2010-01-01,false,false,false,false,false,false,clean,false
000145,하이트진로홀딩스우,KOSPI,preferred_stock,,,2010-01-01,true,false,false,false,false,false,clean,false
036460,한국가스공사,KOSPI,common_stock,,,2010-01-01,false,false,false,false,false,false,clean,false
005430,한국공항,KOSPI,common_stock,,,2010-01-01,false,false,false,false,false,false,clean,false
071050,한국금융지주,KOSPI,common_stock,,,2010-01-01,false,false,false,false,false,false,clean,false
071055,한국금융지주우,KOSPI,preferred_stock,,,2010-01-01,true,false,false,false,false,false,clean,false
010040,한국내화,KOSPI,common_stock,,,2010-01-01,false,false,false,false,false,false,clean,false
025540,한국단자,KOSPI,common_stock,,,2010-01-01,false,false,false,false,false,false,clean,false
010100,한국무브넥스,KOSPI,common_stock,,,2010-01-01,false,false,false,false,false,false,clean,false
004090,한국석유,KOSPI,common_stock,,,2010-01-01,false,false,false,false,false,false,clean,false
002200,한국수출포장,KOSPI,common_stock,,,2010-01-01,false,false,false,false,false,false,clean,false
002960,한국쉘석유,KOSPI,common_stock,,,2010-01-01,false,false,false,false,false,false,clean,false
000240,한국앤컴퍼니,KOSPI,common_stock,,,2010-01-01,false,false,false,false,false,false,clean,false
123890,한국자산신탁,KOSPI,common_stock,,,2010-01-01,false,false,false,false,false,false,clean,false
015760,한국전력,KOSPI,common_stock,,,2010-01-01,false,false,false,false,false,false,clean,false
006200,한국전자홀딩스,KOSPI,common_stock,,,2010-01-01,false,false,false,false,false,false,clean,false
027970,한국제지,KOSPI,common_stock,,,2010-01-01,false,false,false,false,false,false,clean,false
023350,한국종합기술,KOSPI,common_stock,,,2010-01-01,false,false,false,false,false,false,clean,false
025890,한국주강,KOSPI,common_stock,,,2010-01-01,false,false,false,false,false,false,clean,false
000970,한국주철관,KOSPI,common_stock,,,2010-01-01,false,false,false,false,false,false,clean,false
104700,한국철강,KOSPI,common_stock,,,2010-01-01,false,false,false,false,false,false,clean,false
017960,한국카본,KOSPI,common_stock,,,2010-01-01,false,false,false,false,false,false,clean,false
161890,한국콜마,KOSPI,common_stock,,,2010-01-01,false,false,false,false,false,false,clean,false
161390,한국타이어앤테크놀로지,KOSPI,common_stock,,,2010-01-01,false,false,false,false,false,false,clean,false
034830,한국토지신탁,KOSPI,common_stock,,,2010-01-01,false,false,false,false,false,false,clean,false
007280,한국특강,KOSPI,common_stock,,,2010-01-01,false,false,false,false,false,false,clean,false
047810,한국항공우주,KOSPI,common_stock,,,2010-01-01,false,false,false,false,false,false,clean,false
123690,한국화장품,KOSPI,common_stock,,,2010-01-01,false,false,false,false,false,false,clean,false
003350,한국화장품제조,KOSPI,common_stock,,,2010-01-01,false,false,false,false,false,false,clean,false
011500,한농화성,KOSPI,common_stock,,,2010-01-01,false,false,false,false,false,false,clean,false
002390,한독,KOSPI,common_stock,,,2010-01-01,false,false,false,false,false,false,clean,false
053690,한미글로벌,KOSPI,common_stock,,,2010-01-01,false,false,false,false,false,false,clean,false
042700,한미반도체,KOSPI,common_stock,,,2010-01-01,false,false,false,false,false,false,clean,false
008930,한미사이언스,KOSPI,common_stock,,,2010-01-01,false,false,false,false,false,false,clean,false
128940,한미약품,KOSPI,common_stock,,,2010-01-01,false,false,false,false,false,false,clean,false
009240,한샘,KOSPI,common_stock,,,2010-01-01,false,false,false,false,false,false,clean,false
020000,한섬,KOSPI,common_stock,,,2010-01-01,false,false,false,false,false,false,clean,false
003680,한성기업,KOSPI,common_stock,,,2010-01-01,false,false,false,false,false,false,clean,false
105630,한세실업,KOSPI,common_stock,,,2010-01-01,false,false,false,false,false,false,clean,false
069640,한세엠케이,KOSPI,common_stock,,,2010-01-01,false,false,false,false,false,false,clean,false
016450,한세예스24홀딩스,KOSPI,common_stock,,,2010-01-01,false,false,false,false,false,false,clean,false
009180,한솔로지스틱스,KOSPI,common_stock,,,2010-01-01,false,false,false,false,false,false,clean,false
213500,한솔제지,KOSPI,common_stock,,,2010-01-01,false,false,false,false,false,false,clean,false
014680,한솔케미칼,KOSPI,common_stock,,,2010-01-01,false,false,false,false,false,false,clean,false
004710,한솔테크닉스,KOSPI,common_stock,,,2010-01-01,false,false,false,false,false,false,clean,false
004150,한솔홀딩스,KOSPI,common_stock,,,2010-01-01,false,false,false,false,false,false,clean,false
025750,한솔홈데코,KOSPI,common_stock,,,2010-01-01,false,false,false,false,false,false,clean,false
004960,한신공영,KOSPI,common_stock,,,2010-01-01,false,false,false,false,false,false,clean,false
011700,한신기계,KOSPI,common_stock,,,2010-01-01,false,false,false,false,false,false,clean,false
001750,한양증권,KOSPI,common_stock,,,2010-01-01,false,false,false,false,false,false,clean,false
001755,한양증권우,KOSPI,preferred_stock,,,2010-01-01,true,false,false,false,false,false,clean,false
018880,한온시스템,KOSPI,common_stock,,,2010-01-01,false,false,false,false,false,false,clean,false
009420,한올바이오파마,KOSPI,common_stock,,,2010-01-01,false,false,false,false,false,false,clean,false
014130,한익스프레스,KOSPI,common_stock,,,2010-01-01,false,false,false,false,false,false,clean,false
300720,한일시멘트,KOSPI,common_stock,,,2010-01-01,false,false,false,false,false,false,clean,false
002220,한일철강,KOSPI,common_stock,,,2010-01-01,false,false,false,false,false,false,clean,false
003300,한일홀딩스,KOSPI,common_stock,,,2010-01-01,false,false,false,false,false,false,clean,false
051600,한전KPS,KOSPI,common_stock,,,2010-01-01,false,false,false,false,false,false,clean,false
052690,한전기술,KOSPI,common_stock,,,2010-01-01,false,false,false,false,false,false,clean,false
130660,한전산업,KOSPI,common_stock,,,2010-01-01,false,false,false,false,false,false,clean,false
002320,한진,KOSPI,common_stock,,,2010-01-01,false,false,false,false,false,false,clean,false
003480,한진중공업홀딩스,KOSPI,common_stock,,,2010-01-01,false,false,false,false,false,false,clean,false
180640,한진칼,KOSPI,common_stock,,,2010-01-01,false,false,false,false,false,false,clean,false
18064K,한진칼우,KOSPI,preferred_stock,,,2010-01-01,true,false,false,false,false,false,clean,false
005110,한창,KOSPI,common_stock,,,2010-01-01,false,false,false,false,false,false,clean,false
009460,한창제지,KOSPI,common_stock,,,2010-01-01,false,false,false,false,false,false,clean,false
372910,한컴라이프케어,KOSPI,common_stock,,,2010-01-01,false,false,false,false,false,false,clean,false
000880,한화,KOSPI,common_stock,,,2010-01-01,false,false,false,false,false,false,clean,false
00088K,한화3우B,KOSPI,preferred_stock,,,2010-01-01,true,false,false,false,false,false,clean,false
452260,한화갤러리아,KOSPI,common_stock,,,2010-01-01,false,false,false,false,false,false,clean,false
45226K,한화갤러리아우,KOSPI,preferred_stock,,,2010-01-01,true,false,false,false,false,false,clean,false
451800,한화리츠,KOSPI,reit,,,2010-01-01,false,false,true,false,false,false,clean,false
489790,한화비전,KOSPI,common_stock,,,2010-01-01,false,false,false,false,false,false,clean,false
088350,한화생명,KOSPI,common_stock,,,2010-01-01,false,false,false,false,false,false,clean,false
000370,한화손해보험,KOSPI,common_stock,,,2010-01-01,false,false,false,false,false,false,clean,false
009830,한화솔루션,KOSPI,common_stock,,,2010-01-01,false,false,false,false,false,false,clean,false
009835,한화솔루션우,KOSPI,preferred_stock,,,2010-01-01,true,false,false,false,false,false,clean,false
272210,한화시스템,KOSPI,common_stock,,,2010-01-01,false,false,false,false,false,false,clean,false
012450,한화에어로스페이스,KOSPI,common_stock,,,2010-01-01,false,false,false,false,false,false,clean,false
082740,한화엔진,KOSPI,common_stock,,,2010-01-01,false,false,false,false,false,false,clean,false
042660,한화오션,KOSPI,common_stock,,,2010-01-01,false,false,false,false,false,false,clean,false
003530,한화투자증권,KOSPI,common_stock,,,2010-01-01,false,false,false,false,false,false,clean,false
003535,한화투자증권우,KOSPI,preferred_stock,,,2010-01-01,true,false,false,false,false,false,clean,false
195870,해성디에스,KOSPI,common_stock,,,2010-01-01,false,false,false,false,false,false,clean,false
101530,해태제과식품,KOSPI,common_stock,,,2010-01-01,false,false,false,false,false,false,clean,false
143210,핸즈코퍼레이션,KOSPI,common_stock,,,2010-01-01,false,false,false,false,false,false,clean,false
000720,현대건설,KOSPI,common_stock,,,2010-01-01,false,false,false,false,false,false,clean,false
000725,현대건설우,KOSPI,preferred_stock,,,2010-01-01,true,false,false,false,false,false,clean,false
453340,현대그린푸드,KOSPI,common_stock,,,2014-12-11,false,false,false,false,false,false,clean,false
086280,현대글로비스,KOSPI,common_stock,,,2010-01-01,false,false,false,false,false,false,clean,false
064350,현대로템,KOSPI,common_stock,,,2010-01-01,false,false,false,false,false,false,clean,false
079430,현대리바트,KOSPI,common_stock,,,2010-01-01,false,false,false,false,false,false,clean,false
012330,현대모비스,KOSPI,common_stock,,,2010-01-01,false,false,false,false,false,false,clean,false
069960,현대백화점,KOSPI,common_stock,,,2010-01-01,false,false,false,false,false,false,clean,false
004560,현대비앤지스틸,KOSPI,common_stock,,,2010-01-01,false,false,false,false,false,false,clean,false
004310,현대약품,KOSPI,common_stock,,,2010-01-01,false,false,false,false,false,false,clean,false
017800,현대엘리베이터,KOSPI,common_stock,,,2010-01-01,false,false,false,false,false,false,clean,false
307950,현대오토에버,KOSPI,common_stock,,,2010-01-01,false,false,false,false,false,false,clean,false
011210,현대위아,KOSPI,common_stock,,,2010-01-01,false,false,false,false,false,false,clean,false
004020,현대제철,KOSPI,common_stock,,,2010-01-01,false,false,false,false,false,false,clean,false
005440,현대지에프홀딩스,KOSPI,common_stock,,,2015-08-03,false,false,false,false,false,false,clean,false
005380,현대차,KOSPI,common_stock,,,2010-01-01,false,false,false,false,false,false,clean,false
005387,현대차2우B,KOSPI,preferred_stock,,,2010-01-01,true,false,false,false,false,false,clean,false
005389,현대차3우B,KOSPI,preferred_stock,,,2010-01-01,true,false,false,false,false,false,clean,false
005385,현대차우,KOSPI,preferred_stock,,,2010-01-01,true,false,false,false,false,false,clean,false
001500,현대차증권,KOSPI,common_stock,,,2010-01-01,false,false,false,false,false,false,clean,false
011760,현대코퍼레이션,KOSPI,common_stock,,,2010-01-01,false,false,false,false,false,false,clean,false
227840,현대코퍼레이션홀딩스,KOSPI,common_stock,,,2010-01-01,false,false,false,false,false,false,clean,false
126560,현대퓨처넷,KOSPI,common_stock,,,2010-01-01,false,false,false,false,false,false,clean,false
001450,현대해상,KOSPI,common_stock,,,2010-01-01,false,false,false,false,false,false,clean,false
093240,형지엘리트,KOSPI,common_stock,,,2010-01-01,false,false,false,false,false,false,clean,false
003010,혜인,KOSPI,common_stock,,,2010-01-01,false,false,false,false,false,false,clean,false
111110,호전실업,KOSPI,common_stock,,,2010-01-01,false,false,false,false,false,false,clean,false
008770,호텔신라,KOSPI,common_stock,,,2010-01-01,false,false,false,false,false,false,clean,false
008775,호텔신라우,KOSPI,preferred_stock,,,2010-01-01,true,false,false,false,false,false,clean,false
378850,화승알앤에이,KOSPI,common_stock,,,2010-01-01,false,false,false,false,false,false,clean,false
241590,화승엔터프라이즈,KOSPI,common_stock,,,2010-01-01,false,false,false,false,false,false,clean,false
006060,화승인더,KOSPI,common_stock,,,2010-01-01,false,false,false,false,false,false,clean,false
013520,화승코퍼레이션,KOSPI,common_stock,,,2010-01-01,false,false,false,false,false,false,clean,false
010690,화신,KOSPI,common_stock,,,2010-01-01,false,false,false,false,false,false,clean,false
133820,화인베스틸,KOSPI,common_stock,,,2010-01-01,false,false,false,false,false,false,clean,false
010660,화천기계,KOSPI,common_stock,,,2010-01-01,false,false,false,false,false,false,clean,false
000850,화천기공,KOSPI,common_stock,,,2010-01-01,false,false,false,false,false,false,clean,false
016580,환인제약,KOSPI,common_stock,,,2010-01-01,false,false,false,false,false,false,clean,false
032560,황금에스티,KOSPI,common_stock,,,2010-01-01,false,false,false,false,false,false,clean,false
004800,효성,KOSPI,common_stock,,,2010-01-01,false,false,false,false,false,false,clean,false
094280,효성ITX,KOSPI,common_stock,,,2010-01-01,false,false,false,false,false,false,clean,false
298040,효성중공업,KOSPI,common_stock,,,2010-01-01,false,false,false,false,false,false,clean,false
298020,효성티앤씨,KOSPI,common_stock,,,2010-01-01,false,false,false,false,false,false,clean,false
298000,효성화학,KOSPI,common_stock,,,2010-01-01,false,false,false,false,false,false,clean,false
093370,후성,KOSPI,common_stock,,,2010-01-01,false,false,false,false,false,false,clean,false
005870,휴니드,KOSPI,common_stock,,,2010-01-01,false,false,false,false,false,false,clean,false
079980,휴비스,KOSPI,common_stock,,,2010-01-01,false,false,false,false,false,false,clean,false
005010,휴스틸,KOSPI,common_stock,,,2010-01-01,false,false,false,false,false,false,clean,false
000540,흥국화재,KOSPI,common_stock,,,2010-01-01,false,false,false,false,false,false,clean,false
000545,흥국화재우,KOSPI,preferred_stock,,,2010-01-01,true,false,false,false,false,false,clean,false
003280,흥아해운,KOSPI,common_stock,,,2010-01-01,false,false,false,false,false,false,clean,false
060310,3S,KOSDAQ,common_stock,,,2010-01-01,false,false,false,false,false,false,clean,false
054620,APS,KOSDAQ,common_stock,,,2010-01-01,false,false,false,false,false,false,clean,false
079810,APS이노베이션,KOSDAQ,common_stock,,,2010-01-01,false,false,false,false,false,false,clean,false
265520,AP시스템,KOSDAQ,common_stock,,,2010-01-01,false,false,false,false,false,false,clean,false
211270,AP위성,KOSDAQ,common_stock,,,2010-01-01,false,false,false,false,false,false,clean,false
126600,BGF에코머티리얼즈,KOSDAQ,common_stock,,,2010-01-01,false,false,false,false,false,false,clean,false
083790,CG인바이츠,KOSDAQ,common_stock,,,2010-01-01,false,false,false,false,false,false,clean,false
035760,CJ ENM,KOSDAQ,common_stock,,,2010-01-01,false,false,false,false,false,false,clean,false
311690,CJ 바이오사이언스,KOSDAQ,common_stock,,,2010-01-01,false,false,false,false,false,false,clean,false
051500,CJ프레시웨이,KOSDAQ,common_stock,,,2010-01-01,false,false,false,false,false,false,clean,false
058820,CMG제약,KOSDAQ,common_stock,,,2010-01-01,false,false,false,false,false,false,clean,false
056730,CNT85,KOSDAQ,common_stock,,,2010-01-01,false,false,false,false,false,false,clean,false
065770,CS,KOSDAQ,common_stock,,,2010-01-01,false,false,false,false,false,false,clean,false
083660,CSA 코스믹,KOSDAQ,common_stock,,,2010-01-01,false,false,false,false,false,false,clean,false
477760,DB금융스팩12호,KOSDAQ,spac,,,2010-01-01,false,false,false,true,false,false,clean,false
099520,DGI,KOSDAQ,common_stock,,,2010-01-01,false,false,false,false,false,false,clean,false
290120,DH오토리드,KOSDAQ,common_stock,,,2010-01-01,false,false,false,false,false,false,clean,false
025440,DH오토웨어,KOSDAQ,common_stock,,,2010-01-01,false,false,false,false,false,false,clean,false
068790,DMS,KOSDAQ,common_stock,,,2010-01-01,false,false,false,false,false,false,clean,false
241520,DSC인베스트먼트,KOSDAQ,common_stock,,,2010-01-01,false,false,false,false,false,false,clean,false
180400,DXVX,KOSDAQ,common_stock,,,2010-01-01,false,false,false,false,false,false,clean,false
418620,E8,KOSDAQ,common_stock,,,2010-01-01,false,false,false,false,false,false,clean,false
245620,EDGC,KOSDAQ,common_stock,,,2010-01-01,false,false,false,false,false,false,clean,false
037370,EG,KOSDAQ,common_stock,,,2010-01-01,false,false,false,false,false,false,clean,false
050120,ES큐브,KOSDAQ,common_stock,,,2010-01-01,false,false,false,false,false,false,clean,false
214270,FSN,KOSDAQ,common_stock,,,2010-01-01,false,false,false,false,false,false,clean,false
032620,GC메디아이,KOSDAQ,common_stock,,,2010-01-01,false,false,false,false,false,false,clean,false
130500,GH신소재,KOSDAQ,common_stock,,,2010-01-01,false,false,false,false,false,false,clean,false
900290,GRT,KOSDAQ,common_stock,,,2010-01-01,false,false,false,false,false,false,clean,false
083450,GST,KOSDAQ,common_stock,,,2010-01-01,false,false,false,false,false,false,clean,false
297890,HB솔루션,KOSDAQ,common_stock,,,2010-01-01,false,false,false,false,false,false,clean,false
440290,HB인베스트먼트,KOSDAQ,common_stock,,,2010-01-01,false,false,false,false,false,false,clean,false
078150,HB테크놀러지,KOSDAQ,common_stock,,,2010-01-01,false,false,false,false,false,false,clean,false
225530,HC보광산업,KOSDAQ,common_stock,,,2010-01-01,false,false,false,false,false,false,clean,false
060560,HC홈센타,KOSDAQ,common_stock,,,2010-01-01,false,false,false,false,false,false,clean,false
376270,HEM파마,KOSDAQ,common_stock,,,2010-01-01,false,false,false,false,false,false,clean,false
195940,HK이노엔,KOSDAQ,common_stock,,,2010-01-01,false,false,false,false,false,false,clean,false
028300,HLB,KOSDAQ,common_stock,,,2010-01-01,false,false,false,false,false,false,clean,false
278650,HLB바이오스텝,KOSDAQ,common_stock,,,2010-01-01,false,false,false,false,false,false,clean,false
067630,HLB생명과학,KOSDAQ,common_stock,,,2010-01-01,false,false,false,false,false,false,clean,false
024850,HLB이노베이션,KOSDAQ,common_stock,,,2010-01-01,false,false,false,false,false,false,clean,false
187420,HLB제넥스,KOSDAQ,common_stock,,,2010-01-01,false,false,false,false,false,false,clean,false
047920,HLB제약,KOSDAQ,common_stock,,,2010-01-01,false,false,false,false,false,false,clean,false
115450,HLB테라퓨틱스,KOSDAQ,common_stock,,,2010-01-01,false,false,false,false,false,false,clean,false
046210,HLB파나진,KOSDAQ,common_stock,,,2010-01-01,false,false,false,false,false,false,clean,false
196300,HLB펩,KOSDAQ,common_stock,,,2010-01-01,false,false,false,false,false,false,clean,false
403870,HPSP,KOSDAQ,common_stock,,,2010-01-01,false,false,false,false,false,false,clean,false
036640,HRS,KOSDAQ,common_stock,,,2010-01-01,false,false,false,false,false,false,clean,false
469480,IBKS제24호스팩,KOSDAQ,spac,,,2010-01-01,false,false,false,true,false,false,clean,false
0099X0,IBKS제25호스팩,KOSDAQ,spac,,,2010-01-01,false,false,false,true,false,false,clean,false
095340,ISC,KOSDAQ,common_stock,,,2010-01-01,false,false,false,false,false,false,clean,false
950170,JTC,KOSDAQ,common_stock,,,2010-01-01,false,false,false,false,false,false,clean,false
067290,JW신약,KOSDAQ,common_stock,,,2010-01-01,false,false,false,false,false,false,clean,false
035900,JYP Ent.,KOSDAQ,common_stock,,,2010-01-01,false,false,false,false,false,false,clean,false
318000,KBG,KOSDAQ,common_stock,,,2010-01-01,false,false,false,false,false,false,clean,false
024840,KBI메탈,KOSDAQ,common_stock,,,2010-01-01,false,false,false,false,false,false,clean,false
024120,KB오토시스,KOSDAQ,common_stock,,,2010-01-01,false,false,false,false,false,false,clean,false
478390,KB제29호스팩,KOSDAQ,spac,,,2010-01-01,false,false,false,true,false,false,clean,false
486630,KB제30호스팩,KOSDAQ,spac,,,2010-01-01,false,false,false,true,false,false,clean,false
492220,KB제31호스팩,KOSDAQ,spac,,,2010-01-01,false,false,false,true,false,false,clean,false
0037T0,KB제32호스팩,KOSDAQ,spac,,,2010-01-01,false,false,false,true,false,false,clean,false
0072Z0,KB제33호스팩,KOSDAQ,spac,,,2010-01-01,false,false,false,true,false,false,clean,false
021320,KCC건설,KOSDAQ,common_stock,,,2010-01-01,false,false,false,false,false,false,clean,false
044180,KD,KOSDAQ,common_stock,,,2010-01-01,false,false,false,false,false,false,clean,false
151860,KG에코솔루션,KOSDAQ,common_stock,,,2010-01-01,false,false,false,false,false,false,clean,false
035600,KG이니시스,KOSDAQ,common_stock,,,2010-01-01,false,false,false,false,false,false,clean,false
046440,KG파이낸셜,KOSDAQ,common_stock,,,2010-01-01,false,false,false,false,false,false,clean,false
060720,KH바텍,KOSDAQ,common_stock,,,2010-01-01,false,false,false,false,false,false,clean,false
058400,KNN,KOSDAQ,common_stock,,,2010-01-01,false,false,false,false,false,false,clean,false
101000,KS인더스트리,KOSDAQ,common_stock,,,2010-01-01,false,false,false,false,false,false,clean,false
089600,KT나스미디어,KOSDAQ,common_stock,,,2010-01-01,false,false,false,false,false,false,clean,false
418470,KT밀리의서재,KOSDAQ,common_stock,,,2010-01-01,false,false,false,false,false,false,clean,false
043610,KT지니뮤직,KOSDAQ,common_stock,,,2010-01-01,false,false,false,false,false,false,clean,false
122450,KX,KOSDAQ,common_stock,,,2010-01-01,false,false,false,false,false,false,clean,false
052900,KX하이텍,KOSDAQ,common_stock,,,2010-01-01,false,false,false,false,false,false,clean,false
036560,KZ정밀,KOSDAQ,common_stock,,,2010-01-01,false,false,false,false,false,false,clean,false
061970,LB세미콘,KOSDAQ,common_stock,,,2010-01-01,false,false,false,false,false,false,clean,false
309960,LB인베스트먼트,KOSDAQ,common_stock,,,2010-01-01,false,false,false,false,false,false,clean,false
073490,LIG아큐버,KOSDAQ,common_stock,,,2010-01-01,false,false,false,false,false,false,clean,false
225190,LK삼양,KOSDAQ,common_stock,,,2010-01-01,false,false,false,false,false,false,clean,false
091970,LSK아이로봇,KOSDAQ,common_stock,,,2010-01-01,false,false,false,false,false,false,clean,false
060370,LS마린솔루션,KOSDAQ,common_stock,,,2010-01-01,false,false,false,false,false,false,clean,false
417200,LS머트리얼즈,KOSDAQ,common_stock,,,2010-01-01,false,false,false,false,false,false,clean,false
078020,LS증권,KOSDAQ,common_stock,,,2010-01-01,false,false,false,false,false,false,clean,false
322180,LS티라유텍,KOSDAQ,common_stock,,,2010-01-01,false,false,false,false,false,false,clean,false
476080,M83,KOSDAQ,common_stock,,,2010-01-01,false,false,false,false,false,false,clean,false
086960,MDS테크,KOSDAQ,common_stock,,,2010-01-01,false,false,false,false,false,false,clean,false
160550,NEW,KOSDAQ,common_stock,,,2010-01-01,false,false,false,false,false,false,clean,false
053290,NE능률,KOSDAQ,common_stock,,,2010-01-01,false,false,false,false,false,false,clean,false
060250,NHN KCP,KOSDAQ,common_stock,,,2010-01-01,false,false,false,false,false,false,clean,false
104200,NHN벅스,KOSDAQ,common_stock,,,2010-01-01,false,false,false,false,false,false,clean,false
054050,NH농우바이오,KOSDAQ,common_stock,,,2010-01-01,false,false,false,false,false,false,clean,false
063570,NICE인프라,KOSDAQ,common_stock,,,2010-01-01,false,false,false,false,false,false,clean,false
024940,PN풍년,KOSDAQ,common_stock,,,2010-01-01,false,false,false,false,false,false,clean,false
332570,PS일렉트로닉스,KOSDAQ,common_stock,,,2010-01-01,false,false,false,false,false,false,clean,false
218410,RFHIC,KOSDAQ,common_stock,,,2010-01-01,false,false,false,false,false,false,clean,false
327260,RF머트리얼즈,KOSDAQ,common_stock,,,2010-01-01,false,false,false,false,false,false,clean,false
474610,RF시스템즈,KOSDAQ,common_stock,,,2010-01-01,false,false,false,false,false,false,clean,false
091340,S&K폴리텍,KOSDAQ,common_stock,,,2010-01-01,false,false,false,false,false,false,clean,false
419530,SAMG엔터,KOSDAQ,common_stock,,,2010-01-01,false,false,false,false,false,false,clean,false
019550,SBI인베스트먼트,KOSDAQ,common_stock,,,2010-01-01,false,false,false,false,false,false,clean,false
246960,SCL사이언스,KOSDAQ,common_stock,,,2010-01-01,false,false,false,false,false,false,clean,false
099220,SDN,KOSDAQ,common_stock,,,2010-01-01,false,false,false,false,false,false,clean,false
056190,SFA,KOSDAQ,common_stock,,,2010-01-01,false,false,false,false,false,false,clean,false
222080,SFA넥셀,KOSDAQ,common_stock,,,2010-01-01,false,false,false,false,false,false,clean,false
036540,SFA반도체,KOSDAQ,common_stock,,,2010-01-01,false,false,false,false,false,false,clean,false
255220,SG,KOSDAQ,common_stock,,,2010-01-01,false,false,false,false,false,false,clean,false
040610,SG&G,KOSDAQ,common_stock,,,2010-01-01,false,false,false,false,false,false,clean,false
184230,SGA솔루션즈,KOSDAQ,common_stock,,,2010-01-01,false,false,false,false,false,false,clean,false
016250,SGC E&C,KOSDAQ,common_stock,,,2010-01-01,false,false,false,false,false,false,clean,false
357880,SKAI,KOSDAQ,common_stock,,,2010-01-01,false,false,false,false,false,false,clean,false
048550,SM C&C,KOSDAQ,common_stock,,,2010-01-01,false,false,false,false,false,false,clean,false
063440,SM Life Design,KOSDAQ,common_stock,,,2010-01-01,false,false,false,false,false,false,clean,false
067160,SOOP,KOSDAQ,common_stock,,,2010-01-01,false,false,false,false,false,false,clean,false
289080,SV인베스트먼트,KOSDAQ,common_stock,,,2010-01-01,false,false,false,false,false,false,clean,false
041930,SY동아,KOSDAQ,common_stock,,,2010-01-01,false,false,false,false,false,false,clean,false
089230,THE E&M,KOSDAQ,common_stock,,,2010-01-01,false,false,false,false,false,false,clean,false
032540,TJ미디어,KOSDAQ,common_stock,,,2010-01-01,false,false,false,false,false,false,clean,false
048770,TPC로보틱스,KOSDAQ,common_stock,,,2010-01-01,false,false,false,false,false,false,clean,false
246690,TS인베스트먼트,KOSDAQ,common_stock,,,2010-01-01,false,false,false,false,false,false,clean,false
317240,TS트릴리온,KOSDAQ,common_stock,,,2010-01-01,false,false,false,false,false,false,clean,false
057030,YBM넷,KOSDAQ,common_stock,,,2010-01-01,false,false,false,false,false,false,clean,false
040300,YTN,KOSDAQ,common_stock,,,2010-01-01,false,false,false,false,false,false,clean,false
051390,YW,KOSDAQ,common_stock,,,2010-01-01,false,false,false,false,false,false,clean,false
052220,iMBC,KOSDAQ,common_stock,,,2010-01-01,false,false,false,false,false,false,clean,false
079940,가비아,KOSDAQ,common_stock,,,2010-01-01,false,false,false,false,false,false,clean,false
078890,가온그룹,KOSDAQ,common_stock,,,2010-01-01,false,false,false,false,false,false,clean,false
399720,가온칩스,KOSDAQ,common_stock,,,2010-01-01,false,false,false,false,false,false,clean,false
036620,감성코퍼레이션,KOSDAQ,common_stock,,,2010-01-01,false,false,false,false,false,false,clean,false
198440,강동씨앤엘,KOSDAQ,common_stock,,,2010-01-01,false,false,false,false,false,false,clean,false
217730,강스템바이오텍,KOSDAQ,common_stock,,,2010-01-01,false,false,false,false,false,false,clean,false
114190,강원에너지,KOSDAQ,common_stock,,,2010-01-01,false,false,false,false,false,false,clean,false
094480,갤럭시아머니트리,KOSDAQ,common_stock,,,2010-01-01,false,false,false,false,false,false,clean,false
039240,경남스틸,KOSDAQ,common_stock,,,2010-01-01,false,false,false,false,false,false,clean,false
053950,경남제약,KOSDAQ,common_stock,,,2010-01-01,false,false,false,false,false,false,clean,false
011040,경동제약,KOSDAQ,common_stock,,,2010-01-01,false,false,false,false,false,false,clean,false
024910,경창산업,KOSDAQ,common_stock,,,2010-01-01,false,false,false,false,false,false,clean,false
049720,고려신용정보,KOSDAQ,common_stock,,,2010-01-01,false,false,false,false,false,false,clean,false
014570,고려제약,KOSDAQ,common_stock,,,2010-01-01,false,false,false,false,false,false,clean,false
348150,고바이오랩,KOSDAQ,common_stock,,,2010-01-01,false,false,false,false,false,false,clean,false
950190,고스트스튜디오,KOSDAQ,common_stock,,,2010-01-01,false,false,false,false,false,false,clean,false
098460,고영,KOSDAQ,common_stock,,,2010-01-01,false,false,false,false,false,false,clean,false
035290,골드앤에스,KOSDAQ,common_stock,,,2010-01-01,false,false,false,false,false,false,clean,false
215000,골프존,KOSDAQ,common_stock,,,2010-01-01,false,false,false,false,false,false,clean,false
121440,골프존홀딩스,KOSDAQ,common_stock,,,2010-01-01,false,false,false,false,false,false,clean,false
029480,광무,KOSDAQ,common_stock,,,2010-01-01,false,false,false,false,false,false,clean,false
026910,광진실업,KOSDAQ,common_stock,,,2010-01-01,false,false,false,false,false,false,clean,false
465320,교보15호스팩,KOSDAQ,spac,,,2010-01-01,false,false,false,true,false,false,clean,false
482520,교보16호스팩,KOSDAQ,spac,,,2010-01-01,false,false,false,true,false,false,clean,false
489210,교보17호스팩,KOSDAQ,spac,,,2010-01-01,false,false,false,true,false,false,clean,false
0041B0,교보18호스팩,KOSDAQ,spac,,,2010-01-01,false,false,false,true,false,false,clean,false
0098T0,교보19호스팩,KOSDAQ,spac,,,2010-01-01,false,false,false,true,false,false,clean,false
0132G0,교보20호스팩,KOSDAQ,spac,,,2010-01-01,false,false,false,true,false,false,clean,false
053270,구영테크,KOSDAQ,common_stock,,,2010-01-01,false,false,false,false,false,false,clean,false
066620,국보디자인,KOSDAQ,common_stock,,,2010-01-01,false,false,false,false,false,false,clean,false
043650,국순당,KOSDAQ,common_stock,,,2010-01-01,false,false,false,false,false,false,clean,false
006050,국영지앤엠,KOSDAQ,common_stock,,,2010-01-01,false,false,false,false,false,false,clean,false
060480,국일신동,KOSDAQ,common_stock,,,2010-01-01,false,false,false,false,false,false,clean,false
078130,국일제지,KOSDAQ,common_stock,,,2010-01-01,false,false,false,false,false,false,clean,false
307750,국전,KOSDAQ,common_stock,,,2010-01-01,false,false,false,false,false,false,clean,false
035080,그래디언트,KOSDAQ,common_stock,,,2010-01-01,false,false,false,false,false,false,clean,false
318060,그래피,KOSDAQ,common_stock,,,2010-01-01,false,false,false,false,false,false,clean,false
453450,그리드위즈,KOSDAQ,common_stock,,,2010-01-01,false,false,false,false,false,false,clean,false
204020,그리티,KOSDAQ,common_stock,,,2010-01-01,false,false,false,false,false,false,clean,false
0015G0,그린광학,KOSDAQ,common_stock,,,2010-01-01,false,false,false,false,false,false,clean,false
402490,그린리소스,KOSDAQ,common_stock,,,2010-01-01,false,false,false,false,false,false,clean,false
114450,그린생명과학,KOSDAQ,common_stock,,,2010-01-01,false,false,false,false,false,false,clean,false
186230,그린플러스,KOSDAQ,common_stock,,,2010-01-01,false,false,false,false,false,false,clean,false
900070,글로벌에스엠,KOSDAQ,common_stock,,,2010-01-01,false,false,false,false,false,false,clean,false
204620,글로벌텍스프리,KOSDAQ,common_stock,,,2010-01-01,false,false,false,false,false,false,clean,false
019660,글로본,KOSDAQ,common_stock,,,2010-01-01,false,false,false,false,false,false,clean,false
053260,금강철강,KOSDAQ,common_stock,,,2010-01-01,false,false,false,false,false,false,clean,false
282720,금양그린파워,KOSDAQ,common_stock,,,2010-01-01,false,false,false,false,false,false,clean,false
036190,금화피에스시,KOSDAQ,common_stock,,,2010-01-01,false,false,false,false,false,false,clean,false
049080,기가레인,KOSDAQ,common_stock,,,2010-01-01,false,false,false,false,false,false,clean,false
420770,기가비스,KOSDAQ,common_stock,,,2010-01-01,false,false,false,false,false,false,clean,false
035460,기산텔레콤,KOSDAQ,common_stock,,,2010-01-01,false,false,false,false,false,false,clean,false
407400,꿈비,KOSDAQ,common_stock,,,2010-01-01,false,false,false,false,false,false,clean,false
187790,나노,KOSDAQ,common_stock,,,2010-01-01,false,false,false,false,false,false,clean,false
121600,나노신소재,KOSDAQ,common_stock,,,2010-01-01,false,false,false,false,false,false,clean,false
286750,나노실리칸첨단소재,KOSDAQ,common_stock,,,2010-01-01,false,false,false,false,false,false,clean,false
247660,나노씨엠에스,KOSDAQ,common_stock,,,2010-01-01,false,false,false,false,false,false,clean,false
039860,나노엔텍,KOSDAQ,common_stock,,,2010-01-01,false,false,false,false,false,false,clean,false
417010,나노팀,KOSDAQ,common_stock,,,2010-01-01,false,false,false,false,false,false,clean,false
405920,나라셀라,KOSDAQ,common_stock,,,2010-01-01,false,false,false,false,false,false,clean,false
478340,나라스페이스테크놀로지,KOSDAQ,common_stock,,,2010-01-01,false,false,false,false,false,false,clean,false
051490,나라엠앤디,KOSDAQ,common_stock,,,2010-01-01,false,false,false,false,false,false,clean,false
137080,나래나노텍,KOSDAQ,common_stock,,,2010-01-01,false,false,false,false,false,false,clean,false
190510,나무가,KOSDAQ,common_stock,,,2010-01-01,false,false,false,false,false,false,clean,false
242040,나무기술,KOSDAQ,common_stock,,,2010-01-01,false,false,false,false,false,false,clean,false
293580,나우IB,KOSDAQ,common_stock,,,2010-01-01,false,false,false,false,false,false,clean,false
459510,나우로보틱스,KOSDAQ,common_stock,,,2010-01-01,false,false,false,false,false,false,clean,false
138610,나이벡,KOSDAQ,common_stock,,,2010-01-01,false,false,false,false,false,false,clean,false
130580,나이스디앤비,KOSDAQ,common_stock,,,2010-01-01,false,false,false,false,false,false,clean,false
036800,나이스정보통신,KOSDAQ,common_stock,,,2010-01-01,false,false,false,false,false,false,clean,false
366030,나인앤컴퍼니,KOSDAQ,common_stock,,,2010-01-01,false,false,false,false,false,false,clean,false
267320,나인테크,KOSDAQ,common_stock,,,2010-01-01,false,false,false,false,false,false,clean,false
111710,남화산업,KOSDAQ,common_stock,,,2010-01-01,false,false,false,false,false,false,clean,false
091590,남화토건,KOSDAQ,common_stock,,,2010-01-01,false,false,false,false,false,false,clean,false
168330,내츄럴엔도텍,KOSDAQ,common_stock,,,2010-01-01,false,false,false,false,false,false,clean,false
094860,네오리진,KOSDAQ,common_stock,,,2010-01-01,false,false,false,false,false,false,clean,false
0218L0,네오뷰,KOSDAQ,common_stock,,,2010-01-01,false,false,false,false,false,false,clean,false
253590,네오셈,KOSDAQ,common_stock,,,2010-01-01,false,false,false,false,false,false,clean,false
212560,네오오토,KOSDAQ,common_stock,,,2010-01-01,false,false,false,false,false,false,clean,false
095660,네오위즈,KOSDAQ,common_stock,,,2010-01-01,false,false,false,false,false,false,clean,false
042420,네오위즈홀딩스,KOSDAQ,common_stock,,,2010-01-01,false,false,false,false,false,false,clean,false
950220,네오이뮨텍,KOSDAQ,common_stock,,,2010-01-01,false,false,false,false,false,false,clean,false
311390,네오크레마,KOSDAQ,common_stock,,,2010-01-01,false,false,false,false,false,false,clean,false
085910,네오티스,KOSDAQ,common_stock,,,2010-01-01,false,false,false,false,false,false,clean,false
092730,네오팜,KOSDAQ,common_stock,,,2010-01-01,false,false,false,false,false,false,clean,false
153460,네이블,KOSDAQ,common_stock,,,2010-01-01,false,false,false,false,false,false,clean,false
007390,네이처셀,KOSDAQ,common_stock,,,2010-01-01,false,false,false,false,false,false,clean,false
033640,네패스,KOSDAQ,common_stock,,,2010-01-01,false,false,false,false,false,false,clean,false
330860,네패스아크,KOSDAQ,common_stock,,,2010-01-01,false,false,false,false,false,false,clean,false
351320,넥사다이내믹스,KOSDAQ,common_stock,,,2010-01-01,false,false,false,false,false,false,clean,false
089140,넥스턴앤롤코리아,KOSDAQ,common_stock,,,2010-01-01,false,false,false,false,false,false,clean,false
389650,넥스트바이오메디컬,KOSDAQ,common_stock,,,2010-01-01,false,false,false,false,false,false,clean,false
137940,넥스트아이,KOSDAQ,common_stock,,,2010-01-01,false,false,false,false,false,false,clean,false
396270,넥스트칩,KOSDAQ,common_stock,,,2010-01-01,false,false,false,false,false,false,clean,false
348210,넥스틴,KOSDAQ,common_stock,,,2010-01-01,false,false,false,false,false,false,clean,false
225570,넥슨게임즈,KOSDAQ,common_stock,,,2010-01-01,false,false,false,false,false,false,clean,false
205500,넥써쓰,KOSDAQ,common_stock,,,2010-01-01,false,false,false,false,false,false,clean,false
217270,넵튠,KOSDAQ,common_stock,,,2010-01-01,false,false,false,false,false,false,clean,false
104620,노랑풍선,KOSDAQ,common_stock,,,2010-01-01,false,false,false,false,false,false,clean,false
473980,노머스,KOSDAQ,common_stock,,,2010-01-01,false,false,false,false,false,false,clean,false
194700,노바렉스,KOSDAQ,common_stock,,,2010-01-01,false,false,false,false,false,false,clean,false
285490,노바텍,KOSDAQ,common_stock,,,2010-01-01,false,false,false,false,false,false,clean,false
145170,노브랜드,KOSDAQ,common_stock,,,2010-01-01,false,false,false,false,false,false,clean,false
376930,노을,KOSDAQ,common_stock,,,2010-01-01,false,false,false,false,false,false,clean,false
486990,노타,KOSDAQ,common_stock,,,2010-01-01,false,false,false,false,false,false,clean,false
142280,녹십자엠에스,KOSDAQ,common_stock,,,2010-01-01,false,false,false,false,false,false,clean,false
234690,녹십자웰빙,KOSDAQ,common_stock,,,2010-01-01,false,false,false,false,false,false,clean,false
069140,누리플랜,KOSDAQ,common_stock,,,2010-01-01,false,false,false,false,false,false,clean,false
040160,누리플렉스,KOSDAQ,common_stock,,,2010-01-01,false,false,false,false,false,false,clean,false
332290,누보,KOSDAQ,common_stock,,,2010-01-01,false,false,false,false,false,false,clean,false
348340,뉴로메카,KOSDAQ,common_stock,,,2010-01-01,false,false,false,false,false,false,clean,false
380550,뉴로핏,KOSDAQ,common_stock,,,2010-01-01,false,false,false,false,false,false,clean,false
060260,뉴보텍,KOSDAQ,common_stock,,,2010-01-01,false,false,false,false,false,false,clean,false
463020,뉴엔AI,KOSDAQ,common_stock,,,2010-01-01,false,false,false,false,false,false,clean,false
123840,뉴온,KOSDAQ,common_stock,,,2010-01-01,false,false,false,false,false,false,clean,false
012340,뉴인텍,KOSDAQ,common_stock,,,2010-01-01,false,false,false,false,false,false,clean,false
462310,뉴키즈온,KOSDAQ,common_stock,,,2010-01-01,false,false,false,false,false,false,clean,false
270870,뉴트리,KOSDAQ,common_stock,,,2010-01-01,false,false,false,false,false,false,clean,false
144960,뉴파워프라즈마,KOSDAQ,common_stock,,,2010-01-01,false,false,false,false,false,false,clean,false
085670,뉴프렉스,KOSDAQ,common_stock,,,2010-01-01,false,false,false,false,false,false,clean,false
064260,다날,KOSDAQ,common_stock,,,2010-01-01,false,false,false,false,false,false,clean,false
340360,다보링크,KOSDAQ,common_stock,,,2010-01-01,false,false,false,false,false,false,clean,false
039560,다산네트웍스,KOSDAQ,common_stock,,,2010-01-01,false,false,false,false,false,false,clean,false
208860,다산디엠씨,KOSDAQ,common_stock,,,2010-01-01,false,false,false,false,false,false,clean,false
154040,다산솔루에타,KOSDAQ,common_stock,,,2010-01-01,false,false,false,false,false,false,clean,false
032190,다우데이타,KOSDAQ,common_stock,,,2010-01-01,false,false,false,false,false,false,clean,false
323350,다원넥스뷰,KOSDAQ,common_stock,,,2010-01-01,false,false,false,false,false,false,clean,false
068240,다원시스,KOSDAQ,common_stock,,,2010-01-01,false,false,false,false,false,false,clean,false
290660,다이나믹솔루션,KOSDAQ,common_stock,,,2010-01-01,false,false,false,false,false,false,clean,false
464580,닷밀,KOSDAQ,common_stock,,,2010-01-01,false,false,false,false,false,false,clean,false
020400,대동금속,KOSDAQ,common_stock,,,2010-01-01,false,false,false,false,false,false,clean,false
008830,대동기어,KOSDAQ,common_stock,,,2010-01-01,false,false,false,false,false,false,clean,false
048470,대동스틸,KOSDAQ,common_stock,,,2010-01-01,false,false,false,false,false,false,clean,false
004780,대륙제관,KOSDAQ,common_stock,,,2010-01-01,false,false,false,false,false,false,clean,false
017650,대림제지,KOSDAQ,common_stock,,,2010-01-01,false,false,false,false,false,false,clean,false
389260,대명에너지,KOSDAQ,common_stock,,,2010-01-01,false,false,false,false,false,false,clean,false
317850,대모,KOSDAQ,common_stock,,,2010-01-01,false,false,false,false,false,false,clean,false
290670,대보마그네틱,KOSDAQ,common_stock,,,2010-01-01,false,false,false,false,false,false,clean,false
078140,대봉엘에스,KOSDAQ,common_stock,,,2010-01-01,false,false,false,false,false,false,clean,false
065150,대산F&B,KOSDAQ,common_stock,,,2010-01-01,false,false,false,false,false,false,clean,false
036480,대성미생물,KOSDAQ,common_stock,,,2010-01-01,false,false,false,false,false,false,clean,false
027830,대성창투,KOSDAQ,common_stock,,,2010-01-01,false,false,false,false,false,false,clean,false
129920,대성하이텍,KOSDAQ,common_stock,,,2010-01-01,false,false,false,false,false,false,clean,false
471050,대신밸런스제17호스팩,KOSDAQ,spac,,,2010-01-01,false,false,false,true,false,false,clean,false
482690,대신밸런스제19호스팩,KOSDAQ,spac,,,2010-01-01,false,false,false,true,false,false,clean,false
0134X0,대신밸런스제20호스팩,KOSDAQ,spac,,,2010-01-01,false,false,false,true,false,false,clean,false
020180,대신정보통신,KOSDAQ,common_stock,,,2010-01-01,false,false,false,false,false,false,clean,false
045390,대아티아이,KOSDAQ,common_stock,,,2010-01-01,false,false,false,false,false,false,clean,false
108380,대양전기공업,KOSDAQ,common_stock,,,2010-01-01,false,false,false,false,false,false,clean,false
007680,대원,KOSDAQ,common_stock,,,2010-01-01,false,false,false,false,false,false,clean,false
048910,대원미디어,KOSDAQ,common_stock,,,2010-01-01,false,false,false,false,false,false,clean,false
005710,대원산업,KOSDAQ,common_stock,,,2010-01-01,false,false,false,false,false,false,clean,false
120240,대정화금,KOSDAQ,common_stock,,,2010-01-01,false,false,false,false,false,false,clean,false
003310,대주산업,KOSDAQ,common_stock,,,2010-01-01,false,false,false,false,false,false,clean,false
078600,대주전자재료,KOSDAQ,common_stock,,,2010-01-01,false,false,false,false,false,false,clean,false
393970,대진첨단소재,KOSDAQ,common_stock,,,2010-01-01,false,false,false,false,false,false,clean,false
096350,대창솔루션,KOSDAQ,common_stock,,,2010-01-01,false,false,false,false,false,false,clean,false
140520,대창스틸,KOSDAQ,common_stock,,,2010-01-01,false,false,false,false,false,false,clean,false
131220,대한과학,KOSDAQ,common_stock,,,2010-01-01,false,false,false,false,false,false,clean,false
010170,대한광통신,KOSDAQ,common_stock,,,2010-01-01,false,false,false,false,false,false,clean,false
054670,대한뉴팜,KOSDAQ,common_stock,,,2010-01-01,false,false,false,false,false,false,clean,false
023910,대한약품,KOSDAQ,common_stock,,,2010-01-01,false,false,false,false,false,false,clean,false
021040,대호특수강,KOSDAQ,common_stock,,,2010-01-01,false,false,false,false,false,false,clean,false
021045,대호특수강우,KOSDAQ,preferred_stock,,,2010-01-01,true,false,false,false,false,false,clean,false
067080,대화제약,KOSDAQ,common_stock,,,2010-01-01,false,false,false,false,false,false,clean,false
298540,더네이쳐홀딩스,KOSDAQ,common_stock,,,2010-01-01,false,false,false,false,false,false,clean,false
032860,더라미,KOSDAQ,common_stock,,,2010-01-01,false,false,false,false,false,false,clean,false
393890,더블유씨피,KOSDAQ,common_stock,,,2010-01-01,false,false,false,false,false,false,clean,false
299170,더블유에스아이,KOSDAQ,common_stock,,,2010-01-01,false,false,false,false,false,false,clean,false
462860,더즌,KOSDAQ,common_stock,,,2010-01-01,false,false,false,false,false,false,clean,false
224060,더코디,KOSDAQ,common_stock,,,2010-01-01,false,false,false,false,false,false,clean,false
043090,더테크놀로지,KOSDAQ,common_stock,,,2010-01-01,false,false,false,false,false,false,clean,false
403850,더핑크퐁컴퍼니,KOSDAQ,common_stock,,,2010-01-01,false,false,false,false,false,false,clean,false
213420,덕산네오룩스,KOSDAQ,common_stock,,,2010-01-01,false,false,false,false,false,false,clean,false
317330,덕산테코피아,KOSDAQ,common_stock,,,2010-01-01,false,false,false,false,false,false,clean,false
077360,덕산하이메탈,KOSDAQ,common_stock,,,2010-01-01,false,false,false,false,false,false,clean,false
090410,덕신이피씨,KOSDAQ,common_stock,,,2010-01-01,false,false,false,false,false,false,clean,false
0001A0,덕양에너젠,KOSDAQ,common_stock,,,2010-01-01,false,false,false,false,false,false,clean,false
263600,덕우전자,KOSDAQ,common_stock,,,2010-01-01,false,false,false,false,false,false,clean,false
194480,데브시스터즈,KOSDAQ,common_stock,,,2010-01-01,false,false,false,false,false,false,clean,false
373160,데이원컴퍼니,KOSDAQ,common_stock,,,2010-01-01,false,false,false,false,false,false,clean,false
263800,데이타솔루션,KOSDAQ,common_stock,,,2010-01-01,false,false,false,false,false,false,clean,false
206560,덱스터,KOSDAQ,common_stock,,,2010-01-01,false,false,false,false,false,false,clean,false
261200,덴티스,KOSDAQ,common_stock,,,2010-01-01,false,false,false,false,false,false,clean,false
484120,도우인시스,KOSDAQ,common_stock,,,2010-01-01,false,false,false,false,false,false,clean,false
067990,도이치모터스,KOSDAQ,common_stock,,,2010-01-01,false,false,false,false,false,false,clean,false
006620,동구바이오제약,KOSDAQ,common_stock,,,2010-01-01,false,false,false,false,false,false,clean,false
100130,동국S&C,KOSDAQ,common_stock,,,2010-01-01,false,false,false,false,false,false,clean,false
005160,동국산업,KOSDAQ,common_stock,,,2010-01-01,false,false,false,false,false,false,clean,false
303810,동국생명과학,KOSDAQ,common_stock,,,2010-01-01,false,false,false,false,false,false,clean,false
075970,동국알앤에스,KOSDAQ,common_stock,,,2010-01-01,false,false,false,false,false,false,clean,false
086450,동국제약,KOSDAQ,common_stock,,,2010-01-01,false,false,false,false,false,false,clean,false
240550,동방메디컬,KOSDAQ,common_stock,,,2010-01-01,false,false,false,false,false,false,clean,false
099410,동방선기,KOSDAQ,common_stock,,,2010-01-01,false,false,false,false,false,false,clean,false
033500,동성화인텍,KOSDAQ,common_stock,,,2010-01-01,false,false,false,false,false,false,clean,false
025950,동신건설,KOSDAQ,common_stock,,,2010-01-01,false,false,false,false,false,false,clean,false
088130,동아엘텍,KOSDAQ,common_stock,,,2010-01-01,false,false,false,false,false,false,clean,false
060380,동양에스텍,KOSDAQ,common_stock,,,2010-01-01,false,false,false,false,false,false,clean,false
079960,동양이엔피,KOSDAQ,common_stock,,,2010-01-01,false,false,false,false,false,false,clean,false
228340,동양파일,KOSDAQ,common_stock,,,2010-01-01,false,false,false,false,false,false,clean,false
088910,동우팜투테이블,KOSDAQ,common_stock,,,2010-01-01,false,false,false,false,false,false,clean,false
094170,동운아나텍,KOSDAQ,common_stock,,,2010-01-01,false,false,false,false,false,false,clean,false
013120,동원개발,KOSDAQ,common_stock,,,2010-01-01,false,false,false,false,false,false,clean,false
109860,동일금속,KOSDAQ,common_stock,,,2010-01-01,false,false,false,false,false,false,clean,false
032960,동일기연,KOSDAQ,common_stock,,,2010-01-01,false,false,false,false,false,false,clean,false
023790,동일스틸럭스,KOSDAQ,common_stock,,,2010-01-01,false,false,false,false,false,false,clean,false
005290,동진쎄미켐,KOSDAQ,common_stock,,,2010-01-01,false,false,false,false,false,false,clean,false
025900,동화기업,KOSDAQ,common_stock,,,2010-01-01,false,false,false,false,false,false,clean,false
131970,두산테스나,KOSDAQ,common_stock,,,2010-01-01,false,false,false,false,false,false,clean,false
073190,듀오백,KOSDAQ,common_stock,,,2010-01-01,false,false,false,false,false,false,clean,false
176750,듀켐바이오,KOSDAQ,common_stock,,,2010-01-01,false,false,false,false,false,false,clean,false
030350,드래곤플라이,KOSDAQ,common_stock,,,2010-01-01,false,false,false,false,false,false,clean,false
203650,드림시큐리티,KOSDAQ,common_stock,,,2010-01-01,false,false,false,false,false,false,clean,false
223250,드림씨아이에스,KOSDAQ,common_stock,,,2010-01-01,false,false,false,false,false,false,clean,false
060570,드림어스컴퍼니,KOSDAQ,common_stock,,,2010-01-01,false,false,false,false,false,false,clean,false
362990,드림인사이트,KOSDAQ,common_stock,,,2010-01-01,false,false,false,false,false,false,clean,false
016670,디모아,KOSDAQ,common_stock,,,2010-01-01,false,false,false,false,false,false,clean,false
187870,디바이스,KOSDAQ,common_stock,,,2010-01-01,false,false,false,false,false,false,clean,false
489730,디비금융제13호스팩,KOSDAQ,spac,,,2010-01-01,false,false,false,true,false,false,clean,false
0004Y0,디비금융제14호스팩,KOSDAQ,spac,,,2010-01-01,false,false,false,true,false,false,clean,false
110990,디아이티,KOSDAQ,common_stock,,,2010-01-01,false,false,false,false,false,false,clean,false
263690,디알젬,KOSDAQ,common_stock,,,2010-01-01,false,false,false,false,false,false,clean,false
214680,디알텍,KOSDAQ,common_stock,,,2010-01-01,false,false,false,false,false,false,clean,false
347850,디앤디파마텍,KOSDAQ,common_stock,,,2010-01-01,false,false,false,false,false,false,clean,false
263720,디앤씨미디어,KOSDAQ,common_stock,,,2010-01-01,false,false,false,false,false,false,clean,false
376300,디어유,KOSDAQ,common_stock,,,2010-01-01,false,false,false,false,false,false,clean,false
104040,디에스엠,KOSDAQ,common_stock,,,2010-01-01,false,false,false,false,false,false,clean,false
109740,디에스케이,KOSDAQ,common_stock,,,2010-01-01,false,false,false,false,false,false,clean,false
031860,디에이치엑스컴퍼니,KOSDAQ,common_stock,,,2010-01-01,false,false,false,false,false,false,clean,false
196490,디에이테크놀로지,KOSDAQ,common_stock,,,2010-01-01,false,false,false,false,false,false,clean,false
066900,디에이피,KOSDAQ,common_stock,,,2010-01-01,false,false,false,false,false,false,clean,false
092070,디엔에프,KOSDAQ,common_stock,,,2010-01-01,false,false,false,false,false,false,clean,false
039840,디오,KOSDAQ,common_stock,,,2010-01-01,false,false,false,false,false,false,clean,false
219550,디와이디,KOSDAQ,common_stock,,,2010-01-01,false,false,false,false,false,false,clean,false
310870,디와이씨,KOSDAQ,common_stock,,,2010-01-01,false,false,false,false,false,false,clean,false
104460,디와이피엔에프,KOSDAQ,common_stock,,,2010-01-01,false,false,false,false,false,false,clean,false
113810,디젠스,KOSDAQ,common_stock,,,2010-01-01,false,false,false,false,false,false,clean,false
043360,디지아이,KOSDAQ,common_stock,,,2010-01-01,false,false,false,false,false,false,clean,false
197140,디지캡,KOSDAQ,common_stock,,,2010-01-01,false,false,false,false,false,false,clean,false
068930,디지털대성,KOSDAQ,common_stock,,,2010-01-01,false,false,false,false,false,false,clean,false
033130,디지틀조선,KOSDAQ,common_stock,,,2010-01-01,false,false,false,false,false,false,clean,false
105740,디케이락,KOSDAQ,common_stock,,,2010-01-01,false,false,false,false,false,false,clean,false
263020,디케이앤디,KOSDAQ,common_stock,,,2010-01-01,false,false,false,false,false,false,clean,false
290550,디케이티,KOSDAQ,common_stock,,,2010-01-01,false,false,false,false,false,false,clean,false
066670,디티씨,KOSDAQ,common_stock,,,2010-01-01,false,false,false,false,false,false,clean,false
187220,디티앤씨,KOSDAQ,common_stock,,,2010-01-01,false,false,false,false,false,false,clean,false
383930,디티앤씨알오,KOSDAQ,common_stock,,,2010-01-01,false,false,false,false,false,false,clean,false
131180,딜리,KOSDAQ,common_stock,,,2010-01-01,false,false,false,false,false,false,clean,false
315640,딥노이드,KOSDAQ,common_stock,,,2010-01-01,false,false,false,false,false,false,clean,false
900110,딥커머스,KOSDAQ,common_stock,,,2010-01-01,false,false,false,false,false,false,clean,false
317120,라닉스,KOSDAQ,common_stock,,,2010-01-01,false,false,false,false,false,false,clean,false
462510,라메디텍,KOSDAQ,common_stock,,,2010-01-01,false,false,false,false,false,false,clean,false
232680,라온로보틱스,KOSDAQ,common_stock,,,2010-01-01,false,false,false,false,false,false,clean,false
042510,라온시큐어,KOSDAQ,common_stock,,,2010-01-01,false,false,false,false,false,false,clean,false
418420,라온텍,KOSDAQ,common_stock,,,2010-01-01,false,false,false,false,false,false,clean,false
300120,라온피플,KOSDAQ,common_stock,,,2010-01-01,false,false,false,false,false,false,clean,false
171120,라이온켐텍,KOSDAQ,common_stock,,,2010-01-01,false,false,false,false,false,false,clean,false
388790,라이콤,KOSDAQ,common_stock,,,2010-01-01,false,false,false,false,false,false,clean,false
214260,라파스,KOSDAQ,common_stock,,,2010-01-01,false,false,false,false,false,false,clean,false
171010,램테크놀러지,KOSDAQ,common_stock,,,2010-01-01,false,false,false,false,false,false,clean,false
084650,랩지노믹스,KOSDAQ,common_stock,,,2010-01-01,false,false,false,false,false,false,clean,false
217500,러셀,KOSDAQ,common_stock,,,2010-01-01,false,false,false,false,false,false,clean,false
038390,레드캡투어,KOSDAQ,common_stock,,,2010-01-01,false,false,false,false,false,false,clean,false
387690,레메디,KOSDAQ,common_stock,,,2010-01-01,false,false,false,false,false,false,clean,false
294140,레몬,KOSDAQ,common_stock,,,2010-01-01,false,false,false,false,false,false,clean,false
365660,레몬헬스케어,KOSDAQ,common_stock,,,2010-01-01,false,false,false,false,false,false,clean,false
443250,레뷰코퍼레이션,KOSDAQ,common_stock,,,2010-01-01,false,false,false,false,false,false,clean,false
228670,레이,KOSDAQ,common_stock,,,2010-01-01,false,false,false,false,false,false,clean,false
228850,레이언스,KOSDAQ,common_stock,,,2010-01-01,false,false,false,false,false,false,clean,false
412350,레이저쎌,KOSDAQ,common_stock,,,2010-01-01,false,false,false,false,false,false,clean,false
199550,레이저옵텍,KOSDAQ,common_stock,,,2010-01-01,false,false,false,false,false,false,clean,false
281740,레이크머티리얼즈,KOSDAQ,common_stock,,,2010-01-01,false,false,false,false,false,false,clean,false
277810,레인보우로보틱스,KOSDAQ,common_stock,,,2010-01-01,false,false,false,false,false,false,clean,false
215100,로보로보,KOSDAQ,common_stock,,,2010-01-01,false,false,false,false,false,false,clean,false
090360,로보스타,KOSDAQ,common_stock,,,2010-01-01,false,false,false,false,false,false,clean,false
108490,로보티즈,KOSDAQ,common_stock,,,2010-01-01,false,false,false,false,false,false,clean,false
900260,로스웰,KOSDAQ,common_stock,,,2010-01-01,false,false,false,false,false,false,clean,false
033290,로젠,KOSDAQ,common_stock,,,2010-01-01,false,false,false,false,false,false,clean,false
067730,로지시스,KOSDAQ,common_stock,,,2010-01-01,false,false,false,false,false,false,clean,false
071280,로체시스템즈,KOSDAQ,common_stock,,,2010-01-01,false,false,false,false,false,false,clean,false
376900,로킷헬스케어,KOSDAQ,common_stock,,,2010-01-01,false,false,false,false,false,false,clean,false
214610,롤링스톤,KOSDAQ,common_stock,,,2010-01-01,false,false,false,false,false,false,clean,false
328130,루닛,KOSDAQ,common_stock,,,2010-01-01,false,false,false,false,false,false,clean,false
038060,루멘스,KOSDAQ,common_stock,,,2010-01-01,false,false,false,false,false,false,clean,false
474170,루미르,KOSDAQ,common_stock,,,2010-01-01,false,false,false,false,false,false,clean,false
195990,루트K,KOSDAQ,common_stock,,,2010-01-01,false,false,false,false,false,false,clean,false
141080,리가켐바이오,KOSDAQ,common_stock,,,2010-01-01,false,false,false,false,false,false,clean,false
058470,리노공업,KOSDAQ,common_stock,,,2010-01-01,false,false,false,false,false,false,clean,false
016100,리더스코스메틱,KOSDAQ,common_stock,,,2010-01-01,false,false,false,false,false,false,clean,false
012700,리드코프,KOSDAQ,common_stock,,,2010-01-01,false,false,false,false,false,false,clean,false
302550,리메드,KOSDAQ,common_stock,,,2010-01-01,false,false,false,false,false,false,clean,false
491000,리브스메드,KOSDAQ,common_stock,,,2010-01-01,false,false,false,false,false,false,clean,false
394420,리센스메디컬,KOSDAQ,common_stock,,,2010-01-01,false,false,false,false,false,false,clean,false
073570,리튬포어스,KOSDAQ,common_stock,,,2010-01-01,false,false,false,false,false,false,clean,false
377450,리파인,KOSDAQ,common_stock,,,2010-01-01,false,false,false,false,false,false,clean,false
277070,린드먼아시아,KOSDAQ,common_stock,,,2010-01-01,false,false,false,false,false,false,clean,false
042500,링네트,KOSDAQ,common_stock,,,2010-01-01,false,false,false,false,false,false,clean,false
193250,링크드,KOSDAQ,common_stock,,,2010-01-01,false,false,false,false,false,false,clean,false
474650,링크솔루션,KOSDAQ,common_stock,,,2010-01-01,false,false,false,false,false,false,clean,false
219420,링크제니시스,KOSDAQ,common_stock,,,2010-01-01,false,false,false,false,false,false,clean,false
439090,마녀공장,KOSDAQ,common_stock,,,2010-01-01,false,false,false,false,false,false,clean,false
195500,마니커에프앤지,KOSDAQ,common_stock,,,2010-01-01,false,false,false,false,false,false,clean,false
377480,마음AI,KOSDAQ,common_stock,,,2010-01-01,false,false,false,false,false,false,clean,false
305090,마이크로디지탈,KOSDAQ,common_stock,,,2010-01-01,false,false,false,false,false,false,clean,false
098120,마이크로컨텍솔,KOSDAQ,common_stock,,,2010-01-01,false,false,false,false,false,false,clean,false
424980,마이크로투나노,KOSDAQ,common_stock,,,2010-01-01,false,false,false,false,false,false,clean,false
038290,마크로젠,KOSDAQ,common_stock,,,2010-01-01,false,false,false,false,false,false,clean,false
477850,마키나락스,KOSDAQ,common_stock,,,2010-01-01,false,false,false,false,false,false,clean,false
0039P0,매드업,KOSDAQ,common_stock,,,2010-01-01,false,false,false,false,false,false,clean,false
267980,매일유업,KOSDAQ,common_stock,,,2010-01-01,false,false,false,false,false,false,clean,false
005990,매일홀딩스,KOSDAQ,common_stock,,,2010-01-01,false,false,false,false,false,false,clean,false
093520,매커스,KOSDAQ,common_stock,,,2010-01-01,false,false,false,false,false,false,clean,false
100590,머큐리,KOSDAQ,common_stock,,,2010-01-01,false,false,false,false,false,false,clean,false
067280,멀티캠퍼스,KOSDAQ,common_stock,,,2010-01-01,false,false,false,false,false,false,clean,false
072870,메가스터디,KOSDAQ,common_stock,,,2010-01-01,false,false,false,false,false,false,clean,false
215200,메가스터디교육,KOSDAQ,common_stock,,,2010-01-01,false,false,false,false,false,false,clean,false
133750,메가엠디,KOSDAQ,common_stock,,,2010-01-01,false,false,false,false,false,false,clean,false
446540,메가터치,KOSDAQ,common_stock,,,2010-01-01,false,false,false,false,false,false,clean,false
235980,메드팩토,KOSDAQ,common_stock,,,2010-01-01,false,false,false,false,false,false,clean,false
041920,메디아나,KOSDAQ,common_stock,,,2010-01-01,false,false,false,false,false,false,clean,false
014100,메디앙스,KOSDAQ,common_stock,,,2010-01-01,false,false,false,false,false,false,clean,false
054180,메디콕스,KOSDAQ,common_stock,,,2010-01-01,false,false,false,false,false,false,clean,false
086900,메디톡스,KOSDAQ,common_stock,,,2010-01-01,false,false,false,false,false,false,clean,false
078160,메디포스트,KOSDAQ,common_stock,,,2010-01-01,false,false,false,false,false,false,clean,false
0088D0,메리츠제1호스팩,KOSDAQ,reit,,,2010-01-01,false,false,true,true,false,false,clean,false
0165X0,메리츠제2호스팩,KOSDAQ,reit,,,2010-01-01,false,false,true,true,false,false,clean,false
408920,메쎄이상,KOSDAQ,common_stock,,,2010-01-01,false,false,false,false,false,false,clean,false
021880,메이슨캐피탈,KOSDAQ,common_stock,,,2010-01-01,false,false,false,false,false,false,clean,false
0088M0,메쥬,KOSDAQ,common_stock,,,2010-01-01,false,false,false,false,false,false,clean,false
140410,메지온,KOSDAQ,common_stock,,,2010-01-01,false,false,false,false,false,false,clean,false
241770,메카로,KOSDAQ,common_stock,,,2010-01-01,false,false,false,false,false,false,clean,false
059210,메타바이오메드,KOSDAQ,common_stock,,,2010-01-01,false,false,false,false,false,false,clean,false
058110,멕아이씨에스,KOSDAQ,common_stock,,,2010-01-01,false,false,false,false,false,false,clean,false
072770,멤레이비티,KOSDAQ,common_stock,,,2010-01-01,false,false,false,false,false,false,clean,false
434480,모니터랩,KOSDAQ,common_stock,,,2010-01-01,false,false,false,false,false,false,clean,false
080420,모다이노칩,KOSDAQ,common_stock,,,2010-01-01,false,false,false,false,false,false,clean,false
417970,모델솔루션,KOSDAQ,common_stock,,,2010-01-01,false,false,false,false,false,false,clean,false
080160,모두투어,KOSDAQ,common_stock,,,2010-01-01,false,false,false,false,false,false,clean,false
087260,모바일어플라이언스,KOSDAQ,common_stock,,,2010-01-01,false,false,false,false,false,false,clean,false
101330,모베이스,KOSDAQ,common_stock,,,2010-01-01,false,false,false,false,false,false,clean,false
012860,모베이스전자,KOSDAQ,common_stock,,,2010-01-01,false,false,false,false,false,false,clean,false
363260,모비데이즈,KOSDAQ,common_stock,,,2010-01-01,false,false,false,false,false,false,clean,false
348030,모비릭스,KOSDAQ,common_stock,,,2010-01-01,false,false,false,false,false,false,clean,false
250060,모비스,KOSDAQ,common_stock,,,2010-01-01,false,false,false,false,false,false,clean,false
288980,모아데이타,KOSDAQ,common_stock,,,2010-01-01,false,false,false,false,false,false,clean,false
142760,모아라이프플러스,KOSDAQ,common_stock,,,2010-01-01,false,false,false,false,false,false,clean,false
033200,모아텍,KOSDAQ,common_stock,,,2010-01-01,false,false,false,false,false,false,clean,false
118990,모트렉스,KOSDAQ,common_stock,,,2010-01-01,false,false,false,false,false,false,clean,false
463480,모티브링크,KOSDAQ,common_stock,,,2010-01-01,false,false,false,false,false,false,clean,false
006920,모헨즈,KOSDAQ,common_stock,,,2010-01-01,false,false,false,false,false,false,clean,false
001810,무림SP,KOSDAQ,common_stock,,,2010-01-01,false,false,false,false,false,false,clean,false
279600,미디어젠,KOSDAQ,common_stock,,,2010-01-01,false,false,false,false,false,false,clean,false
095500,미래나노텍,KOSDAQ,common_stock,,,2010-01-01,false,false,false,false,false,false,clean,false
254490,미래반도체,KOSDAQ,common_stock,,,2010-01-01,false,false,false,false,false,false,clean,false
218150,미래생명자원,KOSDAQ,common_stock,,,2010-01-01,false,false,false,false,false,false,clean,false
100790,미래에셋벤처투자,KOSDAQ,common_stock,,,2010-01-01,false,false,false,false,false,false,clean,false
0097F0,미래에셋비전스팩10호,KOSDAQ,spac,,,2010-01-01,false,false,false,true,false,false,clean,false
0099W0,미래에셋비전스팩11호,KOSDAQ,spac,,,2010-01-01,false,false,false,true,false,false,clean,false
477380,미래에셋비전스팩4호,KOSDAQ,spac,,,2010-01-01,false,false,false,true,false,false,clean,false
477470,미래에셋비전스팩5호,KOSDAQ,spac,,,2010-01-01,false,false,false,true,false,false,clean,false
478440,미래에셋비전스팩6호,KOSDAQ,spac,,,2010-01-01,false,false,false,true,false,false,clean,false
482680,미래에셋비전스팩7호,KOSDAQ,spac,,,2010-01-01,false,false,false,true,false,false,clean,false
0093G0,미래에셋비전스팩8호,KOSDAQ,spac,,,2010-01-01,false,false,false,true,false,false,clean,false
0096D0,미래에셋비전스팩9호,KOSDAQ,spac,,,2010-01-01,false,false,false,true,false,false,clean,false
049950,미래컴퍼니,KOSDAQ,common_stock,,,2010-01-01,false,false,false,false,false,false,clean,false
207760,미스터블루,KOSDAQ,common_stock,,,2010-01-01,false,false,false,false,false,false,clean,false
059090,미코,KOSDAQ,common_stock,,,2010-01-01,false,false,false,false,false,false,clean,false
201490,미투온,KOSDAQ,common_stock,,,2010-01-01,false,false,false,false,false,false,clean,false
475460,미트박스,KOSDAQ,common_stock,,,2010-01-01,false,false,false,false,false,false,clean,false
452200,민테크,KOSDAQ,common_stock,,,2010-01-01,false,false,false,false,false,false,clean,false
206640,바디텍메드,KOSDAQ,common_stock,,,2010-01-01,false,false,false,false,false,false,clean,false
035620,바른손이앤에이,KOSDAQ,common_stock,,,2010-01-01,false,false,false,false,false,false,clean,false
053030,바이넥스,KOSDAQ,common_stock,,,2010-01-01,false,false,false,false,false,false,clean,false
301300,바이브컴퍼니,KOSDAQ,common_stock,,,2010-01-01,false,false,false,false,false,false,clean,false
064550,바이오니아,KOSDAQ,common_stock,,,2010-01-01,false,false,false,false,false,false,clean,false
314930,바이오다인,KOSDAQ,common_stock,,,2010-01-01,false,false,false,false,false,false,clean,false
489460,바이오비쥬,KOSDAQ,common_stock,,,2010-01-01,false,false,false,false,false,false,clean,false
086820,바이오솔루션,KOSDAQ,common_stock,,,2010-01-01,false,false,false,false,false,false,clean,false
038460,바이오스마트,KOSDAQ,common_stock,,,2010-01-01,false,false,false,false,false,false,clean,false
251120,바이오에프디엔씨,KOSDAQ,common_stock,,,2010-01-01,false,false,false,false,false,false,clean,false
199730,바이오인프라,KOSDAQ,common_stock,,,2010-01-01,false,false,false,false,false,false,clean,false
086040,바이오톡스텍,KOSDAQ,common_stock,,,2010-01-01,false,false,false,false,false,false,clean,false
188040,바이오포트,KOSDAQ,common_stock,,,2010-01-01,false,false,false,false,false,false,clean,false
099430,바이오플러스,KOSDAQ,common_stock,,,2010-01-01,false,false,false,false,false,false,clean,false
308080,바이젠셀,KOSDAQ,common_stock,,,2010-01-01,false,false,false,false,false,false,clean,false
043150,바텍,KOSDAQ,common_stock,,,2010-01-01,false,false,false,false,false,false,clean,false
323990,박셀바이오,KOSDAQ,common_stock,,,2010-01-01,false,false,false,false,false,false,clean,false
267790,배럴,KOSDAQ,common_stock,,,2010-01-01,false,false,false,false,false,false,clean,false
046310,백금T&A,KOSDAQ,common_stock,,,2010-01-01,false,false,false,false,false,false,clean,false
331520,밸로프,KOSDAQ,common_stock,,,2010-01-01,false,false,false,false,false,false,clean,false
199480,뱅크웨어글로벌,KOSDAQ,common_stock,,,2010-01-01,false,false,false,false,false,false,clean,false
438700,버넥트,KOSDAQ,common_stock,,,2010-01-01,false,false,false,false,false,false,clean,false
066410,버킷스튜디오,KOSDAQ,common_stock,,,2010-01-01,false,false,false,false,false,false,clean,false
382900,범한퓨얼셀,KOSDAQ,common_stock,,,2010-01-01,false,false,false,false,false,false,clean,false
206400,베노티앤알,KOSDAQ,common_stock,,,2010-01-01,false,false,false,false,false,false,clean,false
019010,베뉴지,KOSDAQ,common_stock,,,2010-01-01,false,false,false,false,false,false,clean,false
177350,베셀,KOSDAQ,common_stock,,,2010-01-01,false,false,false,false,false,false,clean,false
457600,벡트,KOSDAQ,common_stock,,,2010-01-01,false,false,false,false,false,false,clean,false
424760,벨로크,KOSDAQ,common_stock,,,2010-01-01,false,false,false,false,false,false,clean,false
250000,보라티알,KOSDAQ,common_stock,,,2010-01-01,false,false,false,false,false,false,clean,false
310210,보로노이,KOSDAQ,common_stock,,,2010-01-01,false,false,false,false,false,false,clean,false
006910,보성파워텍,KOSDAQ,common_stock,,,2010-01-01,false,false,false,false,false,false,clean,false
0010F0,보원케미칼,KOSDAQ,common_stock,,,2010-01-01,false,false,false,false,false,false,clean,false
226340,본느,KOSDAQ,common_stock,,,2010-01-01,false,false,false,false,false,false,clean,false
014470,부방,KOSDAQ,common_stock,,,2010-01-01,false,false,false,false,false,false,clean,false
008470,부스타,KOSDAQ,common_stock,,,2010-01-01,false,false,false,false,false,false,clean,false
338220,뷰노,KOSDAQ,common_stock,,,2010-01-01,false,false,false,false,false,false,clean,false
100120,뷰웍스,KOSDAQ,common_stock,,,2010-01-01,false,false,false,false,false,false,clean,false
406820,뷰티스킨,KOSDAQ,common_stock,,,2010-01-01,false,false,false,false,false,false,clean,false
099390,브레인즈컴퍼니,KOSDAQ,common_stock,,,2010-01-01,false,false,false,false,false,false,clean,false
064480,브리지텍,KOSDAQ,common_stock,,,2010-01-01,false,false,false,false,false,false,clean,false
365900,브이씨,KOSDAQ,common_stock,,,2010-01-01,false,false,false,false,false,false,clean,false
089970,브이엠,KOSDAQ,common_stock,,,2010-01-01,false,false,false,false,false,false,clean,false
251630,브이원텍,KOSDAQ,common_stock,,,2010-01-01,false,false,false,false,false,false,clean,false
018290,브이티,KOSDAQ,common_stock,,,2010-01-01,false,false,false,false,false,false,clean,false
478560,블랙야크아이앤씨,KOSDAQ,common_stock,,,2010-01-01,false,false,false,false,false,false,clean,false
439580,블루엠텍,KOSDAQ,common_stock,,,2010-01-01,false,false,false,false,false,false,clean,false
033560,블루콤,KOSDAQ,common_stock,,,2010-01-01,false,false,false,false,false,false,clean,false
369370,블리츠웨이엔터테인먼트,KOSDAQ,reit,,,2010-01-01,false,false,true,false,false,false,clean,false
126340,비나텍,KOSDAQ,common_stock,,,2010-01-01,false,false,false,false,false,false,clean,false
121800,비덴트,KOSDAQ,common_stock,,,2010-01-01,false,false,false,false,false,false,clean,false
082800,비보존 제약,KOSDAQ,common_stock,,,2010-01-01,false,false,false,false,false,false,clean,false
318410,비비씨,KOSDAQ,common_stock,,,2010-01-01,false,false,false,false,false,false,clean,false
419540,비스토스,KOSDAQ,common_stock,,,2010-01-01,false,false,false,false,false,false,clean,false
146320,비씨엔씨,KOSDAQ,common_stock,,,2010-01-01,false,false,false,false,false,false,clean,false
200780,비씨월드제약,KOSDAQ,common_stock,,,2010-01-01,false,false,false,false,false,false,clean,false
413640,비아이매트릭스,KOSDAQ,common_stock,,,2010-01-01,false,false,false,false,false,false,clean,false
141000,비아트론,KOSDAQ,common_stock,,,2010-01-01,false,false,false,false,false,false,clean,false
083650,비에이치아이,KOSDAQ,common_stock,,,2010-01-01,false,false,false,false,false,false,clean,false
0068Y0,비엔케이제3호스팩,KOSDAQ,spac,,,2010-01-01,false,false,false,true,false,false,clean,false
065170,비엘팜텍,KOSDAQ,common_stock,,,2010-01-01,false,false,false,false,false,false,clean,false
086670,비엠티,KOSDAQ,common_stock,,,2010-01-01,false,false,false,false,false,false,clean,false
488900,비츠로넥스텍,KOSDAQ,common_stock,,,2010-01-01,false,false,false,false,false,false,clean,false
082920,비츠로셀,KOSDAQ,common_stock,,,2010-01-01,false,false,false,false,false,false,clean,false
054220,비츠로시스,KOSDAQ,common_stock,,,2010-01-01,false,false,false,false,false,false,clean,false
042370,비츠로테크,KOSDAQ,common_stock,,,2010-01-01,false,false,false,false,false,false,clean,false
050090,비케이홀딩스,KOSDAQ,common_stock,,,2010-01-01,false,false,false,false,false,false,clean,false
148780,비큐AI,KOSDAQ,common_stock,,,2010-01-01,false,false,false,false,false,false,clean,false
307870,비투엔,KOSDAQ,common_stock,,,2010-01-01,false,false,false,false,false,false,clean,false
377030,비트맥스,KOSDAQ,common_stock,,,2010-01-01,false,false,false,false,false,false,clean,false
032850,비트컴퓨터,KOSDAQ,common_stock,,,2010-01-01,false,false,false,false,false,false,clean,false
049470,비트플래닛,KOSDAQ,common_stock,,,2010-01-01,false,false,false,false,false,false,clean,false
238200,비피도,KOSDAQ,common_stock,,,2010-01-01,false,false,false,false,false,false,clean,false
093190,빅솔론,KOSDAQ,common_stock,,,2010-01-01,false,false,false,false,false,false,clean,false
065450,빅텍,KOSDAQ,common_stock,,,2010-01-01,false,false,false,false,false,false,clean,false
044480,빌리언스,KOSDAQ,common_stock,,,2010-01-01,false,false,false,false,false,false,clean,false
069540,빛과전자,KOSDAQ,common_stock,,,2010-01-01,false,false,false,false,false,false,clean,false
072950,빛샘전자,KOSDAQ,common_stock,,,2010-01-01,false,false,false,false,false,false,clean,false
451250,삐아,KOSDAQ,common_stock,,,2010-01-01,false,false,false,false,false,false,clean,false
143240,사람인,KOSDAQ,common_stock,,,2010-01-01,false,false,false,false,false,false,clean,false
466410,사이냅소프트,KOSDAQ,common_stock,,,2010-01-01,false,false,false,false,false,false,clean,false
223310,사토시홀딩스,KOSDAQ,common_stock,,,2010-01-01,false,false,false,false,false,false,clean,false
452430,사피엔반도체,KOSDAQ,common_stock,,,2010-01-01,false,false,false,false,false,false,clean,false
419120,산돌,KOSDAQ,common_stock,,,2010-01-01,false,false,false,false,false,false,clean,false
122350,삼기,KOSDAQ,common_stock,,,2010-01-01,false,false,false,false,false,false,clean,false
419050,삼기에너지솔루션즈,KOSDAQ,common_stock,,,2010-01-01,false,false,false,false,false,false,clean,false
014970,삼륭물산,KOSDAQ,common_stock,,,2010-01-01,false,false,false,false,false,false,clean,false
018310,삼목에스폼,KOSDAQ,common_stock,,,2010-01-01,false,false,false,false,false,false,clean,false
012210,삼미금속,KOSDAQ,common_stock,,,2010-01-01,false,false,false,false,false,false,clean,false
053700,삼보모터스,KOSDAQ,common_stock,,,2010-01-01,false,false,false,false,false,false,clean,false
009620,삼보산업,KOSDAQ,common_stock,,,2010-01-01,false,false,false,false,false,false,clean,false
023600,삼보판지,KOSDAQ,common_stock,,,2010-01-01,false,false,false,false,false,false,clean,false
0044K0,삼성스팩10호,KOSDAQ,spac,,,2010-01-01,false,false,false,true,false,false,clean,false
0071M0,삼성스팩11호,KOSDAQ,spac,,,2010-01-01,false,false,false,true,false,false,clean,false
0096B0,삼성스팩12호,KOSDAQ,spac,,,2010-01-01,false,false,false,true,false,false,clean,false
0115H0,삼성스팩13호,KOSDAQ,spac,,,2010-01-01,false,false,false,true,false,false,clean,false
009300,삼아제약,KOSDAQ,common_stock,,,2010-01-01,false,false,false,false,false,false,clean,false
482630,삼양엔씨켐,KOSDAQ,common_stock,,,2010-01-01,false,false,false,false,false,false,clean,false
484590,삼양컴텍,KOSDAQ,common_stock,,,2010-01-01,false,false,false,false,false,false,clean,false
036670,삼양케이씨아이,KOSDAQ,common_stock,,,2010-01-01,false,false,false,false,false,false,clean,false
361670,삼영에스앤씨,KOSDAQ,common_stock,,,2010-01-01,false,false,false,false,false,false,clean,false
054540,삼영엠텍,KOSDAQ,common_stock,,,2010-01-01,false,false,false,false,false,false,clean,false
065570,삼영이엔씨,KOSDAQ,common_stock,,,2010-01-01,false,false,false,false,false,false,clean,false
014950,삼익제약,KOSDAQ,common_stock,,,2010-01-01,false,false,false,false,false,false,clean,false
032280,삼일,KOSDAQ,common_stock,,,2010-01-01,false,false,false,false,false,false,clean,false
002290,삼일기업공사,KOSDAQ,common_stock,,,2010-01-01,false,false,false,false,false,false,clean,false
037460,삼지전자,KOSDAQ,common_stock,,,2010-01-01,false,false,false,false,false,false,clean,false
032750,삼진,KOSDAQ,common_stock,,,2010-01-01,false,false,false,false,false,false,clean,false
0013V0,삼진식품,KOSDAQ,common_stock,,,2010-01-01,false,false,false,false,false,false,clean,false
054090,삼진엘앤디,KOSDAQ,common_stock,,,2010-01-01,false,false,false,false,false,false,clean,false
000250,삼천당제약,KOSDAQ,common_stock,,,2010-01-01,false,false,false,false,false,false,clean,false
024950,삼천리자전거,KOSDAQ,common_stock,,,2010-01-01,false,false,false,false,false,false,clean,false
038500,삼표시멘트,KOSDAQ,common_stock,,,2010-01-01,false,false,false,false,false,false,clean,false
437730,삼현,KOSDAQ,common_stock,,,2010-01-01,false,false,false,false,false,false,clean,false
017480,삼현철강,KOSDAQ,common_stock,,,2010-01-01,false,false,false,false,false,false,clean,false
046390,삼화네트웍스,KOSDAQ,common_stock,,,2010-01-01,false,false,false,false,false,false,clean,false
027580,상보,KOSDAQ,common_stock,,,2010-01-01,false,false,false,false,false,false,clean,false
038540,상상인,KOSDAQ,common_stock,,,2010-01-01,false,false,false,false,false,false,clean,false
091580,상신이디피,KOSDAQ,common_stock,,,2010-01-01,false,false,false,false,false,false,clean,false
263810,상신전자,KOSDAQ,common_stock,,,2010-01-01,false,false,false,false,false,false,clean,false
089980,상아프론테크,KOSDAQ,common_stock,,,2010-01-01,false,false,false,false,false,false,clean,false
042940,상지건설,KOSDAQ,common_stock,,,2010-01-01,false,false,false,false,false,false,clean,false
042600,새로닉스,KOSDAQ,common_stock,,,2010-01-01,false,false,false,false,false,false,clean,false
107600,새빗켐,KOSDAQ,common_stock,,,2010-01-01,false,false,false,false,false,false,clean,false
411080,샌즈랩,KOSDAQ,common_stock,,,2010-01-01,false,false,false,false,false,false,clean,false
252990,샘씨엔에스,KOSDAQ,common_stock,,,2010-01-01,false,false,false,false,false,false,clean,false
378800,샤페론,KOSDAQ,common_stock,,,2010-01-01,false,false,false,false,false,false,clean,false
294630,서남,KOSDAQ,common_stock,,,2010-01-01,false,false,false,false,false,false,clean,false
038070,서린바이오,KOSDAQ,common_stock,,,2010-01-01,false,false,false,false,false,false,clean,false
006730,서부T&D,KOSDAQ,common_stock,,,2010-01-01,false,false,false,false,false,false,clean,false
079650,서산,KOSDAQ,common_stock,,,2010-01-01,false,false,false,false,false,false,clean,false
100660,서암기계공업,KOSDAQ,common_stock,,,2010-01-01,false,false,false,false,false,false,clean,false
019770,서연탑메탈,KOSDAQ,common_stock,,,2010-01-01,false,false,false,false,false,false,clean,false
092190,서울바이오시스,KOSDAQ,common_stock,,,2010-01-01,false,false,false,false,false,false,clean,false
046890,서울반도체,KOSDAQ,common_stock,,,2010-01-01,false,false,false,false,false,false,clean,false
063170,서울옥션,KOSDAQ,common_stock,,,2010-01-01,false,false,false,false,false,false,clean,false
027040,서울전자통신,KOSDAQ,common_stock,,,2010-01-01,false,false,false,false,false,false,clean,false
018680,서울제약,KOSDAQ,common_stock,,,2010-01-01,false,false,false,false,false,false,clean,false
036120,서울평가정보,KOSDAQ,common_stock,,,2010-01-01,false,false,false,false,false,false,clean,false
093920,서원인텍,KOSDAQ,common_stock,,,2010-01-01,false,false,false,false,false,false,clean,false
189860,서전기전,KOSDAQ,common_stock,,,2010-01-01,false,false,false,false,false,false,clean,false
178320,서진시스템,KOSDAQ,common_stock,,,2010-01-01,false,false,false,false,false,false,clean,false
122690,서진오토모티브,KOSDAQ,common_stock,,,2010-01-01,false,false,false,false,false,false,clean,false
140070,서플러스글로벌,KOSDAQ,common_stock,,,2010-01-01,false,false,false,false,false,false,clean,false
011370,서한,KOSDAQ,common_stock,,,2010-01-01,false,false,false,false,false,false,clean,false
065710,서호전기,KOSDAQ,common_stock,,,2010-01-01,false,false,false,false,false,false,clean,false
035890,서희건설,KOSDAQ,common_stock,,,2010-01-01,false,false,false,false,false,false,clean,false
357550,석경에이티,KOSDAQ,common_stock,,,2010-01-01,false,false,false,false,false,false,clean,false
003100,선광,KOSDAQ,common_stock,,,2010-01-01,false,false,false,false,false,false,clean,false
067370,선바이오,KOSDAQ,common_stock,,,2010-01-01,false,false,false,false,false,false,clean,false
171090,선익시스템,KOSDAQ,common_stock,,,2010-01-01,false,false,false,false,false,false,clean,false
086710,선진뷰티사이언스,KOSDAQ,common_stock,,,2010-01-01,false,false,false,false,false,false,clean,false
014620,성광벤드,KOSDAQ,common_stock,,,2010-01-01,false,false,false,false,false,false,clean,false
037350,성도이엔지,KOSDAQ,common_stock,,,2010-01-01,false,false,false,false,false,false,clean,false
458650,성우,KOSDAQ,preferred_stock,,,2010-01-01,true,false,false,false,false,false,clean,false
081580,성우전자,KOSDAQ,common_stock,,,2010-01-01,false,false,false,false,false,false,clean,false
045300,성우테크론,KOSDAQ,common_stock,,,2010-01-01,false,false,false,false,false,false,clean,false
015750,성우하이텍,KOSDAQ,common_stock,,,2010-01-01,false,false,false,false,false,false,clean,false
340930,성원에너텍,KOSDAQ,common_stock,,,2010-01-01,false,false,false,false,false,false,clean,false
365340,성일하이텍,KOSDAQ,common_stock,,,2010-01-01,false,false,false,false,false,false,clean,false
080470,성창오토텍,KOSDAQ,common_stock,,,2010-01-01,false,false,false,false,false,false,clean,false
043260,성호전자,KOSDAQ,common_stock,,,2010-01-01,false,false,false,false,false,false,clean,false
148150,세경하이테크,KOSDAQ,common_stock,,,2010-01-01,false,false,false,false,false,false,clean,false
061090,세나테크놀로지,KOSDAQ,common_stock,,,2010-01-01,false,false,false,false,false,false,clean,false
188260,세니젠,KOSDAQ,common_stock,,,2010-01-01,false,false,false,false,false,false,clean,false
053060,세동,KOSDAQ,common_stock,,,2010-01-01,false,false,false,false,false,false,clean,false
340440,세림B&G,KOSDAQ,common_stock,,,2010-01-01,false,false,false,false,false,false,clean,false
017510,세명전기,KOSDAQ,common_stock,,,2010-01-01,false,false,false,false,false,false,clean,false
0017J0,세미티에스,KOSDAQ,common_stock,,,2010-01-01,false,false,false,false,false,false,clean,false
490470,세미파이브,KOSDAQ,common_stock,,,2010-01-01,false,false,false,false,false,false,clean,false
011560,세보엠이씨,KOSDAQ,common_stock,,,2010-01-01,false,false,false,false,false,false,clean,false
396300,세아메카닉스,KOSDAQ,common_stock,,,2010-01-01,false,false,false,false,false,false,clean,false
100700,세운메디칼,KOSDAQ,common_stock,,,2010-01-01,false,false,false,false,false,false,clean,false
024830,세원물산,KOSDAQ,common_stock,,,2010-01-01,false,false,false,false,false,false,clean,false
258830,세종메디칼,KOSDAQ,common_stock,,,2010-01-01,false,false,false,false,false,false,clean,false
036630,세종텔레콤,KOSDAQ,common_stock,,,2010-01-01,false,false,false,false,false,false,clean,false
039310,세중,KOSDAQ,common_stock,,,2010-01-01,false,false,false,false,false,false,clean,false
067770,세진티에스,KOSDAQ,common_stock,,,2010-01-01,false,false,false,false,false,false,clean,false
053450,세코닉스,KOSDAQ,common_stock,,,2010-01-01,false,false,false,false,false,false,clean,false
252500,세화피앤씨,KOSDAQ,common_stock,,,2010-01-01,false,false,false,false,false,false,clean,false
321370,센서뷰,KOSDAQ,common_stock,,,2010-01-01,false,false,false,false,false,false,clean,false
347000,센코,KOSDAQ,common_stock,,,2010-01-01,false,false,false,false,false,false,clean,false
331920,셀레믹스,KOSDAQ,common_stock,,,2010-01-01,false,false,false,false,false,false,clean,false
352770,셀레스트라,KOSDAQ,common_stock,,,2010-01-01,false,false,false,false,false,false,clean,false
471820,셀로맥스사이언스,KOSDAQ,common_stock,,,2010-01-01,false,false,false,false,false,false,clean,false
049180,셀루메드,KOSDAQ,common_stock,,,2010-01-01,false,false,false,false,false,false,clean,false
299660,셀리드,KOSDAQ,common_stock,,,2010-01-01,false,false,false,false,false,false,clean,false
108860,셀바스AI,KOSDAQ,common_stock,,,2010-01-01,false,false,false,false,false,false,clean,false
208370,셀바스헬스케어,KOSDAQ,common_stock,,,2010-01-01,false,false,false,false,false,false,clean,false
318160,셀바이오휴먼텍,KOSDAQ,common_stock,,,2010-01-01,false,false,false,false,false,false,clean,false
308430,셀비온,KOSDAQ,common_stock,,,2010-01-01,false,false,false,false,false,false,clean,false
068760,셀트리온제약,KOSDAQ,common_stock,,,2010-01-01,false,false,false,false,false,false,clean,false
068940,셀피글로벌,KOSDAQ,common_stock,,,2010-01-01,false,false,false,false,false,false,clean,false
007720,소노스퀘어,KOSDAQ,common_stock,,,2010-01-01,false,false,false,false,false,false,clean,false
950200,소마젠,KOSDAQ,common_stock,,,2010-01-01,false,false,false,false,false,false,clean,false
032680,소프트센,KOSDAQ,common_stock,,,2010-01-01,false,false,false,false,false,false,clean,false
032685,소프트센우,KOSDAQ,preferred_stock,,,2010-01-01,true,false,false,false,false,false,clean,false
258790,소프트캠프,KOSDAQ,common_stock,,,2010-01-01,false,false,false,false,false,false,clean,false
066910,손오공,KOSDAQ,common_stock,,,2010-01-01,false,false,false,false,false,false,clean,false
215090,솔디펜스,KOSDAQ,common_stock,,,2010-01-01,false,false,false,false,false,false,clean,false
035610,솔본,KOSDAQ,common_stock,,,2010-01-01,false,false,false,false,false,false,clean,false
357780,솔브레인,KOSDAQ,common_stock,,,2010-01-01,false,false,false,false,false,false,clean,false
036830,솔브레인홀딩스,KOSDAQ,common_stock,,,2010-01-01,false,false,false,false,false,false,clean,false
304100,솔트룩스,KOSDAQ,common_stock,,,2010-01-01,false,false,false,false,false,false,clean,false
328380,솔트웨어,KOSDAQ,common_stock,,,2010-01-01,false,false,false,false,false,false,clean,false
086980,쇼박스,KOSDAQ,common_stock,,,2010-01-01,false,false,false,false,false,false,clean,false
050960,수산아이앤티,KOSDAQ,common_stock,,,2010-01-01,false,false,false,false,false,false,clean,false
084180,수성웹툰,KOSDAQ,common_stock,,,2010-01-01,false,false,false,false,false,false,clean,false
253840,수젠텍,KOSDAQ,common_stock,,,2010-01-01,false,false,false,false,false,false,clean,false
298830,슈어소프트테크,KOSDAQ,common_stock,,,2010-01-01,false,false,false,false,false,false,clean,false
236200,슈프리마,KOSDAQ,common_stock,,,2010-01-01,false,false,false,false,false,false,clean,false
094840,슈프리마에이치큐,KOSDAQ,common_stock,,,2010-01-01,false,false,false,false,false,false,clean,false
192440,슈피겐코리아,KOSDAQ,common_stock,,,2010-01-01,false,false,false,false,false,false,clean,false
424960,스마트레이더시스템,KOSDAQ,common_stock,,,2010-01-01,false,false,false,false,false,false,clean,false
099440,스맥,KOSDAQ,common_stock,,,2010-01-01,false,false,false,false,false,false,clean,false
066590,스모트로닉,KOSDAQ,common_stock,,,2010-01-01,false,false,false,false,false,false,clean,false
276040,스코넥,KOSDAQ,common_stock,,,2010-01-01,false,false,false,false,false,false,clean,false
115570,스타플렉스,KOSDAQ,common_stock,,,2010-01-01,false,false,false,false,false,false,clean,false
330730,스톤브릿지벤처스,KOSDAQ,common_stock,,,2010-01-01,false,false,false,false,false,false,clean,false
352090,스톰테크,KOSDAQ,common_stock,,,2010-01-01,false,false,false,false,false,false,clean,false
253450,스튜디오드래곤,KOSDAQ,common_stock,,,2010-01-01,false,false,false,false,false,false,clean,false
408900,스튜디오미르,KOSDAQ,common_stock,,,2010-01-01,false,false,false,false,false,false,clean,false
415380,스튜디오삼익,KOSDAQ,common_stock,,,2010-01-01,false,false,false,false,false,false,clean,false
475040,스트라드비젼,KOSDAQ,common_stock,,,2010-01-01,false,false,false,false,false,false,clean,false
013810,스페코,KOSDAQ,common_stock,,,2010-01-01,false,false,false,false,false,false,clean,false
347700,스피어,KOSDAQ,common_stock,,,2010-01-01,false,false,false,false,false,false,clean,false
049830,승일,KOSDAQ,common_stock,,,2010-01-01,false,false,false,false,false,false,clean,false
020710,시공테크,KOSDAQ,common_stock,,,2010-01-01,false,false,false,false,false,false,clean,false
033170,시그네틱스,KOSDAQ,common_stock,,,2010-01-01,false,false,false,false,false,false,clean,false
048870,시너지이노베이션,KOSDAQ,common_stock,,,2010-01-01,false,false,false,false,false,false,clean,false
025320,시노펙스,KOSDAQ,common_stock,,,2010-01-01,false,false,false,false,false,false,clean,false
340810,시선AI,KOSDAQ,common_stock,,,2010-01-01,false,false,false,false,false,false,clean,false
269620,시스웍,KOSDAQ,common_stock,,,2010-01-01,false,false,false,false,false,false,clean,false
056090,시지메드텍,KOSDAQ,common_stock,,,2010-01-01,false,false,false,false,false,false,clean,false
429270,시지트로닉스,KOSDAQ,common_stock,,,2010-01-01,false,false,false,false,false,false,clean,false
418250,시큐레터,KOSDAQ,common_stock,,,2010-01-01,false,false,false,false,false,false,clean,false
131090,시큐브,KOSDAQ,common_stock,,,2010-01-01,false,false,false,false,false,false,clean,false
290520,신도기연,KOSDAQ,common_stock,,,2010-01-01,false,false,false,false,false,false,clean,false
001000,신라섬유,KOSDAQ,common_stock,,,2010-01-01,false,false,false,false,false,false,clean,false
025870,신라에스지,KOSDAQ,common_stock,,,2010-01-01,false,false,false,false,false,false,clean,false
215600,신라젠,KOSDAQ,common_stock,,,2010-01-01,false,false,false,false,false,false,clean,false
065350,신성델타테크,KOSDAQ,common_stock,,,2010-01-01,false,false,false,false,false,false,clean,false
416180,신성에스티,KOSDAQ,common_stock,,,2010-01-01,false,false,false,false,false,false,clean,false
162300,신스틸,KOSDAQ,common_stock,,,2010-01-01,false,false,false,false,false,false,clean,false
002800,신신제약,KOSDAQ,common_stock,,,2010-01-01,false,false,false,false,false,false,clean,false
472220,신영스팩10호,KOSDAQ,spac,,,2010-01-01,false,false,false,true,false,false,clean,false
0091W0,신영스팩11호,KOSDAQ,spac,,,2010-01-01,false,false,false,true,false,false,clean,false
017000,신원종합개발,KOSDAQ,common_stock,,,2010-01-01,false,false,false,false,false,false,clean,false
012790,신일제약,KOSDAQ,common_stock,,,2010-01-01,false,false,false,false,false,false,clean,false
138070,신진에스엠,KOSDAQ,common_stock,,,2010-01-01,false,false,false,false,false,false,clean,false
226330,신테카바이오,KOSDAQ,common_stock,,,2010-01-01,false,false,false,false,false,false,clean,false
474660,신한제12호스팩,KOSDAQ,spac,,,2010-01-01,false,false,false,true,false,false,clean,false
474930,신한제13호스팩,KOSDAQ,spac,,,2010-01-01,false,false,false,true,false,false,clean,false
487360,신한제14호스팩,KOSDAQ,spac,,,2010-01-01,false,false,false,true,false,false,clean,false
487830,신한제15호스팩,KOSDAQ,spac,,,2010-01-01,false,false,false,true,false,false,clean,false
496070,신한제16호스팩,KOSDAQ,spac,,,2010-01-01,false,false,false,true,false,false,clean,false
0130D0,신한제17호스팩,KOSDAQ,spac,,,2010-01-01,false,false,false,true,false,false,clean,false
0129K0,신한제18호스팩,KOSDAQ,spac,,,2010-01-01,false,false,false,true,false,false,clean,false
056700,신화인터텍,KOSDAQ,common_stock,,,2010-01-01,false,false,false,false,false,false,clean,false
187270,신화콘텍,KOSDAQ,common_stock,,,2010-01-01,false,false,false,false,false,false,clean,false
095190,신화프리텍,KOSDAQ,common_stock,,,2010-01-01,false,false,false,false,false,false,clean,false
243840,신흥에스이씨,KOSDAQ,common_stock,,,2010-01-01,false,false,false,false,false,false,clean,false
257720,실리콘투,KOSDAQ,common_stock,,,2010-01-01,false,false,false,false,false,false,clean,false
222800,심텍,KOSDAQ,common_stock,,,2010-01-01,false,false,false,false,false,false,clean,false
036710,심텍홀딩스,KOSDAQ,common_stock,,,2010-01-01,false,false,false,false,false,false,clean,false
444530,심플랫폼,KOSDAQ,common_stock,,,2010-01-01,false,false,false,false,false,false,clean,false
234030,싸이닉솔루션,KOSDAQ,common_stock,,,2010-01-01,false,false,false,false,false,false,clean,false
160980,싸이맥스,KOSDAQ,common_stock,,,2010-01-01,false,false,false,false,false,false,clean,false
356890,싸이버원,KOSDAQ,common_stock,,,2010-01-01,false,false,false,false,false,false,clean,false
217330,싸이토젠,KOSDAQ,common_stock,,,2010-01-01,false,false,false,false,false,false,clean,false
208640,썸에이지,KOSDAQ,common_stock,,,2010-01-01,false,false,false,false,false,false,clean,false
222420,쎄노텍,KOSDAQ,common_stock,,,2010-01-01,false,false,false,false,false,false,clean,false
037760,쎄니트,KOSDAQ,common_stock,,,2010-01-01,false,false,false,false,false,false,clean,false
081180,쎄크,KOSDAQ,common_stock,,,2010-01-01,false,false,false,false,false,false,clean,false
099320,쎄트렉아이,KOSDAQ,common_stock,,,2010-01-01,false,false,false,false,false,false,clean,false
049960,쎌바이오텍,KOSDAQ,common_stock,,,2010-01-01,false,false,false,false,false,false,clean,false
088280,쏘닉스,KOSDAQ,common_stock,,,2010-01-01,false,false,false,false,false,false,clean,false
050890,쏠리드,KOSDAQ,common_stock,,,2010-01-01,false,false,false,false,false,false,clean,false
394800,쓰리빌리언,KOSDAQ,common_stock,,,2010-01-01,false,false,false,false,false,false,clean,false
177900,쓰리에이로직스,KOSDAQ,common_stock,,,2010-01-01,false,false,false,false,false,false,clean,false
475400,씨메스로보틱스,KOSDAQ,common_stock,,,2010-01-01,false,false,false,false,false,false,clean,false
109670,씨싸이트,KOSDAQ,common_stock,,,2010-01-01,false,false,false,false,false,false,clean,false
066790,씨씨에스,KOSDAQ,common_stock,,,2010-01-01,false,false,false,false,false,false,clean,false
352480,씨앤씨인터내셔널,KOSDAQ,common_stock,,,2010-01-01,false,false,false,false,false,false,clean,false
264660,씨앤지하이테크,KOSDAQ,common_stock,,,2010-01-01,false,false,false,false,false,false,clean,false
352700,씨앤투스,KOSDAQ,common_stock,,,2010-01-01,false,false,false,false,false,false,clean,false
458870,씨어스,KOSDAQ,common_stock,,,2010-01-01,false,false,false,false,false,false,clean,false
297090,씨에스베어링,KOSDAQ,common_stock,,,2010-01-01,false,false,false,false,false,false,clean,false
900120,씨엑스아이,KOSDAQ,common_stock,,,2010-01-01,false,false,false,false,false,false,clean,false
359090,씨엔알리서치,KOSDAQ,common_stock,,,2010-01-01,false,false,false,false,false,false,clean,false
115530,씨엔플러스,KOSDAQ,common_stock,,,2010-01-01,false,false,false,false,false,false,clean,false
388210,씨엠티엑스,KOSDAQ,common_stock,,,2010-01-01,false,false,false,false,false,false,clean,false
115480,씨유메디칼,KOSDAQ,common_stock,,,2010-01-01,false,false,false,false,false,false,clean,false
376290,씨유테크,KOSDAQ,common_stock,,,2010-01-01,false,false,false,false,false,false,clean,false
189330,씨이랩,KOSDAQ,common_stock,,,2010-01-01,false,false,false,false,false,false,clean,false
096530,씨젠,KOSDAQ,common_stock,,,2010-01-01,false,false,false,false,false,false,clean,false
101240,씨큐브,KOSDAQ,common_stock,,,2010-01-01,false,false,false,false,false,false,clean,false
060590,씨티씨바이오,KOSDAQ,common_stock,,,2010-01-01,false,false,false,false,false,false,clean,false
260930,씨티케이,KOSDAQ,common_stock,,,2010-01-01,false,false,false,false,false,false,clean,false
413630,씨피시스템,KOSDAQ,common_stock,,,2010-01-01,false,false,false,false,false,false,clean,false
013990,아가방컴퍼니,KOSDAQ,common_stock,,,2010-01-01,false,false,false,false,false,false,clean,false
175140,아고스,KOSDAQ,common_stock,,,2010-01-01,false,false,false,false,false,false,clean,false
123860,아나패스,KOSDAQ,common_stock,,,2010-01-01,false,false,false,false,false,false,clean,false
025980,아난티,KOSDAQ,common_stock,,,2010-01-01,false,false,false,false,false,false,clean,false
0015N0,아로마티카,KOSDAQ,common_stock,,,2010-01-01,false,false,false,false,false,false,clean,false
261780,아리바이오랩,KOSDAQ,common_stock,,,2010-01-01,false,false,false,false,false,false,clean,false
290690,아리바이오홀딩스,KOSDAQ,common_stock,,,2010-01-01,false,false,false,false,false,false,clean,false
125210,아모그린텍,KOSDAQ,common_stock,,,2010-01-01,false,false,false,false,false,false,clean,false
357580,아모센스,KOSDAQ,common_stock,,,2010-01-01,false,false,false,false,false,false,clean,false
052710,아모텍,KOSDAQ,common_stock,,,2010-01-01,false,false,false,false,false,false,clean,false
074430,아미노로직스,KOSDAQ,common_stock,,,2010-01-01,false,false,false,false,false,false,clean,false
092040,아미코젠,KOSDAQ,common_stock,,,2010-01-01,false,false,false,false,false,false,clean,false
083930,아바코,KOSDAQ,common_stock,,,2010-01-01,false,false,false,false,false,false,clean,false
149950,아바텍,KOSDAQ,common_stock,,,2010-01-01,false,false,false,false,false,false,clean,false
036010,아비코전자,KOSDAQ,common_stock,,,2010-01-01,false,false,false,false,false,false,clean,false
050860,아세아텍,KOSDAQ,common_stock,,,2010-01-01,false,false,false,false,false,false,clean,false
136410,아셈스,KOSDAQ,common_stock,,,2010-01-01,false,false,false,false,false,false,clean,false
246720,아스타,KOSDAQ,common_stock,,,2010-01-01,false,false,false,false,false,false,clean,false
450950,아스테라시스,KOSDAQ,common_stock,,,2010-01-01,false,false,false,false,false,false,clean,false
067390,아스트,KOSDAQ,common_stock,,,2010-01-01,false,false,false,false,false,false,clean,false
159010,아스플로,KOSDAQ,common_stock,,,2010-01-01,false,false,false,false,false,false,clean,false
127710,아시아경제,KOSDAQ,common_stock,,,2010-01-01,false,false,false,false,false,false,clean,false
154030,아시아종묘,KOSDAQ,common_stock,,,2010-01-01,false,false,false,false,false,false,clean,false
227610,아우딘퓨쳐스,KOSDAQ,common_stock,,,2010-01-01,false,false,false,false,false,false,clean,false
331740,아우토크립트,KOSDAQ,common_stock,,,2010-01-01,false,false,false,false,false,false,clean,false
143160,아이디스,KOSDAQ,common_stock,,,2010-01-01,false,false,false,false,false,false,clean,false
054800,아이디스홀딩스,KOSDAQ,common_stock,,,2010-01-01,false,false,false,false,false,false,clean,false
332370,아이디피,KOSDAQ,common_stock,,,2010-01-01,false,false,false,false,false,false,clean,false
066430,아이로보틱스,KOSDAQ,common_stock,,,2010-01-01,false,false,false,false,false,false,clean,false
339950,아이비김영,KOSDAQ,common_stock,,,2010-01-01,false,false,false,false,false,false,clean,false
469750,아이비젼웍스,KOSDAQ,common_stock,,,2010-01-01,false,false,false,false,false,false,clean,false
460470,아이빔테크놀로지,KOSDAQ,common_stock,,,2010-01-01,false,false,false,false,false,false,clean,false
099190,아이센스,KOSDAQ,common_stock,,,2010-01-01,false,false,false,false,false,false,clean,false
461300,아이스크림미디어,KOSDAQ,common_stock,,,2010-01-01,false,false,false,false,false,false,clean,false
289010,아이스크림에듀,KOSDAQ,common_stock,,,2010-01-01,false,false,false,false,false,false,clean,false
214430,아이쓰리시스템,KOSDAQ,common_stock,,,2010-01-01,false,false,false,false,false,false,clean,false
040910,아이씨디,KOSDAQ,common_stock,,,2010-01-01,false,false,false,false,false,false,clean,false
368600,아이씨에이치,KOSDAQ,common_stock,,,2010-01-01,false,false,false,false,false,false,clean,false
456010,아이씨티케이,KOSDAQ,common_stock,,,2010-01-01,false,false,false,false,false,false,clean,false
052860,아이앤씨,KOSDAQ,common_stock,,,2010-01-01,false,false,false,false,false,false,clean,false
464500,아이언디바이스,KOSDAQ,common_stock,,,2010-01-01,false,false,false,false,false,false,clean,false
212710,아이에스티이,KOSDAQ,common_stock,,,2010-01-01,false,false,false,false,false,false,clean,false
038880,아이에이,KOSDAQ,common_stock,,,2010-01-01,false,false,false,false,false,false,clean,false
307180,아이엘,KOSDAQ,common_stock,,,2010-01-01,false,false,false,false,false,false,clean,false
493280,아이엠바이오로직스,KOSDAQ,common_stock,,,2010-01-01,false,false,false,false,false,false,clean,false
461030,아이엠비디엑스,KOSDAQ,common_stock,,,2010-01-01,false,false,false,false,false,false,clean,false
451220,아이엠티,KOSDAQ,common_stock,,,2010-01-01,false,false,false,false,false,false,clean,false
078860,아이오케이이엔엠,KOSDAQ,common_stock,,,2010-01-01,false,false,false,false,false,false,clean,false
090150,아이윈,KOSDAQ,common_stock,,,2010-01-01,false,false,false,false,false,false,clean,false
031310,아이즈비전,KOSDAQ,common_stock,,,2010-01-01,false,false,false,false,false,false,clean,false
462980,아이지넷,KOSDAQ,common_stock,,,2010-01-01,false,false,false,false,false,false,clean,false
185490,아이진,KOSDAQ,common_stock,,,2010-01-01,false,false,false,false,false,false,clean,false
059100,아이컴포넌트,KOSDAQ,common_stock,,,2010-01-01,false,false,false,false,false,false,clean,false
262840,아이퀘스트,KOSDAQ,common_stock,,,2010-01-01,false,false,false,false,false,false,clean,false
175250,아이큐어,KOSDAQ,common_stock,,,2010-01-01,false,false,false,false,false,false,clean,false
052460,아이크래프트,KOSDAQ,common_stock,,,2010-01-01,false,false,false,false,false,false,clean,false
119830,아이텍,KOSDAQ,common_stock,,,2010-01-01,false,false,false,false,false,false,clean,false
052770,아이톡시,KOSDAQ,common_stock,,,2010-01-01,false,false,false,false,false,false,clean,false
124500,아이티센글로벌,KOSDAQ,common_stock,,,2010-01-01,false,false,false,false,false,false,clean,false
010280,아이티센엔텍,KOSDAQ,common_stock,,,2010-01-01,false,false,false,false,false,false,clean,false
232830,아이티센피엔에스,KOSDAQ,common_stock,,,2010-01-01,false,false,false,false,false,false,clean,false
372800,아이티아이즈,KOSDAQ,common_stock,,,2010-01-01,false,false,false,false,false,false,clean,false
084850,아이티엠반도체,KOSDAQ,common_stock,,,2010-01-01,false,false,false,false,false,false,clean,false
309710,아이티켐,KOSDAQ,common_stock,,,2010-01-01,false,false,false,false,false,false,clean,false
114840,아이패밀리에스씨,KOSDAQ,common_stock,,,2010-01-01,false,false,false,false,false,false,clean,false
027360,아주IB투자,KOSDAQ,common_stock,,,2010-01-01,false,false,false,false,false,false,clean,false
032080,아즈텍WB,KOSDAQ,common_stock,,,2010-01-01,false,false,false,false,false,false,clean,false
013310,아진산업,KOSDAQ,common_stock,,,2010-01-01,false,false,false,false,false,false,clean,false
059120,아진엑스텍,KOSDAQ,common_stock,,,2010-01-01,false,false,false,false,false,false,clean,false
0007C0,아크릴,KOSDAQ,common_stock,,,2010-01-01,false,false,false,false,false,false,clean,false
158430,아톤,KOSDAQ,common_stock,,,2010-01-01,false,false,false,false,false,false,clean,false
297570,아틀라스링크,KOSDAQ,common_stock,,,2010-01-01,false,false,false,false,false,false,clean,false
200350,아티스트스튜디오,KOSDAQ,common_stock,,,2010-01-01,false,false,false,false,false,false,clean,false
321820,아티스트컴퍼니,KOSDAQ,common_stock,,,2010-01-01,false,false,false,false,false,false,clean,false
001540,안국약품,KOSDAQ,common_stock,,,2010-01-01,false,false,false,false,false,false,clean,false
053800,안랩,KOSDAQ,common_stock,,,2010-01-01,false,false,false,false,false,false,clean,false
065660,안트로젠,KOSDAQ,common_stock,,,2010-01-01,false,false,false,false,false,false,clean,false
260660,알리코제약,KOSDAQ,common_stock,,,2010-01-01,false,false,false,false,false,false,clean,false
354320,알멕,KOSDAQ,common_stock,,,2010-01-01,false,false,false,false,false,false,clean,false
361570,알비더블유,KOSDAQ,common_stock,,,2010-01-01,false,false,false,false,false,false,clean,false
131370,알서포트,KOSDAQ,common_stock,,,2010-01-01,false,false,false,false,false,false,clean,false
140670,알에스오토메이션,KOSDAQ,common_stock,,,2010-01-01,false,false,false,false,false,false,clean,false
096610,알에프세미,KOSDAQ,common_stock,,,2010-01-01,false,false,false,false,false,false,clean,false
061040,알에프텍,KOSDAQ,common_stock,,,2010-01-01,false,false,false,false,false,false,clean,false
148250,알엔투테크놀로지,KOSDAQ,common_stock,,,2010-01-01,false,false,false,false,false,false,clean,false
123010,알엔티엑스,KOSDAQ,common_stock,,,2010-01-01,false,false,false,false,false,false,clean,false
476830,알지노믹스,KOSDAQ,common_stock,,,2010-01-01,false,false,false,false,false,false,clean,false
347860,알체라,KOSDAQ,common_stock,,,2010-01-01,false,false,false,false,false,false,clean,false
196170,알테오젠,KOSDAQ,common_stock,,,2010-01-01,false,false,false,false,false,false,clean,false
123750,알톤,KOSDAQ,common_stock,,,2010-01-01,false,false,false,false,false,false,clean,false
459550,알트,KOSDAQ,common_stock,,,2010-01-01,false,false,false,false,false,false,clean,false
085810,알티캐스트,KOSDAQ,common_stock,,,2010-01-01,false,false,false,false,false,false,clean,false
043100,알파AI,KOSDAQ,common_stock,,,2010-01-01,false,false,false,false,false,false,clean,false
117670,알파칩스,KOSDAQ,common_stock,,,2010-01-01,false,false,false,false,false,false,clean,false
314140,알피바이오,KOSDAQ,common_stock,,,2010-01-01,false,false,false,false,false,false,clean,false
291650,압타머사이언스,KOSDAQ,common_stock,,,2010-01-01,false,false,false,false,false,false,clean,false
293780,압타바이오,KOSDAQ,common_stock,,,2010-01-01,false,false,false,false,false,false,clean,false
310200,애니플러스,KOSDAQ,common_stock,,,2010-01-01,false,false,false,false,false,false,clean,false
179530,애드바이오텍,KOSDAQ,common_stock,,,2010-01-01,false,false,false,false,false,false,clean,false
397810,애드포러스,KOSDAQ,common_stock,,,2010-01-01,false,false,false,false,false,false,clean,false
0011A0,액스비스,KOSDAQ,common_stock,,,2010-01-01,false,false,false,false,false,false,clean,false
052790,액토즈소프트,KOSDAQ,common_stock,,,2010-01-01,false,false,false,false,false,false,clean,false
290740,액트로,KOSDAQ,common_stock,,,2010-01-01,false,false,false,false,false,false,clean,false
238090,앤디포스,KOSDAQ,common_stock,,,2010-01-01,false,false,false,false,false,false,clean,false
138360,앤로보틱스,KOSDAQ,common_stock,,,2010-01-01,false,false,false,false,false,false,clean,false
092600,앤씨앤,KOSDAQ,common_stock,,,2010-01-01,false,false,false,false,false,false,clean,false
129890,앱코,KOSDAQ,common_stock,,,2010-01-01,false,false,false,false,false,false,clean,false
174900,앱클론,KOSDAQ,common_stock,,,2010-01-01,false,false,false,false,false,false,clean,false
109960,앱토크롬,KOSDAQ,common_stock,,,2010-01-01,false,false,false,false,false,false,clean,false
270520,앱튼,KOSDAQ,common_stock,,,2010-01-01,false,false,false,false,false,false,clean,false
255440,야스,KOSDAQ,common_stock,,,2010-01-01,false,false,false,false,false,false,clean,false
030960,양지사,KOSDAQ,common_stock,,,2010-01-01,false,false,false,false,false,false,clean,false
102120,어보브반도체,KOSDAQ,common_stock,,,2010-01-01,false,false,false,false,false,false,clean,false
238120,얼라인드,KOSDAQ,common_stock,,,2010-01-01,false,false,false,false,false,false,clean,false
019990,에너토크,KOSDAQ,common_stock,,,2010-01-01,false,false,false,false,false,false,clean,false
435570,에르코스,KOSDAQ,common_stock,,,2010-01-01,false,false,false,false,false,false,clean,false
270660,에브리봇,KOSDAQ,common_stock,,,2010-01-01,false,false,false,false,false,false,clean,false
038680,에스넷,KOSDAQ,common_stock,,,2010-01-01,false,false,false,false,false,false,clean,false
217480,에스디생명공학,KOSDAQ,common_stock,,,2010-01-01,false,false,false,false,false,false,clean,false
121890,에스디시스템,KOSDAQ,common_stock,,,2010-01-01,false,false,false,false,false,false,clean,false
304360,에스바이오메딕스,KOSDAQ,common_stock,,,2010-01-01,false,false,false,false,false,false,clean,false
389500,에스비비테크,KOSDAQ,common_stock,,,2010-01-01,false,false,false,false,false,false,clean,false
042110,에스씨디,KOSDAQ,common_stock,,,2010-01-01,false,false,false,false,false,false,clean,false
065420,에스아이리소스,KOSDAQ,common_stock,,,2010-01-01,false,false,false,false,false,false,clean,false
103230,에스앤더블류,KOSDAQ,common_stock,,,2010-01-01,false,false,false,false,false,false,clean,false
260970,에스앤디,KOSDAQ,common_stock,,,2010-01-01,false,false,false,false,false,false,clean,false
101490,에스앤에스텍,KOSDAQ,common_stock,,,2010-01-01,false,false,false,false,false,false,clean,false
095910,에스에너지,KOSDAQ,common_stock,,,2010-01-01,false,false,false,false,false,false,clean,false
275630,에스에스알,KOSDAQ,common_stock,,,2010-01-01,false,false,false,false,false,false,clean,false
031330,에스에이엠티,KOSDAQ,common_stock,,,2010-01-01,false,false,false,false,false,false,clean,false
060540,에스에이티,KOSDAQ,common_stock,,,2010-01-01,false,false,false,false,false,false,clean,false
0008Z0,에스엔시스,KOSDAQ,common_stock,,,2010-01-01,false,false,false,false,false,false,clean,false
246250,에스엘에스바이오,KOSDAQ,common_stock,,,2010-01-01,false,false,false,false,false,false,clean,false
041510,에스엠,KOSDAQ,common_stock,,,2010-01-01,false,false,false,false,false,false,clean,false
460870,에스엠씨지,KOSDAQ,common_stock,,,2010-01-01,false,false,false,false,false,false,clean,false
464080,에스오에스랩,KOSDAQ,common_stock,,,2010-01-01,false,false,false,false,false,false,clean,false
109610,에스와이,KOSDAQ,common_stock,,,2010-01-01,false,false,false,false,false,false,clean,false
365330,에스와이스틸텍,KOSDAQ,common_stock,,,2010-01-01,false,false,false,false,false,false,clean,false
306040,에스제이그룹,KOSDAQ,common_stock,,,2010-01-01,false,false,false,false,false,false,clean,false
398120,에스지헬스케어,KOSDAQ,common_stock,,,2010-01-01,false,false,false,false,false,false,clean,false
472230,에스케이증권제11호스팩,KOSDAQ,spac,,,2010-01-01,false,false,false,true,false,false,clean,false
473000,에스케이증권제12호스팩,KOSDAQ,spac,,,2010-01-01,false,false,false,true,false,false,clean,false
473950,에스케이증권제13호스팩,KOSDAQ,spac,,,2010-01-01,false,false,false,true,false,false,clean,false
475660,에스켐,KOSDAQ,common_stock,,,2010-01-01,false,false,false,false,false,false,clean,false
096630,에스코넥,KOSDAQ,common_stock,,,2010-01-01,false,false,false,false,false,false,clean,false
069510,에스텍,KOSDAQ,common_stock,,,2010-01-01,false,false,false,false,false,false,clean,false
488280,에스투더블유,KOSDAQ,common_stock,,,2010-01-01,false,false,false,false,false,false,clean,false
234300,에스트래픽,KOSDAQ,common_stock,,,2010-01-01,false,false,false,false,false,false,clean,false
039440,에스티아이,KOSDAQ,common_stock,,,2010-01-01,false,false,false,false,false,false,clean,false
098660,에스티오,KOSDAQ,common_stock,,,2010-01-01,false,false,false,false,false,false,clean,false
052020,에스티큐브,KOSDAQ,common_stock,,,2010-01-01,false,false,false,false,false,false,clean,false
237690,에스티팜,KOSDAQ,common_stock,,,2010-01-01,false,false,false,false,false,false,clean,false
458350,에스팀,KOSDAQ,common_stock,,,2010-01-01,false,false,false,false,false,false,clean,false
050760,에스폴리텍,KOSDAQ,common_stock,,,2010-01-01,false,false,false,false,false,false,clean,false
288620,에스프리즘,KOSDAQ,common_stock,,,2010-01-01,false,false,false,false,false,false,clean,false
443670,에스피소프트,KOSDAQ,common_stock,,,2010-01-01,false,false,false,false,false,false,clean,false
317830,에스피시스템스,KOSDAQ,common_stock,,,2010-01-01,false,false,false,false,false,false,clean,false
058610,에스피지,KOSDAQ,common_stock,,,2010-01-01,false,false,false,false,false,false,clean,false
043340,에쎈테크,KOSDAQ,common_stock,,,2010-01-01,false,false,false,false,false,false,clean,false
163280,에어레인,KOSDAQ,common_stock,,,2010-01-01,false,false,false,false,false,false,clean,false
200710,에이디테크놀로지,KOSDAQ,common_stock,,,2010-01-01,false,false,false,false,false,false,clean,false
475580,에이럭스,KOSDAQ,common_stock,,,2010-01-01,false,false,false,false,false,false,clean,false
096690,에이루트,KOSDAQ,common_stock,,,2010-01-01,false,false,false,false,false,false,clean,false
298380,에이비엘바이오,KOSDAQ,common_stock,,,2010-01-01,false,false,false,false,false,false,clean,false
203400,에이비온,KOSDAQ,common_stock,,,2010-01-01,false,false,false,false,false,false,clean,false
003800,에이스침대,KOSDAQ,common_stock,,,2010-01-01,false,false,false,false,false,false,clean,false
088800,에이스테크,KOSDAQ,common_stock,,,2010-01-01,false,false,false,false,false,false,clean,false
241840,에이스토리,KOSDAQ,common_stock,,,2010-01-01,false,false,false,false,false,false,clean,false
364950,에이아이코리아,KOSDAQ,common_stock,,,2010-01-01,false,false,false,false,false,false,clean,false
453860,에이에스텍,KOSDAQ,common_stock,,,2010-01-01,false,false,false,false,false,false,clean,false
312610,에이에프더블류,KOSDAQ,common_stock,,,2010-01-01,false,false,false,false,false,false,clean,false
172670,에이엘티,KOSDAQ,common_stock,,,2010-01-01,false,false,false,false,false,false,clean,false
481070,에이유브랜즈,KOSDAQ,common_stock,,,2010-01-01,false,false,false,false,false,false,clean,false
060900,에이전트AI,KOSDAQ,common_stock,,,2010-01-01,false,false,false,false,false,false,clean,false
445090,에이직랜드,KOSDAQ,common_stock,,,2010-01-01,false,false,false,false,false,false,clean,false
295310,에이치브이엠,KOSDAQ,common_stock,,,2010-01-01,false,false,false,false,false,false,clean,false
072990,에이치시티,KOSDAQ,common_stock,,,2010-01-01,false,false,false,false,false,false,clean,false
044990,에이치엔에스하이텍,KOSDAQ,common_stock,,,2010-01-01,false,false,false,false,false,false,clean,false
239610,에이치엘사이언스,KOSDAQ,common_stock,,,2010-01-01,false,false,false,false,false,false,clean,false
0156T0,에이치엘지노믹스,KOSDAQ,common_stock,,,2010-01-01,false,false,false,false,false,false,clean,false
036170,에이치엠넥스,KOSDAQ,common_stock,,,2010-01-01,false,false,false,false,false,false,clean,false
477340,에이치엠씨제7호스팩,KOSDAQ,spac,,,2010-01-01,false,false,false,true,false,false,clean,false
148930,에이치와이티씨,KOSDAQ,common_stock,,,2010-01-01,false,false,false,false,false,false,clean,false
044780,에이치케이,KOSDAQ,common_stock,,,2010-01-01,false,false,false,false,false,false,clean,false
357230,에이치피오,KOSDAQ,common_stock,,,2010-01-01,false,false,false,false,false,false,clean,false
355690,에이텀,KOSDAQ,common_stock,,,2010-01-01,false,false,false,false,false,false,clean,false
071670,에이테크솔루션,KOSDAQ,common_stock,,,2010-01-01,false,false,false,false,false,false,clean,false
045660,에이텍,KOSDAQ,common_stock,,,2010-01-01,false,false,false,false,false,false,clean,false
224110,에이텍모빌리티,KOSDAQ,common_stock,,,2010-01-01,false,false,false,false,false,false,clean,false
021080,에이티넘인베스트,KOSDAQ,common_stock,,,2010-01-01,false,false,false,false,false,false,clean,false
200470,에이팩트,KOSDAQ,common_stock,,,2010-01-01,false,false,false,false,false,false,clean,false
262260,에이프로,KOSDAQ,common_stock,,,2010-01-01,false,false,false,false,false,false,clean,false
397030,에이프릴바이오,KOSDAQ,common_stock,,,2010-01-01,false,false,false,false,false,false,clean,false
0009K0,에임드바이오,KOSDAQ,common_stock,,,2010-01-01,false,false,false,false,false,false,clean,false
230240,에치에프알,KOSDAQ,common_stock,,,2010-01-01,false,false,false,false,false,false,clean,false
159910,에코글로우,KOSDAQ,preferred_stock,,,2010-01-01,true,false,false,false,false,false,clean,false
097780,에코볼트,KOSDAQ,common_stock,,,2010-01-01,false,false,false,false,false,false,clean,false
038870,에코심플렉스,KOSDAQ,common_stock,,,2010-01-01,false,false,false,false,false,false,clean,false
448280,에코아이,KOSDAQ,common_stock,,,2010-01-01,false,false,false,false,false,false,clean,false
101360,에코앤드림,KOSDAQ,common_stock,,,2010-01-01,false,false,false,false,false,false,clean,false
128540,에코캡,KOSDAQ,common_stock,,,2010-01-01,false,false,false,false,false,false,clean,false
086520,에코프로,KOSDAQ,common_stock,,,2010-01-01,false,false,false,false,false,false,clean,false
247540,에코프로비엠,KOSDAQ,common_stock,,,2010-01-01,false,false,false,false,false,false,clean,false
383310,에코프로에이치엔,KOSDAQ,common_stock,,,2010-01-01,false,false,false,false,false,false,clean,false
038110,에코플라스틱,KOSDAQ,common_stock,,,2010-01-01,false,false,false,false,false,false,clean,false
073540,에프알텍,KOSDAQ,common_stock,,,2010-01-01,false,false,false,false,false,false,clean,false
064850,에프앤가이드,KOSDAQ,common_stock,,,2010-01-01,false,false,false,false,false,false,clean,false
036810,에프에스티,KOSDAQ,common_stock,,,2010-01-01,false,false,false,false,false,false,clean,false
173940,에프엔씨엔터,KOSDAQ,common_stock,,,2010-01-01,false,false,false,false,false,false,clean,false
083500,에프엔에스테크,KOSDAQ,common_stock,,,2010-01-01,false,false,false,false,false,false,clean,false
317530,에피소드컴퍼니,KOSDAQ,common_stock,,,2010-01-01,false,false,false,false,false,false,clean,false
054940,엑사이엔씨,KOSDAQ,common_stock,,,2010-01-01,false,false,false,false,false,false,clean,false
950130,엑세스바이오,KOSDAQ,common_stock,,,2010-01-01,false,false,false,false,false,false,clean,false
373110,엑셀세라퓨틱스,KOSDAQ,common_stock,,,2010-01-01,false,false,false,false,false,false,clean,false
205100,엑셈,KOSDAQ,common_stock,,,2010-01-01,false,false,false,false,false,false,clean,false
356680,엑스게이트,KOSDAQ,common_stock,,,2010-01-01,false,false,false,false,false,false,clean,false
070300,엑스큐어,KOSDAQ,common_stock,,,2010-01-01,false,false,false,false,false,false,clean,false
317770,엑스페릭스,KOSDAQ,common_stock,,,2010-01-01,false,false,false,false,false,false,clean,false
373200,엑스플러스,KOSDAQ,common_stock,,,2010-01-01,false,false,false,false,false,false,clean,false
069920,엑시온그룹,KOSDAQ,common_stock,,,2010-01-01,false,false,false,false,false,false,clean,false
092870,엑시콘,KOSDAQ,common_stock,,,2010-01-01,false,false,false,false,false,false,clean,false
317870,엔바이오니아,KOSDAQ,common_stock,,,2010-01-01,false,false,false,false,false,false,clean,false
067570,엔브이에이치코리아,KOSDAQ,common_stock,,,2010-01-01,false,false,false,false,false,false,clean,false
0004V0,엔비알모션,KOSDAQ,common_stock,,,2010-01-01,false,false,false,false,false,false,clean,false
236810,엔비티,KOSDAQ,common_stock,,,2010-01-01,false,false,false,false,false,false,clean,false
333620,엔시스,KOSDAQ,common_stock,,,2010-01-01,false,false,false,false,false,false,clean,false
101400,엔시트론,KOSDAQ,common_stock,,,2010-01-01,false,false,false,false,false,false,clean,false
475230,엔알비,KOSDAQ,common_stock,,,2010-01-01,false,false,false,false,false,false,clean,false
481890,엔에이치스팩31호,KOSDAQ,spac,,,2010-01-01,false,false,false,true,false,false,clean,false
0054V0,엔에이치스팩32호,KOSDAQ,spac,,,2010-01-01,false,false,false,true,false,false,clean,false
0130H0,엔에이치스팩33호,KOSDAQ,spac,,,2010-01-01,false,false,false,true,false,false,clean,false
265740,엔에프씨,KOSDAQ,common_stock,,,2010-01-01,false,false,false,false,false,false,clean,false
354200,엔젠바이오,KOSDAQ,common_stock,,,2010-01-01,false,false,false,false,false,false,clean,false
455900,엔젤로보틱스,KOSDAQ,common_stock,,,2010-01-01,false,false,false,false,false,false,clean,false
419080,엔젯,KOSDAQ,common_stock,,,2010-01-01,false,false,false,false,false,false,clean,false
183490,엔지켐생명과학,KOSDAQ,common_stock,,,2010-01-01,false,false,false,false,false,false,clean,false
182400,엔케이젠바이오텍코리아,KOSDAQ,common_stock,,,2010-01-01,false,false,false,false,false,false,clean,false
348370,엔켐,KOSDAQ,common_stock,,,2010-01-01,false,false,false,false,false,false,clean,false
069410,엔텔스,KOSDAQ,common_stock,,,2010-01-01,false,false,false,false,false,false,clean,false
227950,엔투텍,KOSDAQ,common_stock,,,2010-01-01,false,false,false,false,false,false,clean,false
291230,엔피,KOSDAQ,common_stock,,,2010-01-01,false,false,false,false,false,false,clean,false
048830,엔피케이,KOSDAQ,common_stock,,,2010-01-01,false,false,false,false,false,false,clean,false
096870,엘디티,KOSDAQ,common_stock,,,2010-01-01,false,false,false,false,false,false,clean,false
290650,엘앤씨바이오,KOSDAQ,common_stock,,,2010-01-01,false,false,false,false,false,false,clean,false
156100,엘앤케이바이오,KOSDAQ,common_stock,,,2010-01-01,false,false,false,false,false,false,clean,false
0041J0,엘에스스팩1호,KOSDAQ,spac,,,2010-01-01,false,false,false,true,false,false,clean,false
073110,엘엠에스,KOSDAQ,common_stock,,,2010-01-01,false,false,false,false,false,false,clean,false
083310,엘오티베큠,KOSDAQ,common_stock,,,2010-01-01,false,false,false,false,false,false,clean,false
037950,엘컴텍,KOSDAQ,common_stock,,,2010-01-01,false,false,false,false,false,false,clean,false
489500,엘케이켐,KOSDAQ,common_stock,,,2010-01-01,false,false,false,false,false,false,clean,false
170920,엘티씨,KOSDAQ,common_stock,,,2010-01-01,false,false,false,false,false,false,clean,false
058630,엠게임,KOSDAQ,common_stock,,,2010-01-01,false,false,false,false,false,false,clean,false
226590,엠디바이스,KOSDAQ,common_stock,,,2010-01-01,false,false,false,false,false,false,clean,false
058970,엠로,KOSDAQ,common_stock,,,2010-01-01,false,false,false,false,false,false,clean,false
169330,엠브레인,KOSDAQ,common_stock,,,2010-01-01,false,false,false,false,false,false,clean,false
373170,엠아이큐브솔루션,KOSDAQ,common_stock,,,2010-01-01,false,false,false,false,false,false,clean,false
179290,엠아이텍,KOSDAQ,common_stock,,,2010-01-01,false,false,false,false,false,false,clean,false
009780,엠에스씨,KOSDAQ,common_stock,,,2010-01-01,false,false,false,false,false,false,clean,false
123040,엠에스오토텍,KOSDAQ,common_stock,,,2010-01-01,false,false,false,false,false,false,clean,false
432980,엠에프씨,KOSDAQ,common_stock,,,2010-01-01,false,false,false,false,false,false,clean,false
007820,엠엑스로보틱스,KOSDAQ,common_stock,,,2010-01-01,false,false,false,false,false,false,clean,false
347890,엠엑스온,KOSDAQ,common_stock,,,2010-01-01,false,false,false,false,false,false,clean,false
413390,엠오티,KOSDAQ,common_stock,,,2010-01-01,false,false,false,false,false,false,clean,false
032790,엠젠솔루션,KOSDAQ,common_stock,,,2010-01-01,false,false,false,false,false,false,clean,false
033160,엠케이전자,KOSDAQ,common_stock,,,2010-01-01,false,false,false,false,false,false,clean,false
033310,엠투엔,KOSDAQ,common_stock,,,2010-01-01,false,false,false,false,false,false,clean,false
259630,엠플러스,KOSDAQ,common_stock,,,2010-01-01,false,false,false,false,false,false,clean,false
105550,엣지파운드리,KOSDAQ,common_stock,,,2010-01-01,false,false,false,false,false,false,clean,false
060850,영림원소프트랩,KOSDAQ,common_stock,,,2010-01-01,false,false,false,false,false,false,clean,false
143540,영우디에스피,KOSDAQ,common_stock,,,2010-01-01,false,false,false,false,false,false,clean,false
265560,영화테크,KOSDAQ,common_stock,,,2010-01-01,false,false,false,false,false,false,clean,false
036000,예림당,KOSDAQ,common_stock,,,2010-01-01,false,false,false,false,false,false,clean,false
250930,예선테크,KOSDAQ,common_stock,,,2010-01-01,false,false,false,false,false,false,clean,false
053280,예스24,KOSDAQ,common_stock,,,2010-01-01,false,false,false,false,false,false,clean,false
122640,예스티,KOSDAQ,common_stock,,,2010-01-01,false,false,false,false,false,false,clean,false
476040,오가노이드사이언스,KOSDAQ,common_stock,,,2010-01-01,false,false,false,false,false,false,clean,false
900300,오가닉티코스메틱,KOSDAQ,common_stock,,,2010-01-01,false,false,false,false,false,false,clean,false
045060,오공,KOSDAQ,common_stock,,,2010-01-01,false,false,false,false,false,false,clean,false
192410,오늘이엔엠,KOSDAQ,common_stock,,,2010-01-01,false,false,false,false,false,false,clean,false
080520,오디텍,KOSDAQ,common_stock,,,2010-01-01,false,false,false,false,false,false,clean,false
039830,오로라,KOSDAQ,common_stock,,,2010-01-01,false,false,false,false,false,false,clean,false
322310,오로스테크놀로지,KOSDAQ,common_stock,,,2010-01-01,false,false,false,false,false,false,clean,false
046120,오르비텍,KOSDAQ,common_stock,,,2010-01-01,false,false,false,false,false,false,clean,false
475830,오름테라퓨틱,KOSDAQ,common_stock,,,2010-01-01,false,false,false,false,false,false,clean,false
014940,오리엔탈정공,KOSDAQ,common_stock,,,2010-01-01,false,false,false,false,false,false,clean,false
065500,오리엔트정공,KOSDAQ,common_stock,,,2010-01-01,false,false,false,false,false,false,clean,false
010470,오리콤,KOSDAQ,common_stock,,,2010-01-01,false,false,false,false,false,false,clean,false
417860,오브젠,KOSDAQ,common_stock,,,2010-01-01,false,false,false,false,false,false,clean,false
352910,오비고,KOSDAQ,common_stock,,,2010-01-01,false,false,false,false,false,false,clean,false
053980,오상자이엘,KOSDAQ,common_stock,,,2010-01-01,false,false,false,false,false,false,clean,false
036220,오상헬스케어,KOSDAQ,common_stock,,,2010-01-01,false,false,false,false,false,false,clean,false
052420,오성첨단소재,KOSDAQ,common_stock,,,2010-01-01,false,false,false,false,false,false,clean,false
052300,오션인더블유,KOSDAQ,common_stock,,,2010-01-01,false,false,false,false,false,false,clean,false
039200,오스코텍,KOSDAQ,common_stock,,,2010-01-01,false,false,false,false,false,false,clean,false
226400,오스테오닉,KOSDAQ,common_stock,,,2010-01-01,false,false,false,false,false,false,clean,false
031510,오스템,KOSDAQ,common_stock,,,2010-01-01,false,false,false,false,false,false,clean,false
342870,오아,KOSDAQ,common_stock,,,2010-01-01,false,false,false,false,false,false,clean,false
368970,오에스피,KOSDAQ,common_stock,,,2010-01-01,false,false,false,false,false,false,clean,false
138080,오이솔루션,KOSDAQ,common_stock,,,2010-01-01,false,false,false,false,false,false,clean,false
080580,오킨스전자,KOSDAQ,common_stock,,,2010-01-01,false,false,false,false,false,false,clean,false
067170,오텍,KOSDAQ,common_stock,,,2010-01-01,false,false,false,false,false,false,clean,false
353590,오토앤,KOSDAQ,common_stock,,,2010-01-01,false,false,false,false,false,false,clean,false
173130,오파스넷,KOSDAQ,common_stock,,,2010-01-01,false,false,false,false,false,false,clean,false
440320,오픈놀,KOSDAQ,common_stock,,,2010-01-01,false,false,false,false,false,false,clean,false
049480,오픈베이스,KOSDAQ,common_stock,,,2010-01-01,false,false,false,false,false,false,clean,false
394280,오픈엣지테크놀로지,KOSDAQ,common_stock,,,2010-01-01,false,false,false,false,false,false,clean,false
476060,온코닉테라퓨틱스,KOSDAQ,common_stock,,,2010-01-01,false,false,false,false,false,false,clean,false
382150,온코크로스,KOSDAQ,common_stock,,,2010-01-01,false,false,false,false,false,false,clean,false
244460,올리패스,KOSDAQ,common_stock,,,2010-01-01,false,false,false,false,false,false,clean,false
226950,올릭스,KOSDAQ,common_stock,,,2010-01-01,false,false,false,false,false,false,clean,false
057540,옴니시스템,KOSDAQ,common_stock,,,2010-01-01,false,false,false,false,false,false,clean,false
131030,옵투스제약,KOSDAQ,common_stock,,,2010-01-01,false,false,false,false,false,false,clean,false
082210,옵트론텍,KOSDAQ,common_stock,,,2010-01-01,false,false,false,false,false,false,clean,false
109080,옵티시스,KOSDAQ,common_stock,,,2010-01-01,false,false,false,false,false,false,clean,false
380540,옵티코어,KOSDAQ,common_stock,,,2010-01-01,false,false,false,false,false,false,clean,false
153710,옵티팜,KOSDAQ,common_stock,,,2010-01-01,false,false,false,false,false,false,clean,false
432430,와이랩,KOSDAQ,common_stock,,,2010-01-01,false,false,false,false,false,false,clean,false
338840,와이바이오로직스,KOSDAQ,common_stock,,,2010-01-01,false,false,false,false,false,false,clean,false
122990,와이솔,KOSDAQ,common_stock,,,2010-01-01,false,false,false,false,false,false,clean,false
232140,와이씨,KOSDAQ,common_stock,,,2010-01-01,false,false,false,false,false,false,clean,false
112290,와이씨켐,KOSDAQ,common_stock,,,2010-01-01,false,false,false,false,false,false,clean,false
065530,와이어블,KOSDAQ,common_stock,,,2010-01-01,false,false,false,false,false,false,clean,false
067900,와이엔텍,KOSDAQ,common_stock,,,2010-01-01,false,false,false,false,false,false,clean,false
007530,와이엠,KOSDAQ,common_stock,,,2010-01-01,false,false,false,false,false,false,clean,false
155650,와이엠씨,KOSDAQ,common_stock,,,2010-01-01,false,false,false,false,false,false,clean,false
273640,와이엠텍,KOSDAQ,common_stock,,,2010-01-01,false,false,false,false,false,false,clean,false
251370,와이엠티,KOSDAQ,common_stock,,,2010-01-01,false,false,false,false,false,false,clean,false
209640,와이제이링크,KOSDAQ,common_stock,,,2010-01-01,false,false,false,false,false,false,clean,false
096250,와이즈넛,KOSDAQ,common_stock,,,2010-01-01,false,false,false,false,false,false,clean,false
273060,와이즈버즈,KOSDAQ,common_stock,,,2010-01-01,false,false,false,false,false,false,clean,false
019210,와이지-원,KOSDAQ,common_stock,,,2010-01-01,false,false,false,false,false,false,clean,false
122870,와이지엔터테인먼트,KOSDAQ,common_stock,,,2010-01-01,false,false,false,false,false,false,clean,false
079000,와토스코리아,KOSDAQ,common_stock,,,2010-01-01,false,false,false,false,false,false,clean,false
403490,우듬지팜,KOSDAQ,common_stock,,,2010-01-01,false,false,false,false,false,false,clean,false
032820,우리기술,KOSDAQ,common_stock,,,2010-01-01,false,false,false,false,false,false,clean,false
041190,우리기술투자,KOSDAQ,common_stock,,,2010-01-01,false,false,false,false,false,false,clean,false
115440,우리넷,KOSDAQ,common_stock,,,2010-01-01,false,false,false,false,false,false,clean,false
046970,우리로,KOSDAQ,common_stock,,,2010-01-01,false,false,false,false,false,false,clean,false
082850,우리바이오,KOSDAQ,common_stock,,,2010-01-01,false,false,false,false,false,false,clean,false
215360,우리산업,KOSDAQ,common_stock,,,2010-01-01,false,false,false,false,false,false,clean,false
072470,우리산업홀딩스,KOSDAQ,common_stock,,,2010-01-01,false,false,false,false,false,false,clean,false
073560,우리손에프앤지,KOSDAQ,common_stock,,,2010-01-01,false,false,false,false,false,false,clean,false
037400,우리엔터프라이즈,KOSDAQ,common_stock,,,2010-01-01,false,false,false,false,false,false,clean,false
153490,우리이앤엘하루틴,KOSDAQ,common_stock,,,2010-01-01,false,false,false,false,false,false,clean,false
101170,우림피티에스,KOSDAQ,common_stock,,,2010-01-01,false,false,false,false,false,false,clean,false
103840,우양,KOSDAQ,common_stock,,,2010-01-01,false,false,false,false,false,false,clean,false
101970,우양에이치씨,KOSDAQ,common_stock,,,2010-01-01,false,false,false,false,false,false,clean,false
046940,우원개발,KOSDAQ,common_stock,,,2010-01-01,false,false,false,false,false,false,clean,false
065680,우주일렉트로,KOSDAQ,common_stock,,,2010-01-01,false,false,false,false,false,false,clean,false
018620,우진비앤지,KOSDAQ,common_stock,,,2010-01-01,false,false,false,false,false,false,clean,false
457550,우진엔텍,KOSDAQ,common_stock,,,2010-01-01,false,false,false,false,false,false,clean,false
396470,워트,KOSDAQ,common_stock,,,2010-01-01,false,false,false,false,false,false,clean,false
307280,원바이오젠,KOSDAQ,common_stock,,,2010-01-01,false,false,false,false,false,false,clean,false
032940,원익,KOSDAQ,common_stock,,,2010-01-01,false,false,false,false,false,false,clean,false
240810,원익IPS,KOSDAQ,common_stock,,,2010-01-01,false,false,false,false,false,false,clean,false
074600,원익QnC,KOSDAQ,common_stock,,,2010-01-01,false,false,false,false,false,false,clean,false
104830,원익머트리얼즈,KOSDAQ,common_stock,,,2010-01-01,false,false,false,false,false,false,clean,false
014190,원익큐브,KOSDAQ,common_stock,,,2010-01-01,false,false,false,false,false,false,clean,false
217820,원익피앤이,KOSDAQ,common_stock,,,2010-01-01,false,false,false,false,false,false,clean,false
030530,원익홀딩스,KOSDAQ,common_stock,,,2010-01-01,false,false,false,false,false,false,clean,false
012620,원일특강,KOSDAQ,common_stock,,,2010-01-01,false,false,false,false,false,false,clean,false
136150,원일티엔아이,KOSDAQ,common_stock,,,2010-01-01,false,false,false,false,false,false,clean,false
382840,원준,KOSDAQ,common_stock,,,2010-01-01,false,false,false,false,false,false,clean,false
336570,원텍,KOSDAQ,common_stock,,,2010-01-01,false,false,false,false,false,false,clean,false
376980,원티드랩,KOSDAQ,common_stock,,,2010-01-01,false,false,false,false,false,false,clean,false
008370,원풍,KOSDAQ,common_stock,,,2010-01-01,false,false,false,false,false,false,clean,false
008290,원풍물산,KOSDAQ,common_stock,,,2010-01-01,false,false,false,false,false,false,clean,false
101160,월덱스,KOSDAQ,common_stock,,,2010-01-01,false,false,false,false,false,false,clean,false
336060,웨이버스,KOSDAQ,common_stock,,,2010-01-01,false,false,false,false,false,false,clean,false
095270,웨이브일렉트로,KOSDAQ,common_stock,,,2010-01-01,false,false,false,false,false,false,clean,false
289930,웨이비스,KOSDAQ,common_stock,,,2010-01-01,false,false,false,false,false,false,clean,false
065950,웰크론,KOSDAQ,common_stock,,,2010-01-01,false,false,false,false,false,false,clean,false
076080,웰크론한텍,KOSDAQ,common_stock,,,2010-01-01,false,false,false,false,false,false,clean,false
043590,웰킵스하이텍,KOSDAQ,common_stock,,,2010-01-01,false,false,false,false,false,false,clean,false
196700,웹스,KOSDAQ,common_stock,,,2010-01-01,false,false,false,false,false,false,clean,false
069080,웹젠,KOSDAQ,common_stock,,,2010-01-01,false,false,false,false,false,false,clean,false
053580,웹케시,KOSDAQ,common_stock,,,2010-01-01,false,false,false,false,false,false,clean,false
479960,위너스일렉,KOSDAQ,common_stock,,,2010-01-01,false,false,false,false,false,false,clean,false
044340,위닉스,KOSDAQ,common_stock,,,2010-01-01,false,false,false,false,false,false,clean,false
330350,위더스제약,KOSDAQ,common_stock,,,2010-01-01,false,false,false,false,false,false,clean,false
348350,위드텍,KOSDAQ,common_stock,,,2010-01-01,false,false,false,false,false,false,clean,false
112040,위메이드,KOSDAQ,common_stock,,,2010-01-01,false,false,false,false,false,false,clean,false
101730,위메이드맥스,KOSDAQ,common_stock,,,2010-01-01,false,false,false,false,false,false,clean,false
123420,위메이드플레이,KOSDAQ,common_stock,,,2010-01-01,false,false,false,false,false,false,clean,false
065370,위세아이텍,KOSDAQ,common_stock,,,2010-01-01,false,false,false,false,false,false,clean,false
038620,위즈코프,KOSDAQ,common_stock,,,2010-01-01,false,false,false,false,false,false,clean,false
299900,위지윅스튜디오,KOSDAQ,common_stock,,,2010-01-01,false,false,false,false,false,false,clean,false
036090,위지트,KOSDAQ,common_stock,,,2010-01-01,false,false,false,false,false,false,clean,false
459100,위츠,KOSDAQ,common_stock,,,2010-01-01,false,false,false,false,false,false,clean,false
136540,윈스테크넷,KOSDAQ,common_stock,,,2010-01-01,false,false,false,false,false,false,clean,false
097800,윈팩,KOSDAQ,common_stock,,,2010-01-01,false,false,false,false,false,false,clean,false
192390,윈하이텍,KOSDAQ,common_stock,,,2010-01-01,false,false,false,false,false,false,clean,false
335870,윙스풋,KOSDAQ,common_stock,,,2010-01-01,false,false,false,false,false,false,clean,false
900340,윙입푸드,KOSDAQ,common_stock,,,2010-01-01,false,false,false,false,false,false,clean,false
036200,유니셈,KOSDAQ,common_stock,,,2010-01-01,false,false,false,false,false,false,clean,false
018000,유니슨,KOSDAQ,common_stock,,,2010-01-01,false,false,false,false,false,false,clean,false
203450,유니온바이오메트릭스,KOSDAQ,common_stock,,,2010-01-01,false,false,false,false,false,false,clean,false
011320,유니크,KOSDAQ,common_stock,,,2010-01-01,false,false,false,false,false,false,clean,false
086390,유니테스트,KOSDAQ,common_stock,,,2010-01-01,false,false,false,false,false,false,clean,false
241690,유니테크노,KOSDAQ,common_stock,,,2010-01-01,false,false,false,false,false,false,clean,false
142210,유니트론텍,KOSDAQ,common_stock,,,2010-01-01,false,false,false,false,false,false,clean,false
389680,유디엠텍,KOSDAQ,common_stock,,,2010-01-01,false,false,false,false,false,false,clean,false
088340,유라클,KOSDAQ,common_stock,,,2010-01-01,false,false,false,false,false,false,clean,false
048430,유라테크,KOSDAQ,common_stock,,,2010-01-01,false,false,false,false,false,false,clean,false
206650,유바이오로직스,KOSDAQ,common_stock,,,2010-01-01,false,false,false,false,false,false,clean,false
089850,유비벨록스,KOSDAQ,common_stock,,,2010-01-01,false,false,false,false,false,false,clean,false
084440,유비온,KOSDAQ,common_stock,,,2010-01-01,false,false,false,false,false,false,clean,false
264450,유비쿼스,KOSDAQ,common_stock,,,2010-01-01,false,false,false,false,false,false,clean,false
078070,유비쿼스홀딩스,KOSDAQ,common_stock,,,2010-01-01,false,false,false,false,false,false,clean,false
024800,유성티엔에스,KOSDAQ,common_stock,,,2010-01-01,false,false,false,false,false,false,clean,false
054930,유신,KOSDAQ,common_stock,,,2010-01-01,false,false,false,false,false,false,clean,false
069330,유아이디,KOSDAQ,common_stock,,,2010-01-01,false,false,false,false,false,false,clean,false
049520,유아이엘,KOSDAQ,common_stock,,,2010-01-01,false,false,false,false,false,false,clean,false
473050,유안타제15호스팩,KOSDAQ,spac,,,2010-01-01,false,false,false,true,false,false,clean,false
474490,유안타제16호스팩,KOSDAQ,spac,,,2010-01-01,false,false,false,true,false,false,clean,false
493790,유안타제17호스팩,KOSDAQ,spac,,,2010-01-01,false,false,false,true,false,false,clean,false
263770,유에스티,KOSDAQ,common_stock,,,2010-01-01,false,false,false,false,false,false,clean,false
388720,유일로보틱스,KOSDAQ,common_stock,,,2010-01-01,false,false,false,false,false,false,clean,false
023410,유진기업,KOSDAQ,common_stock,,,2010-01-01,false,false,false,false,false,false,clean,false
056080,유진로봇,KOSDAQ,common_stock,,,2010-01-01,false,false,false,false,false,false,clean,false
468760,유진스팩10호,KOSDAQ,spac,,,2010-01-01,false,false,false,true,false,false,clean,false
488060,유진스팩11호,KOSDAQ,spac,,,2010-01-01,false,false,false,true,false,false,clean,false
0105P0,유진스팩12호,KOSDAQ,spac,,,2010-01-01,false,false,false,true,false,false,clean,false
084370,유진테크,KOSDAQ,common_stock,,,2010-01-01,false,false,false,false,false,false,clean,false
240600,유진테크놀로지,KOSDAQ,common_stock,,,2010-01-01,false,false,false,false,false,false,clean,false
179900,유티아이,KOSDAQ,common_stock,,,2010-01-01,false,false,false,false,false,false,clean,false
263050,유틸렉스,KOSDAQ,common_stock,,,2010-01-01,false,false,false,false,false,false,clean,false
191410,육일씨엔에쓰,KOSDAQ,common_stock,,,2010-01-01,false,false,false,false,false,false,clean,false
372170,윤성에프앤씨,KOSDAQ,common_stock,,,2010-01-01,false,false,false,false,false,false,clean,false
146060,율촌,KOSDAQ,common_stock,,,2010-01-01,false,false,false,false,false,false,clean,false
039020,이건홀딩스,KOSDAQ,common_stock,,,2010-01-01,false,false,false,false,false,false,clean,false
067920,이글루,KOSDAQ,common_stock,,,2010-01-01,false,false,false,false,false,false,clean,false
044960,이글벳,KOSDAQ,common_stock,,,2010-01-01,false,false,false,false,false,false,clean,false
303530,이노뎁,KOSDAQ,common_stock,,,2010-01-01,false,false,false,false,false,false,clean,false
302430,이노메트리,KOSDAQ,common_stock,,,2010-01-01,false,false,false,false,false,false,clean,false
462350,이노스페이스,KOSDAQ,common_stock,,,2010-01-01,false,false,false,false,false,false,clean,false
274400,이노시뮬레이션,KOSDAQ,common_stock,,,2010-01-01,false,false,false,false,false,false,clean,false
296640,이노에이엑스,KOSDAQ,common_stock,,,2010-01-01,false,false,false,false,false,false,clean,false
215790,이노인스트루먼트,KOSDAQ,common_stock,,,2010-01-01,false,false,false,false,false,false,clean,false
344860,이노진,KOSDAQ,common_stock,,,2010-01-01,false,false,false,false,false,false,clean,false
333050,이노테나,KOSDAQ,common_stock,,,2010-01-01,false,false,false,false,false,false,clean,false
469610,이노테크,KOSDAQ,common_stock,,,2010-01-01,false,false,false,false,false,false,clean,false
088390,이녹스,KOSDAQ,common_stock,,,2010-01-01,false,false,false,false,false,false,clean,false
272290,이녹스첨단소재,KOSDAQ,common_stock,,,2010-01-01,false,false,false,false,false,false,clean,false
053350,이니텍,KOSDAQ,common_stock,,,2010-01-01,false,false,false,false,false,false,clean,false
452400,이닉스,KOSDAQ,common_stock,,,2010-01-01,false,false,false,false,false,false,clean,false
264850,이랜시스,KOSDAQ,common_stock,,,2010-01-01,false,false,false,false,false,false,clean,false
054210,이랜텍,KOSDAQ,common_stock,,,2010-01-01,false,false,false,false,false,false,clean,false
009730,이렘,KOSDAQ,common_stock,,,2010-01-01,false,false,false,false,false,false,clean,false
065440,이루온,KOSDAQ,common_stock,,,2010-01-01,false,false,false,false,false,false,clean,false
424870,이뮨온시아,KOSDAQ,common_stock,,,2010-01-01,false,false,false,false,false,false,clean,false
115610,이미지스,KOSDAQ,common_stock,,,2010-01-01,false,false,false,false,false,false,clean,false
478110,이베스트스팩6호,KOSDAQ,spac,,,2010-01-01,false,false,false,true,false,false,clean,false
131400,이브이첨단소재,KOSDAQ,common_stock,,,2010-01-01,false,false,false,false,false,false,clean,false
351330,이삭엔지니어링,KOSDAQ,common_stock,,,2010-01-01,false,false,false,false,false,false,clean,false
080010,이상네트웍스,KOSDAQ,common_stock,,,2010-01-01,false,false,false,false,false,false,clean,false
086890,이수앱지스,KOSDAQ,common_stock,,,2010-01-01,false,false,false,false,false,false,clean,false
047560,이스트소프트,KOSDAQ,common_stock,,,2010-01-01,false,false,false,false,false,false,clean,false
239340,이스트에이드,KOSDAQ,common_stock,,,2010-01-01,false,false,false,false,false,false,clean,false
067010,이씨에스,KOSDAQ,common_stock,,,2010-01-01,false,false,false,false,false,false,clean,false
456070,이엔셀,KOSDAQ,common_stock,,,2010-01-01,false,false,false,false,false,false,clean,false
102710,이엔에프테크놀로지,KOSDAQ,common_stock,,,2010-01-01,false,false,false,false,false,false,clean,false
041520,이엘씨,KOSDAQ,common_stock,,,2010-01-01,false,false,false,false,false,false,clean,false
063760,이엘피,KOSDAQ,common_stock,,,2010-01-01,false,false,false,false,false,false,clean,false
123570,이엠넷,KOSDAQ,common_stock,,,2010-01-01,false,false,false,false,false,false,clean,false
083470,이엠앤아이,KOSDAQ,common_stock,,,2010-01-01,false,false,false,false,false,false,clean,false
091120,이엠텍,KOSDAQ,common_stock,,,2010-01-01,false,false,false,false,false,false,clean,false
039030,이오테크닉스,KOSDAQ,common_stock,,,2010-01-01,false,false,false,false,false,false,clean,false
294090,이오플로우,KOSDAQ,preferred_stock,,,2010-01-01,true,false,false,false,false,false,clean,false
088290,이원컴포텍,KOSDAQ,common_stock,,,2010-01-01,false,false,false,false,false,false,clean,false
353810,이지바이오,KOSDAQ,common_stock,,,2010-01-01,false,false,false,false,false,false,clean,false
261520,이지스,KOSDAQ,common_stock,,,2010-01-01,false,false,false,false,false,false,clean,false
099750,이지케어텍,KOSDAQ,common_stock,,,2010-01-01,false,false,false,false,false,false,clean,false
377330,이지트로닉스,KOSDAQ,common_stock,,,2010-01-01,false,false,false,false,false,false,clean,false
035810,이지홀딩스,KOSDAQ,common_stock,,,2010-01-01,false,false,false,false,false,false,clean,false
092130,이크레더블,KOSDAQ,common_stock,,,2010-01-01,false,false,false,false,false,false,clean,false
134060,이퓨쳐,KOSDAQ,common_stock,,,2010-01-01,false,false,false,false,false,false,clean,false
001840,이화공영,KOSDAQ,common_stock,,,2010-01-01,false,false,false,false,false,false,clean,false
041830,인바디,KOSDAQ,common_stock,,,2010-01-01,false,false,false,false,false,false,clean,false
352940,인바이오,KOSDAQ,common_stock,,,2010-01-01,false,false,false,false,false,false,clean,false
079950,인베니아,KOSDAQ,common_stock,,,2010-01-01,false,false,false,false,false,false,clean,false
0007J0,인벤테라,KOSDAQ,common_stock,,,2010-01-01,false,false,false,false,false,false,clean,false
389470,인벤티지랩,KOSDAQ,common_stock,,,2010-01-01,false,false,false,false,false,false,clean,false
277410,인산가,KOSDAQ,common_stock,,,2010-01-01,false,false,false,false,false,false,clean,false
060150,인선이엔티,KOSDAQ,common_stock,,,2010-01-01,false,false,false,false,false,false,clean,false
033230,인성정보,KOSDAQ,common_stock,,,2010-01-01,false,false,false,false,false,false,clean,false
450520,인스웨이브,KOSDAQ,common_stock,,,2010-01-01,false,false,false,false,false,false,clean,false
465480,인스피언,KOSDAQ,common_stock,,,2010-01-01,false,false,false,false,false,false,clean,false
037330,인지디스플레,KOSDAQ,common_stock,,,2010-01-01,false,false,false,false,false,false,clean,false
100030,인지소프트,KOSDAQ,common_stock,,,2010-01-01,false,false,false,false,false,false,clean,false
211050,인카금융서비스,KOSDAQ,common_stock,,,2010-01-01,false,false,false,false,false,false,clean,false
083640,인콘,KOSDAQ,common_stock,,,2010-01-01,false,false,false,false,false,false,clean,false
064090,인크레더블버즈,KOSDAQ,common_stock,,,2010-01-01,false,false,false,false,false,false,clean,false
216050,인크로스,KOSDAQ,common_stock,,,2010-01-01,false,false,false,false,false,false,clean,false
049070,인탑스,KOSDAQ,common_stock,,,2010-01-01,false,false,false,false,false,false,clean,false
119610,인터로조,KOSDAQ,common_stock,,,2010-01-01,false,false,false,false,false,false,clean,false
017250,인터엠,KOSDAQ,common_stock,,,2010-01-01,false,false,false,false,false,false,clean,false
051370,인터플렉스,KOSDAQ,common_stock,,,2010-01-01,false,false,false,false,false,false,clean,false
064290,인텍플러스,KOSDAQ,common_stock,,,2010-01-01,false,false,false,false,false,false,clean,false
189300,인텔리안테크,KOSDAQ,common_stock,,,2010-01-01,false,false,false,false,false,false,clean,false
287840,인투셀,KOSDAQ,common_stock,,,2010-01-01,false,false,false,false,false,false,clean,false
048530,인트론바이오,KOSDAQ,common_stock,,,2010-01-01,false,false,false,false,false,false,clean,false
070590,인티큐브,KOSDAQ,common_stock,,,2010-01-01,false,false,false,false,false,false,clean,false
115310,인포바인,KOSDAQ,common_stock,,,2010-01-01,false,false,false,false,false,false,clean,false
039290,인포뱅크,KOSDAQ,common_stock,,,2010-01-01,false,false,false,false,false,false,clean,false
071200,인피니트헬스케어,KOSDAQ,common_stock,,,2010-01-01,false,false,false,false,false,false,clean,false
101930,인화정공,KOSDAQ,common_stock,,,2010-01-01,false,false,false,false,false,false,clean,false
333430,일승,KOSDAQ,common_stock,,,2010-01-01,false,false,false,false,false,false,clean,false
068330,일신바이오,KOSDAQ,common_stock,,,2010-01-01,false,false,false,false,false,false,clean,false
178780,일월지엠엘,KOSDAQ,common_stock,,,2010-01-01,false,false,false,false,false,false,clean,false
019540,일지테크,KOSDAQ,common_stock,,,2010-01-01,false,false,false,false,false,false,clean,false
094820,일진파워,KOSDAQ,common_stock,,,2010-01-01,false,false,false,false,false,false,clean,false
950140,잉글우드랩,KOSDAQ,common_stock,,,2010-01-01,false,false,false,false,false,false,clean,false
049550,잉크테크,KOSDAQ,common_stock,,,2010-01-01,false,false,false,false,false,false,clean,false
389020,자람테크놀로지,KOSDAQ,common_stock,,,2010-01-01,false,false,false,false,false,false,clean,false
254120,자비스,KOSDAQ,common_stock,,,2010-01-01,false,false,false,false,false,false,clean,false
043910,자연과환경,KOSDAQ,common_stock,,,2010-01-01,false,false,false,false,false,false,clean,false
234920,자이글,KOSDAQ,common_stock,,,2010-01-01,false,false,false,false,false,false,clean,false
289220,자이언트스텝,KOSDAQ,common_stock,,,2010-01-01,false,false,false,false,false,false,clean,false
049630,재영솔루텍,KOSDAQ,common_stock,,,2010-01-01,false,false,false,false,false,false,clean,false
417840,저스템,KOSDAQ,common_stock,,,2010-01-01,false,false,false,false,false,false,clean,false
110020,전진바이오팜,KOSDAQ,common_stock,,,2010-01-01,false,false,false,false,false,false,clean,false
208140,정다운,KOSDAQ,common_stock,,,2010-01-01,false,false,false,false,false,false,clean,false
040420,정상제이엘에스,KOSDAQ,common_stock,,,2010-01-01,false,false,false,false,false,false,clean,false
045510,정원엔시스,KOSDAQ,common_stock,,,2010-01-01,false,false,false,false,false,false,clean,false
217190,제너셈,KOSDAQ,common_stock,,,2010-01-01,false,false,false,false,false,false,clean,false
095700,제넥신,KOSDAQ,common_stock,,,2010-01-01,false,false,false,false,false,false,clean,false
122310,제노레이,KOSDAQ,common_stock,,,2010-01-01,false,false,false,false,false,false,clean,false
361390,제노코,KOSDAQ,common_stock,,,2010-01-01,false,false,false,false,false,false,clean,false
225220,제놀루션,KOSDAQ,common_stock,,,2010-01-01,false,false,false,false,false,false,clean,false
123330,제닉,KOSDAQ,common_stock,,,2010-01-01,false,false,false,false,false,false,clean,false
381620,제닉스로보틱스,KOSDAQ,common_stock,,,2010-01-01,false,false,false,false,false,false,clean,false
159580,제로투세븐,KOSDAQ,common_stock,,,2010-01-01,false,false,false,false,false,false,clean,false
147830,제룡산업,KOSDAQ,common_stock,,,2010-01-01,false,false,false,false,false,false,clean,false
033100,제룡전기,KOSDAQ,common_stock,,,2010-01-01,false,false,false,false,false,false,clean,false
079370,제우스,KOSDAQ,common_stock,,,2010-01-01,false,false,false,false,false,false,clean,false
054950,제이브이엠,KOSDAQ,common_stock,,,2010-01-01,false,false,false,false,false,false,clean,false
090470,제이스로보틱스,KOSDAQ,common_stock,,,2010-01-01,false,false,false,false,false,false,clean,false
023440,제이스코홀딩스,KOSDAQ,common_stock,,,2010-01-01,false,false,false,false,false,false,clean,false
137950,제이씨케미칼,KOSDAQ,common_stock,,,2010-01-01,false,false,false,false,false,false,clean,false
033320,제이씨현시스템,KOSDAQ,common_stock,,,2010-01-01,false,false,false,false,false,false,clean,false
417500,제이아이테크,KOSDAQ,common_stock,,,2010-01-01,false,false,false,false,false,false,clean,false
204270,제이앤티씨,KOSDAQ,common_stock,,,2010-01-01,false,false,false,false,false,false,clean,false
127120,제이에스링크,KOSDAQ,common_stock,,,2010-01-01,false,false,false,false,false,false,clean,false
026040,제이에스티나,KOSDAQ,common_stock,,,2010-01-01,false,false,false,false,false,false,clean,false
452160,제이엔비,KOSDAQ,common_stock,,,2010-01-01,false,false,false,false,false,false,clean,false
126880,제이엔케이글로벌,KOSDAQ,common_stock,,,2010-01-01,false,false,false,false,false,false,clean,false
322510,제이엘케이,KOSDAQ,common_stock,,,2010-01-01,false,false,false,false,false,false,clean,false
033050,제이엠아이,KOSDAQ,common_stock,,,2010-01-01,false,false,false,false,false,false,clean,false
094970,제이엠티,KOSDAQ,common_stock,,,2010-01-01,false,false,false,false,false,false,clean,false
418550,제이오,KOSDAQ,common_stock,,,2010-01-01,false,false,false,false,false,false,clean,false
060230,제이케이시냅스,KOSDAQ,common_stock,,,2010-01-01,false,false,false,false,false,false,clean,false
420570,제이투케이바이오,KOSDAQ,common_stock,,,2010-01-01,false,false,false,false,false,false,clean,false
089790,제이티,KOSDAQ,common_stock,,,2010-01-01,false,false,false,false,false,false,clean,false
0010V0,제이피아이헬스케어,KOSDAQ,common_stock,,,2010-01-01,false,false,false,false,false,false,clean,false
412540,제일엠앤에스,KOSDAQ,common_stock,,,2010-01-01,false,false,false,false,false,false,clean,false
199820,제일일렉트릭,KOSDAQ,common_stock,,,2010-01-01,false,false,false,false,false,false,clean,false
038010,제일테크노스,KOSDAQ,common_stock,,,2010-01-01,false,false,false,false,false,false,clean,false
080220,제주반도체,KOSDAQ,common_stock,,,2010-01-01,false,false,false,false,false,false,clean,false
216080,제테마,KOSDAQ,common_stock,,,2010-01-01,false,false,false,false,false,false,clean,false
337930,젝시믹스,KOSDAQ,common_stock,,,2010-01-01,false,false,false,false,false,false,clean,false
229000,젠큐릭스,KOSDAQ,common_stock,,,2010-01-01,false,false,false,false,false,false,clean,false
082270,젬백스,KOSDAQ,common_stock,,,2010-01-01,false,false,false,false,false,false,clean,false
153890,져스텍,KOSDAQ,common_stock,,,2010-01-01,false,false,false,false,false,false,clean,false
034940,조아제약,KOSDAQ,common_stock,,,2010-01-01,false,false,false,false,false,false,clean,false
067000,조이시티,KOSDAQ,common_stock,,,2010-01-01,false,false,false,false,false,false,clean,false
309930,조이웍스앤코,KOSDAQ,common_stock,,,2010-01-01,false,false,false,false,false,false,clean,false
018700,졸스,KOSDAQ,common_stock,,,2010-01-01,false,false,false,false,false,false,clean,false
033340,좋은사람들,KOSDAQ,common_stock,,,2010-01-01,false,false,false,false,false,false,clean,false
036930,주성엔지니어링,KOSDAQ,common_stock,,,2010-01-01,false,false,false,false,false,false,clean,false
072020,중앙백신,KOSDAQ,common_stock,,,2010-01-01,false,false,false,false,false,false,clean,false
000440,중앙에너비스,KOSDAQ,common_stock,,,2010-01-01,false,false,false,false,false,false,clean,false
051980,중앙첨단소재,KOSDAQ,common_stock,,,2010-01-01,false,false,false,false,false,false,clean,false
221800,지구홀딩스,KOSDAQ,common_stock,,,2010-01-01,false,false,false,false,false,false,clean,false
228760,지노믹트리,KOSDAQ,common_stock,,,2010-01-01,false,false,false,false,false,false,clean,false
314130,지놈앤컴퍼니,KOSDAQ,common_stock,,,2010-01-01,false,false,false,false,false,false,clean,false
389030,지니너스,KOSDAQ,common_stock,,,2010-01-01,false,false,false,false,false,false,clean,false
263860,지니언스,KOSDAQ,common_stock,,,2010-01-01,false,false,false,false,false,false,clean,false
303030,지니틱스,KOSDAQ,common_stock,,,2010-01-01,false,false,false,false,false,false,clean,false
208350,지란지교시큐리티,KOSDAQ,common_stock,,,2010-01-01,false,false,false,false,false,false,clean,false
446840,지슨,KOSDAQ,common_stock,,,2010-01-01,false,false,false,false,false,false,clean,false
144510,지씨셀,KOSDAQ,common_stock,,,2010-01-01,false,false,false,false,false,false,clean,false
340450,지씨지놈,KOSDAQ,common_stock,,,2010-01-01,false,false,false,false,false,false,clean,false
306620,지아이에스,KOSDAQ,common_stock,,,2010-01-01,false,false,false,false,false,false,clean,false
358570,지아이이노베이션,KOSDAQ,common_stock,,,2010-01-01,false,false,false,false,false,false,clean,false
382480,지아이텍,KOSDAQ,common_stock,,,2010-01-01,false,false,false,false,false,false,clean,false
382800,지앤비에스 에코,KOSDAQ,common_stock,,,2010-01-01,false,false,false,false,false,false,clean,false
051160,지어소프트,KOSDAQ,common_stock,,,2010-01-01,false,false,false,false,false,false,clean,false
053050,지에스이,KOSDAQ,common_stock,,,2010-01-01,false,false,false,false,false,false,clean,false
388610,지에프씨생명과학,KOSDAQ,common_stock,,,2010-01-01,false,false,false,false,false,false,clean,false
493330,지에프아이,KOSDAQ,common_stock,,,2010-01-01,false,false,false,false,false,false,clean,false
119850,지엔씨에너지,KOSDAQ,common_stock,,,2010-01-01,false,false,false,false,false,false,clean,false
065060,지엔코,KOSDAQ,common_stock,,,2010-01-01,false,false,false,false,false,false,clean,false
204840,지엘팜텍,KOSDAQ,common_stock,,,2010-01-01,false,false,false,false,false,false,clean,false
311320,지오엘리먼트,KOSDAQ,common_stock,,,2010-01-01,false,false,false,false,false,false,clean,false
456160,지투지바이오,KOSDAQ,common_stock,,,2010-01-01,false,false,false,false,false,false,clean,false
388050,지투파워,KOSDAQ,common_stock,,,2010-01-01,false,false,false,false,false,false,clean,false
018120,진로발효,KOSDAQ,common_stock,,,2010-01-01,false,false,false,false,false,false,clean,false
109820,진매트릭스,KOSDAQ,common_stock,,,2010-01-01,false,false,false,false,false,false,clean,false
086060,진바이오텍,KOSDAQ,common_stock,,,2010-01-01,false,false,false,false,false,false,clean,false
036890,진성티이씨,KOSDAQ,common_stock,,,2010-01-01,false,false,false,false,false,false,clean,false
363250,진시스템,KOSDAQ,common_stock,,,2010-01-01,false,false,false,false,false,false,clean,false
007370,진양제약,KOSDAQ,common_stock,,,2010-01-01,false,false,false,false,false,false,clean,false
285800,진영,KOSDAQ,common_stock,,,2010-01-01,false,false,false,false,false,false,clean,false
085660,차바이오텍,KOSDAQ,common_stock,,,2010-01-01,false,false,false,false,false,false,clean,false
351870,차이커뮤니케이션,KOSDAQ,common_stock,,,2010-01-01,false,false,false,false,false,false,clean,false
094850,참좋은여행,KOSDAQ,common_stock,,,2010-01-01,false,false,false,false,false,false,clean,false
004650,창해에탄올,KOSDAQ,common_stock,,,2010-01-01,false,false,false,false,false,false,clean,false
0011T0,채비,KOSDAQ,common_stock,,,2010-01-01,false,false,false,false,false,false,clean,false
278280,천보,KOSDAQ,common_stock,,,2010-01-01,false,false,false,false,false,false,clean,false
362320,청담글로벌,KOSDAQ,common_stock,,,2010-01-01,false,false,false,false,false,false,clean,false
013720,청보,KOSDAQ,common_stock,,,2010-01-01,false,false,false,false,false,false,clean,false
066360,체리부로,KOSDAQ,common_stock,,,2010-01-01,false,false,false,false,false,false,clean,false
047820,초록뱀미디어,KOSDAQ,common_stock,,,2010-01-01,false,false,false,false,false,false,clean,false
094360,칩스앤미디어,KOSDAQ,common_stock,,,2010-01-01,false,false,false,false,false,false,clean,false
0082N0,카나프테라퓨틱스,KOSDAQ,common_stock,,,2010-01-01,false,false,false,false,false,false,clean,false
016920,카스,KOSDAQ,common_stock,,,2010-01-01,false,false,false,false,false,false,clean,false
284620,카이노스메드,KOSDAQ,common_stock,,,2010-01-01,false,false,false,false,false,false,clean,false
293490,카카오게임즈,KOSDAQ,common_stock,,,2010-01-01,false,false,false,false,false,false,clean,false
140430,카티스,KOSDAQ,common_stock,,,2010-01-01,false,false,false,false,false,false,clean,false
042000,카페24,KOSDAQ,common_stock,,,2010-01-01,false,false,false,false,false,false,clean,false
313760,캐리,KOSDAQ,common_stock,,,2010-01-01,false,false,false,false,false,false,clean,false
071850,캐스텍코리아,KOSDAQ,common_stock,,,2010-01-01,false,false,false,false,false,false,clean,false
198080,캐프,KOSDAQ,common_stock,,,2010-01-01,false,false,false,false,false,false,clean,false
210120,캔버스엔,KOSDAQ,common_stock,,,2010-01-01,false,false,false,false,false,false,clean,false
050110,캠시스,KOSDAQ,common_stock,,,2010-01-01,false,false,false,false,false,false,clean,false
452300,캡스톤파트너스,KOSDAQ,common_stock,,,2010-01-01,false,false,false,false,false,false,clean,false
451760,컨텍,KOSDAQ,common_stock,,,2010-01-01,false,false,false,false,false,false,clean,false
900310,컬러레이,KOSDAQ,common_stock,,,2010-01-01,false,false,false,false,false,false,clean,false
078340,컴투스,KOSDAQ,common_stock,,,2010-01-01,false,false,false,false,false,false,clean,false
063080,컴투스홀딩스,KOSDAQ,common_stock,,,2010-01-01,false,false,false,false,false,false,clean,false
307930,컴퍼니케이,KOSDAQ,common_stock,,,2010-01-01,false,false,false,false,false,false,clean,false
079190,케스피온,KOSDAQ,common_stock,,,2010-01-01,false,false,false,false,false,false,clean,false
263700,케어랩스,KOSDAQ,common_stock,,,2010-01-01,false,false,false,false,false,false,clean,false
214370,케어젠,KOSDAQ,common_stock,,,2010-01-01,false,false,false,false,false,false,clean,false
221980,케이디켐,KOSDAQ,common_stock,,,2010-01-01,false,false,false,false,false,false,clean,false
038530,케이바이오랩스,KOSDAQ,common_stock,,,2010-01-01,false,false,false,false,false,false,clean,false
192250,케이사인,KOSDAQ,common_stock,,,2010-01-01,false,false,false,false,false,false,clean,false
431190,케이쓰리아이,KOSDAQ,common_stock,,,2010-01-01,false,false,false,false,false,false,clean,false
115500,케이씨에스,KOSDAQ,common_stock,,,2010-01-01,false,false,false,false,false,false,clean,false
089150,케이씨티,KOSDAQ,common_stock,,,2010-01-01,false,false,false,false,false,false,clean,false
025880,케이씨피드,KOSDAQ,common_stock,,,2010-01-01,false,false,false,false,false,false,clean,false
093320,케이아이엔엑스,KOSDAQ,common_stock,,,2010-01-01,false,false,false,false,false,false,clean,false
093640,케이알엠,KOSDAQ,common_stock,,,2010-01-01,false,false,false,false,false,false,clean,false
073010,케이에스피,KOSDAQ,common_stock,,,2010-01-01,false,false,false,false,false,false,clean,false
105330,케이엔더블유,KOSDAQ,common_stock,,,2010-01-01,false,false,false,false,false,false,clean,false
053080,케이엔솔,KOSDAQ,common_stock,,,2010-01-01,false,false,false,false,false,false,clean,false
199430,케이엔알시스템,KOSDAQ,common_stock,,,2010-01-01,false,false,false,false,false,false,clean,false
432470,케이엔에스,KOSDAQ,common_stock,,,2010-01-01,false,false,false,false,false,false,clean,false
272110,케이엔제이,KOSDAQ,common_stock,,,2010-01-01,false,false,false,false,false,false,clean,false
039420,케이엘넷,KOSDAQ,common_stock,,,2010-01-01,false,false,false,false,false,false,clean,false
083550,케이엠,KOSDAQ,common_stock,,,2010-01-01,false,false,false,false,false,false,clean,false
032500,케이엠더블유,KOSDAQ,common_stock,,,2010-01-01,false,false,false,false,false,false,clean,false
225430,케이엠제약,KOSDAQ,common_stock,,,2010-01-01,false,false,false,false,false,false,clean,false
102370,케이옥션,KOSDAQ,common_stock,,,2010-01-01,false,false,false,false,false,false,clean,false
068100,케이웨더,KOSDAQ,common_stock,,,2010-01-01,false,false,false,false,false,false,clean,false
106080,케이이엠텍,KOSDAQ,common_stock,,,2010-01-01,false,false,false,false,false,false,clean,false
455180,케이지에이,KOSDAQ,common_stock,,,2010-01-01,false,false,false,false,false,false,clean,false
036030,케이티알파,KOSDAQ,common_stock,,,2010-01-01,false,false,false,false,false,false,clean,false
064820,케이프,KOSDAQ,common_stock,,,2010-01-01,false,false,false,false,false,false,clean,false
024880,케이피에프,KOSDAQ,common_stock,,,2010-01-01,false,false,false,false,false,false,clean,false
042040,케이피엠테크,KOSDAQ,common_stock,,,2010-01-01,false,false,false,false,false,false,clean,false
054410,케이피티유,KOSDAQ,common_stock,,,2010-01-01,false,false,false,false,false,false,clean,false
288180,케이피항공산업,KOSDAQ,common_stock,,,2010-01-01,false,false,false,false,false,false,clean,false
258610,케일럼,KOSDAQ,common_stock,,,2010-01-01,false,false,false,false,false,false,clean,false
274090,켄코아에어로스페이스,KOSDAQ,common_stock,,,2010-01-01,false,false,false,false,false,false,clean,false
089010,켐트로닉스,KOSDAQ,common_stock,,,2010-01-01,false,false,false,false,false,false,clean,false
220260,켐트로스,KOSDAQ,common_stock,,,2010-01-01,false,false,false,false,false,false,clean,false
052400,코나아이,KOSDAQ,common_stock,,,2010-01-01,false,false,false,false,false,false,clean,false
402030,코난테크놀로지,KOSDAQ,common_stock,,,2010-01-01,false,false,false,false,false,false,clean,false
391710,코닉오토메이션,KOSDAQ,common_stock,,,2010-01-01,false,false,false,false,false,false,clean,false
046070,코다코,KOSDAQ,common_stock,,,2010-01-01,false,false,false,false,false,false,clean,false
047770,코데즈컴바인,KOSDAQ,common_stock,,,2010-01-01,false,false,false,false,false,false,clean,false
080530,코디,KOSDAQ,common_stock,,,2010-01-01,false,false,false,false,false,false,clean,false
104540,코렌텍,KOSDAQ,common_stock,,,2010-01-01,false,false,false,false,false,false,clean,false
027050,코리아나,KOSDAQ,common_stock,,,2010-01-01,false,false,false,false,false,false,clean,false
190650,코리아에셋투자증권,KOSDAQ,common_stock,,,2010-01-01,false,false,false,false,false,false,clean,false
123410,코리아에프티,KOSDAQ,common_stock,,,2010-01-01,false,false,false,false,false,false,clean,false
036690,코맥스,KOSDAQ,common_stock,,,2010-01-01,false,false,false,false,false,false,clean,false
049430,코메론,KOSDAQ,common_stock,,,2010-01-01,false,false,false,false,false,false,clean,false
183300,코미코,KOSDAQ,common_stock,,,2010-01-01,false,false,false,false,false,false,clean,false
041960,코미팜,KOSDAQ,common_stock,,,2010-01-01,false,false,false,false,false,false,clean,false
089890,코세스,KOSDAQ,common_stock,,,2010-01-01,false,false,false,false,false,false,clean,false
360350,코셈,KOSDAQ,common_stock,,,2010-01-01,false,false,false,false,false,false,clean,false
082660,코스나인,KOSDAQ,common_stock,,,2010-01-01,false,false,false,false,false,false,clean,false
043710,코스리거글로벌,KOSDAQ,common_stock,,,2010-01-01,false,false,false,false,false,false,clean,false
222040,코스맥스엔비티,KOSDAQ,common_stock,,,2010-01-01,false,false,false,false,false,false,clean,false
241710,코스메카코리아,KOSDAQ,common_stock,,,2010-01-01,false,false,false,false,false,false,clean,false
439960,코스모로보틱스,KOSDAQ,common_stock,,,2010-01-01,false,false,false,false,false,false,clean,false
355150,코스텍시스,KOSDAQ,common_stock,,,2010-01-01,false,false,false,false,false,false,clean,false
166480,코아스템켐온,KOSDAQ,common_stock,,,2010-01-01,false,false,false,false,false,false,clean,false
045970,코아시아,KOSDAQ,common_stock,,,2010-01-01,false,false,false,false,false,false,clean,false
196450,코아시아씨엠,KOSDAQ,common_stock,,,2010-01-01,false,false,false,false,false,false,clean,false
384470,코어라인소프트,KOSDAQ,common_stock,,,2010-01-01,false,false,false,false,false,false,clean,false
102940,코오롱생명과학,KOSDAQ,common_stock,,,2010-01-01,false,false,false,false,false,false,clean,false
950160,코오롱티슈진,KOSDAQ,common_stock,,,2010-01-01,false,false,false,false,false,false,clean,false
056360,코위버,KOSDAQ,common_stock,,,2010-01-01,false,false,false,false,false,false,clean,false
282880,코윈테크,KOSDAQ,common_stock,,,2010-01-01,false,false,false,false,false,false,clean,false
121850,코이즈,KOSDAQ,common_stock,,,2010-01-01,false,false,false,false,false,false,clean,false
448710,코츠테크놀로지,KOSDAQ,common_stock,,,2010-01-01,false,false,false,false,false,false,clean,false
126730,코칩,KOSDAQ,common_stock,,,2010-01-01,false,false,false,false,false,false,clean,false
015710,코콤,KOSDAQ,common_stock,,,2010-01-01,false,false,false,false,false,false,clean,false
052330,코텍,KOSDAQ,common_stock,,,2010-01-01,false,false,false,false,false,false,clean,false
322780,코퍼스코리아,KOSDAQ,common_stock,,,2010-01-01,false,false,false,false,false,false,clean,false
215380,콜마바이오텍,KOSDAQ,common_stock,,,2010-01-01,false,false,false,false,false,false,clean,false
200130,콜마비앤에이치,KOSDAQ,common_stock,,,2010-01-01,false,false,false,false,false,false,clean,false
294570,쿠콘,KOSDAQ,common_stock,,,2010-01-01,false,false,false,false,false,false,clean,false
464490,쿼드메디슨,KOSDAQ,common_stock,,,2010-01-01,false,false,false,false,false,false,clean,false
317690,퀀타매트릭스,KOSDAQ,common_stock,,,2010-01-01,false,false,false,false,false,false,clean,false
432720,퀄리타스반도체,KOSDAQ,common_stock,,,2010-01-01,false,false,false,false,false,false,clean,false
365270,큐라클,KOSDAQ,common_stock,,,2010-01-01,false,false,false,false,false,false,clean,false
348080,큐라티스,KOSDAQ,common_stock,,,2010-01-01,false,false,false,false,false,false,clean,false
060280,큐렉소,KOSDAQ,common_stock,,,2010-01-01,false,false,false,false,false,false,clean,false
372320,큐로셀,KOSDAQ,common_stock,,,2010-01-01,false,false,false,false,false,false,clean,false
051780,큐로홀딩스,KOSDAQ,common_stock,,,2010-01-01,false,false,false,false,false,false,clean,false
115180,큐리언트,KOSDAQ,common_stock,,,2010-01-01,false,false,false,false,false,false,clean,false
494120,큐리오시스,KOSDAQ,common_stock,,,2010-01-01,false,false,false,false,false,false,clean,false
445680,큐리옥스바이오시스템즈,KOSDAQ,common_stock,,,2010-01-01,false,false,false,false,false,false,clean,false
182360,큐브엔터,KOSDAQ,common_stock,,,2010-01-01,false,false,false,false,false,false,clean,false
405100,큐알티,KOSDAQ,common_stock,,,2010-01-01,false,false,false,false,false,false,clean,false
066310,큐에스아이,KOSDAQ,common_stock,,,2010-01-01,false,false,false,false,false,false,clean,false
377460,큐에이드,KOSDAQ,common_stock,,,2010-01-01,false,false,false,false,false,false,clean,false
016600,큐캐피탈,KOSDAQ,common_stock,,,2010-01-01,false,false,false,false,false,false,clean,false
355390,크라우드웍스,KOSDAQ,common_stock,,,2010-01-01,false,false,false,false,false,false,clean,false
096240,크레버스,KOSDAQ,common_stock,,,2010-01-01,false,false,false,false,false,false,clean,false
040350,크레오에스지,KOSDAQ,common_stock,,,2010-01-01,false,false,false,false,false,false,clean,false
110790,크리스에프앤씨,KOSDAQ,common_stock,,,2010-01-01,false,false,false,false,false,false,clean,false
900250,크리스탈신소재,KOSDAQ,common_stock,,,2010-01-01,false,false,false,false,false,false,clean,false
045520,크린앤사이언스,KOSDAQ,common_stock,,,2010-01-01,false,false,false,false,false,false,clean,false
214150,클래시스,KOSDAQ,common_stock,,,2010-01-01,false,false,false,false,false,false,clean,false
466100,클로봇,KOSDAQ,common_stock,,,2010-01-01,false,false,false,false,false,false,clean,false
237880,클리오,KOSDAQ,common_stock,,,2010-01-01,false,false,false,false,false,false,clean,false
139670,키네마스터,KOSDAQ,common_stock,,,2010-01-01,false,false,false,false,false,false,clean,false
475430,키스트론,KOSDAQ,common_stock,,,2010-01-01,false,false,false,false,false,false,clean,false
487720,키움제10호스팩,KOSDAQ,spac,,,2010-01-01,false,false,false,true,false,false,clean,false
489480,키움제11호스팩,KOSDAQ,spac,,,2010-01-01,false,false,false,true,false,false,clean,false
466690,키움히어로제1호스팩,KOSDAQ,spac,,,2010-01-01,false,false,false,true,false,false,clean,false
0131D0,키움히어로제2호스팩,KOSDAQ,spac,,,2010-01-01,false,false,false,true,false,false,clean,false
054780,키이스트,KOSDAQ,common_stock,,,2010-01-01,false,false,false,false,false,false,clean,false
256940,킵스파마,KOSDAQ,common_stock,,,2010-01-01,false,false,false,false,false,false,clean,false
219130,타이거일렉,KOSDAQ,common_stock,,,2010-01-01,false,false,false,false,false,false,clean,false
336680,탑런토탈솔루션,KOSDAQ,common_stock,,,2010-01-01,false,false,false,false,false,false,clean,false
360070,탑머티리얼,KOSDAQ,common_stock,,,2010-01-01,false,false,false,false,false,false,clean,false
065130,탑엔지니어링,KOSDAQ,common_stock,,,2010-01-01,false,false,false,false,false,false,clean,false
134580,탑코미디어,KOSDAQ,common_stock,,,2010-01-01,false,false,false,false,false,false,clean,false
023160,태광,KOSDAQ,common_stock,,,2010-01-01,false,false,false,false,false,false,clean,false
323280,태성,KOSDAQ,common_stock,,,2010-01-01,false,false,false,false,false,false,clean,false
053620,태양,KOSDAQ,common_stock,,,2010-01-01,false,false,false,false,false,false,clean,false
044490,태웅,KOSDAQ,common_stock,,,2010-01-01,false,false,false,false,false,false,clean,false
124560,태웅로직스,KOSDAQ,common_stock,,,2010-01-01,false,false,false,false,false,false,clean,false
191420,테고사이언스,KOSDAQ,common_stock,,,2010-01-01,false,false,false,false,false,false,clean,false
950250,테라뷰,KOSDAQ,common_stock,,,2010-01-01,false,false,false,false,false,false,clean,false
073640,테라사이언스,KOSDAQ,common_stock,,,2010-01-01,false,false,false,false,false,false,clean,false
066700,테라젠이텍스,KOSDAQ,common_stock,,,2010-01-01,false,false,false,false,false,false,clean,false
095610,테스,KOSDAQ,common_stock,,,2010-01-01,false,false,false,false,false,false,clean,false
064520,테크엘,KOSDAQ,common_stock,,,2010-01-01,false,false,false,false,false,false,clean,false
089030,테크윙,KOSDAQ,common_stock,,,2010-01-01,false,false,false,false,false,false,clean,false
054450,텔레칩스,KOSDAQ,common_stock,,,2010-01-01,false,false,false,false,false,false,clean,false
200230,텔콘RF제약,KOSDAQ,common_stock,,,2010-01-01,false,false,false,false,false,false,clean,false
393210,토마토시스템,KOSDAQ,common_stock,,,2010-01-01,false,false,false,false,false,false,clean,false
475960,토모큐브,KOSDAQ,common_stock,,,2010-01-01,false,false,false,false,false,false,clean,false
215480,토박스코리아,KOSDAQ,common_stock,,,2010-01-01,false,false,false,false,false,false,clean,false
051360,토비스,KOSDAQ,common_stock,,,2010-01-01,false,false,false,false,false,false,clean,false
045340,토탈소프트,KOSDAQ,common_stock,,,2010-01-01,false,false,false,false,false,false,clean,false
108230,톱텍,KOSDAQ,common_stock,,,2010-01-01,false,false,false,false,false,false,clean,false
079970,투비소프트,KOSDAQ,common_stock,,,2010-01-01,false,false,false,false,false,false,clean,false
199800,툴젠,KOSDAQ,common_stock,,,2010-01-01,false,false,false,false,false,false,clean,false
417790,트루엔,KOSDAQ,common_stock,,,2010-01-01,false,false,false,false,false,false,clean,false
290090,트윔,KOSDAQ,common_stock,,,2010-01-01,false,false,false,false,false,false,clean,false
026150,특수건설,KOSDAQ,common_stock,,,2010-01-01,false,false,false,false,false,false,clean,false
464280,티디에스팜,KOSDAQ,common_stock,,,2010-01-01,false,false,false,false,false,false,clean,false
117730,티로보틱스,KOSDAQ,common_stock,,,2010-01-01,false,false,false,false,false,false,clean,false
033830,티비씨,KOSDAQ,common_stock,,,2010-01-01,false,false,false,false,false,false,clean,false
057680,티사이언티픽,KOSDAQ,common_stock,,,2010-01-01,false,false,false,false,false,false,clean,false
204610,티쓰리,KOSDAQ,common_stock,,,2010-01-01,false,false,false,false,false,false,clean,false
125020,티씨머티리얼즈,KOSDAQ,common_stock,,,2010-01-01,false,false,false,false,false,false,clean,false
064760,티씨케이,KOSDAQ,common_stock,,,2010-01-01,false,false,false,false,false,false,clean,false
246710,티앤알바이오팹,KOSDAQ,common_stock,,,2010-01-01,false,false,false,false,false,false,clean,false
340570,티앤엘,KOSDAQ,common_stock,,,2010-01-01,false,false,false,false,false,false,clean,false
043220,티에스넥스젠,KOSDAQ,common_stock,,,2010-01-01,false,false,false,false,false,false,clean,false
277880,티에스아이,KOSDAQ,common_stock,,,2010-01-01,false,false,false,false,false,false,clean,false
131290,티에스이,KOSDAQ,common_stock,,,2010-01-01,false,false,false,false,false,false,clean,false
425420,티에프이,KOSDAQ,common_stock,,,2010-01-01,false,false,false,false,false,false,clean,false
484810,티엑스알로보틱스,KOSDAQ,common_stock,,,2010-01-01,false,false,false,false,false,false,clean,false
131100,티엔엔터테인먼트,KOSDAQ,common_stock,,,2010-01-01,false,false,false,false,false,false,clean,false
356860,티엘비,KOSDAQ,common_stock,,,2010-01-01,false,false,false,false,false,false,clean,false
321550,티움바이오,KOSDAQ,common_stock,,,2010-01-01,false,false,false,false,false,false,clean,false
425040,티이엠씨,KOSDAQ,common_stock,,,2010-01-01,false,false,false,false,false,false,clean,false
241790,티이엠씨씨엔에스,KOSDAQ,common_stock,,,2010-01-01,false,false,false,false,false,false,clean,false
022220,티케이지애강,KOSDAQ,common_stock,,,2010-01-01,false,false,false,false,false,false,clean,false
104480,티케이케미칼,KOSDAQ,common_stock,,,2010-01-01,false,false,false,false,false,false,clean,false
081150,티플랙스,KOSDAQ,common_stock,,,2010-01-01,false,false,false,false,false,false,clean,false
130740,티피씨글로벌,KOSDAQ,common_stock,,,2010-01-01,false,false,false,false,false,false,clean,false
084730,팅크웨어,KOSDAQ,common_stock,,,2010-01-01,false,false,false,false,false,false,clean,false
440110,파두,KOSDAQ,common_stock,,,2010-01-01,false,false,false,false,false,false,clean,false
290560,파라택시스이더리움,KOSDAQ,common_stock,,,2010-01-01,false,false,false,false,false,false,clean,false
288330,파라택시스코리아,KOSDAQ,common_stock,,,2010-01-01,false,false,false,false,false,false,clean,false
033540,파라텍,KOSDAQ,common_stock,,,2010-01-01,false,false,false,false,false,false,clean,false
388870,파로스아이바이오,KOSDAQ,common_stock,,,2010-01-01,false,false,false,false,false,false,clean,false
043200,파루,KOSDAQ,common_stock,,,2010-01-01,false,false,false,false,false,false,clean,false
214450,파마리서치,KOSDAQ,common_stock,,,2010-01-01,false,false,false,false,false,false,clean,false
177830,파버나인,KOSDAQ,common_stock,,,2010-01-01,false,false,false,false,false,false,clean,false
037070,파세코,KOSDAQ,common_stock,,,2010-01-01,false,false,false,false,false,false,clean,false
150900,파수AI,KOSDAQ,common_stock,,,2010-01-01,false,false,false,false,false,false,clean,false
037030,파워넷,KOSDAQ,common_stock,,,2010-01-01,false,false,false,false,false,false,clean,false
047310,파워로직스,KOSDAQ,common_stock,,,2010-01-01,false,false,false,false,false,false,clean,false
368770,파이버프로,KOSDAQ,common_stock,,,2010-01-01,false,false,false,false,false,false,clean,false
170790,파이오링크,KOSDAQ,common_stock,,,2010-01-01,false,false,false,false,false,false,clean,false
900100,파이온엑스,KOSDAQ,common_stock,,,2010-01-01,false,false,false,false,false,false,clean,false
049120,파인디앤씨,KOSDAQ,common_stock,,,2010-01-01,false,false,false,false,false,false,clean,false
038950,파인디지털,KOSDAQ,common_stock,,,2010-01-01,false,false,false,false,false,false,clean,false
387570,파인메딕스,KOSDAQ,common_stock,,,2010-01-01,false,false,false,false,false,false,clean,false
441270,파인엠텍,KOSDAQ,common_stock,,,2010-01-01,false,false,false,false,false,false,clean,false
106240,파인테크닉스,KOSDAQ,common_stock,,,2010-01-01,false,false,false,false,false,false,clean,false
131760,파인텍,KOSDAQ,common_stock,,,2010-01-01,false,false,false,false,false,false,clean,false
065690,파커스,KOSDAQ,common_stock,,,2010-01-01,false,false,false,false,false,false,clean,false
140860,파크시스템스,KOSDAQ,common_stock,,,2010-01-01,false,false,false,false,false,false,clean,false
091700,파트론,KOSDAQ,common_stock,,,2010-01-01,false,false,false,false,false,false,clean,false
032800,판타지오,KOSDAQ,common_stock,,,2010-01-01,false,false,false,false,false,false,clean,false
318010,팜스빌,KOSDAQ,common_stock,,,2010-01-01,false,false,false,false,false,false,clean,false
027710,팜스토리,KOSDAQ,common_stock,,,2010-01-01,false,false,false,false,false,false,clean,false
225590,패션플랫폼,KOSDAQ,common_stock,,,2010-01-01,false,false,false,false,false,false,clean,false
054300,팬스타엔터프라이즈,KOSDAQ,common_stock,,,2010-01-01,false,false,false,false,false,false,clean,false
068050,팬엔터테인먼트,KOSDAQ,common_stock,,,2010-01-01,false,false,false,false,false,false,clean,false
222110,팬젠,KOSDAQ,common_stock,,,2010-01-01,false,false,false,false,false,false,clean,false
271830,팸텍,KOSDAQ,common_stock,,,2010-01-01,false,false,false,false,false,false,clean,false
263750,펄어비스,KOSDAQ,common_stock,,,2010-01-01,false,false,false,false,false,false,clean,false
251970,펌텍코리아,KOSDAQ,common_stock,,,2010-01-01,false,false,false,false,false,false,clean,false
187660,페니트리움바이오,KOSDAQ,common_stock,,,2010-01-01,false,false,false,false,false,false,clean,false
0015S0,페스카로,KOSDAQ,common_stock,,,2010-01-01,false,false,false,false,false,false,clean,false
168360,펨트론,KOSDAQ,common_stock,,,2010-01-01,false,false,false,false,false,false,clean,false
087010,펩트론,KOSDAQ,common_stock,,,2010-01-01,false,false,false,false,false,false,clean,false
064800,포니링크,KOSDAQ,common_stock,,,2010-01-01,false,false,false,false,false,false,clean,false
119500,포메탈,KOSDAQ,common_stock,,,2010-01-01,false,false,false,false,false,false,clean,false
389140,포바이포,KOSDAQ,common_stock,,,2010-01-01,false,false,false,false,false,false,clean,false
105760,포스뱅크,KOSDAQ,common_stock,,,2010-01-01,false,false,false,false,false,false,clean,false
009520,포스코엠텍,KOSDAQ,common_stock,,,2010-01-01,false,false,false,false,false,false,clean,false
189690,포시에스,KOSDAQ,common_stock,,,2010-01-01,false,false,false,false,false,false,clean,false
318020,포인트모바일,KOSDAQ,common_stock,,,2010-01-01,false,false,false,false,false,false,clean,false
256630,포인트엔지니어링,KOSDAQ,common_stock,,,2010-01-01,false,false,false,false,false,false,clean,false
331380,포커스에이아이,KOSDAQ,common_stock,,,2010-01-01,false,false,false,false,false,false,clean,false
208710,포톤,KOSDAQ,common_stock,,,2010-01-01,false,false,false,false,false,false,clean,false
472850,폰드그룹,KOSDAQ,common_stock,,,2010-01-01,false,false,false,false,false,false,clean,false
039980,폴라리스AI,KOSDAQ,common_stock,,,2010-01-01,false,false,false,false,false,false,clean,false
041910,폴라리스AI파마,KOSDAQ,common_stock,,,2010-01-01,false,false,false,false,false,false,clean,false
234100,폴라리스세원,KOSDAQ,common_stock,,,2010-01-01,false,false,false,false,false,false,clean,false
041020,폴라리스오피스,KOSDAQ,common_stock,,,2010-01-01,false,false,false,false,false,false,clean,false
114630,폴라리스우노,KOSDAQ,common_stock,,,2010-01-01,false,false,false,false,false,false,clean,false
487580,폴레드,KOSDAQ,common_stock,,,2010-01-01,false,false,false,false,false,false,clean,false
290720,푸드나무,KOSDAQ,common_stock,,,2010-01-01,false,false,false,false,false,false,clean,false
005670,푸드웰,KOSDAQ,common_stock,,,2010-01-01,false,false,false,false,false,false,clean,false
094940,푸른로보틱스,KOSDAQ,common_stock,,,2010-01-01,false,false,false,false,false,false,clean,false
007330,푸른저축은행,KOSDAQ,common_stock,,,2010-01-01,false,false,false,false,false,false,clean,false
093380,풍강,KOSDAQ,common_stock,,,2010-01-01,false,false,false,false,false,false,clean,false
023900,풍국주정,KOSDAQ,common_stock,,,2010-01-01,false,false,false,false,false,false,clean,false
371950,풍원정밀,KOSDAQ,common_stock,,,2010-01-01,false,false,false,false,false,false,clean,false
298060,풍전약품,KOSDAQ,common_stock,,,2010-01-01,false,false,false,false,false,false,clean,false
370090,퓨런티어,KOSDAQ,common_stock,,,2010-01-01,false,false,false,false,false,false,clean,false
445180,퓨릿,KOSDAQ,common_stock,,,2010-01-01,false,false,false,false,false,false,clean,false
220100,퓨쳐켐,KOSDAQ,common_stock,,,2010-01-01,false,false,false,false,false,false,clean,false
035200,프럼파스트,KOSDAQ,common_stock,,,2010-01-01,false,false,false,false,false,false,clean,false
334970,프레스티지바이오로직스,KOSDAQ,common_stock,,,2010-01-01,false,false,false,false,false,false,clean,false
321260,프로이천,KOSDAQ,common_stock,,,2010-01-01,false,false,false,false,false,false,clean,false
053610,프로텍,KOSDAQ,common_stock,,,2010-01-01,false,false,false,false,false,false,clean,false
468530,프로티나,KOSDAQ,common_stock,,,2010-01-01,false,false,false,false,false,false,clean,false
303360,프로티아,KOSDAQ,common_stock,,,2010-01-01,false,false,false,false,false,false,clean,false
377220,프롬바이오,KOSDAQ,common_stock,,,2010-01-01,false,false,false,false,false,false,clean,false
335810,프리시젼바이오,KOSDAQ,common_stock,,,2010-01-01,false,false,false,false,false,false,clean,false
053160,프리엠스,KOSDAQ,common_stock,,,2010-01-01,false,false,false,false,false,false,clean,false
405000,플라즈맵,KOSDAQ,common_stock,,,2010-01-01,false,false,false,false,false,false,clean,false
041590,플래스크,KOSDAQ,common_stock,,,2010-01-01,false,false,false,false,false,false,clean,false
367000,플래티어,KOSDAQ,common_stock,,,2010-01-01,false,false,false,false,false,false,clean,false
075130,플랜티넷,KOSDAQ,common_stock,,,2010-01-01,false,false,false,false,false,false,clean,false
237820,플레이디,KOSDAQ,common_stock,,,2010-01-01,false,false,false,false,false,false,clean,false
023770,플레이위드,KOSDAQ,common_stock,,,2010-01-01,false,false,false,false,false,false,clean,false
019570,플루토스,KOSDAQ,common_stock,,,2010-01-01,false,false,false,false,false,false,clean,false
300080,플리토,KOSDAQ,common_stock,,,2010-01-01,false,false,false,false,false,false,clean,false
033790,피노,KOSDAQ,common_stock,,,2010-01-01,false,false,false,false,false,false,clean,false
032580,피델릭스,KOSDAQ,common_stock,,,2010-01-01,false,false,false,false,false,false,clean,false
0117P0,피스피스스튜디오,KOSDAQ,common_stock,,,2010-01-01,false,false,false,false,false,false,clean,false
051380,피씨디렉트,KOSDAQ,common_stock,,,2010-01-01,false,false,false,false,false,false,clean,false
241820,피씨엘,KOSDAQ,common_stock,,,2010-01-01,false,false,false,false,false,false,clean,false
452450,피아이이,KOSDAQ,common_stock,,,2010-01-01,false,false,false,false,false,false,clean,false
237750,피앤씨테크,KOSDAQ,common_stock,,,2010-01-01,false,false,false,false,false,false,clean,false
460940,피앤에스로보틱스,KOSDAQ,common_stock,,,2010-01-01,false,false,false,false,false,false,clean,false
319660,피에스케이,KOSDAQ,common_stock,,,2010-01-01,false,false,false,false,false,false,clean,false
031980,피에스케이홀딩스,KOSDAQ,common_stock,,,2010-01-01,false,false,false,false,false,false,clean,false
002230,피에스텍,KOSDAQ,common_stock,,,2010-01-01,false,false,false,false,false,false,clean,false
043370,피에이치에이,KOSDAQ,common_stock,,,2010-01-01,false,false,false,false,false,false,clean,false
239890,피엔에이치테크,KOSDAQ,common_stock,,,2010-01-01,false,false,false,false,false,false,clean,false
347740,피엔케이피부임상연구센타,KOSDAQ,common_stock,,,2010-01-01,false,false,false,false,false,false,clean,false
137400,피엔티,KOSDAQ,common_stock,,,2010-01-01,false,false,false,false,false,false,clean,false
257370,피엔티엠에스,KOSDAQ,common_stock,,,2010-01-01,false,false,false,false,false,false,clean,false
147760,피엠티,KOSDAQ,common_stock,,,2010-01-01,false,false,false,false,false,false,clean,false
128660,피제이메탈,KOSDAQ,common_stock,,,2010-01-01,false,false,false,false,false,false,clean,false
006140,피제이전자,KOSDAQ,common_stock,,,2010-01-01,false,false,false,false,false,false,clean,false
376180,피코그램,KOSDAQ,common_stock,,,2010-01-01,false,false,false,false,false,false,clean,false
304840,피플바이오,KOSDAQ,common_stock,,,2010-01-01,false,false,false,false,false,false,clean,false
087600,픽셀플러스,KOSDAQ,common_stock,,,2010-01-01,false,false,false,false,false,false,clean,false
291810,핀텔,KOSDAQ,common_stock,,,2010-01-01,false,false,false,false,false,false,clean,false
378340,필에너지,KOSDAQ,common_stock,,,2010-01-01,false,false,false,false,false,false,clean,false
161580,필옵틱스,KOSDAQ,common_stock,,,2010-01-01,false,false,false,false,false,false,clean,false
347770,핌스,KOSDAQ,common_stock,,,2010-01-01,false,false,false,false,false,false,clean,false
163730,핑거,KOSDAQ,common_stock,,,2010-01-01,false,false,false,false,false,false,clean,false
417180,핑거스토리,KOSDAQ,common_stock,,,2010-01-01,false,false,false,false,false,false,clean,false
469880,하나30호스팩,KOSDAQ,spac,,,2010-01-01,false,false,false,true,false,false,clean,false
469900,하나31호스팩,KOSDAQ,spac,,,2010-01-01,false,false,false,true,false,false,clean,false
475240,하나32호스팩,KOSDAQ,spac,,,2010-01-01,false,false,false,true,false,false,clean,false
475250,하나33호스팩,KOSDAQ,spac,,,2010-01-01,false,false,false,true,false,false,clean,false
484130,하나34호스팩,KOSDAQ,spac,,,2010-01-01,false,false,false,true,false,false,clean,false
0041L0,하나35호스팩,KOSDAQ,spac,,,2010-01-01,false,false,false,true,false,false,clean,false
0101C0,하나36호스팩,KOSDAQ,spac,,,2010-01-01,false,false,false,true,false,false,clean,false
299030,하나기술,KOSDAQ,common_stock,,,2010-01-01,false,false,false,false,false,false,clean,false
067310,하나마이크론,KOSDAQ,common_stock,,,2010-01-01,false,false,false,false,false,false,clean,false
166090,하나머티리얼즈,KOSDAQ,common_stock,,,2010-01-01,false,false,false,false,false,false,clean,false
136480,하림,KOSDAQ,common_stock,,,2010-01-01,false,false,false,false,false,false,clean,false
003380,하림지주,KOSDAQ,common_stock,,,2010-01-01,false,false,false,false,false,false,clean,false
450330,하스,KOSDAQ,common_stock,,,2010-01-01,false,false,false,false,false,false,clean,false
101670,하이드로리튬,KOSDAQ,common_stock,,,2010-01-01,false,false,false,false,false,false,clean,false
365590,하이딥,KOSDAQ,common_stock,,,2010-01-01,false,false,false,false,false,false,clean,false
149980,하이로닉,KOSDAQ,common_stock,,,2010-01-01,false,false,false,false,false,false,clean,false
013030,하이록코리아,KOSDAQ,common_stock,,,2010-01-01,false,false,false,false,false,false,clean,false
126700,하이비젼시스템,KOSDAQ,common_stock,,,2010-01-01,false,false,false,false,false,false,clean,false
160190,하이젠알앤엠,KOSDAQ,common_stock,,,2010-01-01,false,false,false,false,false,false,clean,false
221840,하이즈항공,KOSDAQ,common_stock,,,2010-01-01,false,false,false,false,false,false,clean,false
106190,하이텍팜,KOSDAQ,common_stock,,,2010-01-01,false,false,false,false,false,false,clean,false
065650,하이퍼코퍼레이션,KOSDAQ,common_stock,,,2010-01-01,false,false,false,false,false,false,clean,false
066130,하츠,KOSDAQ,common_stock,,,2010-01-01,false,false,false,false,false,false,clean,false
004590,한국가구,KOSDAQ,common_stock,,,2010-01-01,false,false,false,false,false,false,clean,false
039340,한국경제TV,KOSDAQ,common_stock,,,2010-01-01,false,false,false,false,false,false,clean,false
034950,한국기업평가,KOSDAQ,common_stock,,,2010-01-01,false,false,false,false,false,false,clean,false
222980,한국맥널티,KOSDAQ,common_stock,,,2010-01-01,false,false,false,false,false,false,clean,false
256840,한국비엔씨,KOSDAQ,common_stock,,,2010-01-01,false,false,false,false,false,false,clean,false
219750,한국비티비,KOSDAQ,common_stock,,,2010-01-01,false,false,false,false,false,false,clean,false
025550,한국선재,KOSDAQ,common_stock,,,2010-01-01,false,false,false,false,false,false,clean,false
017890,한국알콜,KOSDAQ,common_stock,,,2010-01-01,false,false,false,false,false,false,clean,false
080720,한국유니온제약,KOSDAQ,common_stock,,,2010-01-01,false,false,false,false,false,false,clean,false
041460,한국전자인증,KOSDAQ,common_stock,,,2010-01-01,false,false,false,false,false,false,clean,false
101680,한국정밀기계,KOSDAQ,common_stock,,,2010-01-01,false,false,false,false,false,false,clean,false
039740,한국정보공학,KOSDAQ,common_stock,,,2010-01-01,false,false,false,false,false,false,clean,false
053300,한국정보인증,KOSDAQ,common_stock,,,2010-01-01,false,false,false,false,false,false,clean,false
025770,한국정보통신,KOSDAQ,common_stock,,,2010-01-01,false,false,false,false,false,false,clean,false
479880,한국제15호스팩,KOSDAQ,spac,,,2010-01-01,false,false,false,true,false,false,clean,false
0164H0,한국제16호스팩,KOSDAQ,spac,,,2010-01-01,false,false,false,true,false,false,clean,false
062970,한국첨단소재,KOSDAQ,common_stock,,,2010-01-01,false,false,false,false,false,false,clean,false
023760,한국캐피탈,KOSDAQ,common_stock,,,2010-01-01,false,false,false,false,false,false,clean,false
054040,한국컴퓨터,KOSDAQ,common_stock,,,2010-01-01,false,false,false,false,false,false,clean,false
021650,한국큐빅,KOSDAQ,common_stock,,,2010-01-01,false,false,false,false,false,false,clean,false
032300,한국파마,KOSDAQ,common_stock,,,2010-01-01,false,false,false,false,false,false,clean,false
037230,한국팩키지,KOSDAQ,common_stock,,,2010-01-01,false,false,false,false,false,false,clean,false
448900,한국피아이엠,KOSDAQ,common_stock,,,2010-01-01,false,false,false,false,false,false,clean,false
052600,한네트,KOSDAQ,common_stock,,,2010-01-01,false,false,false,false,false,false,clean,false
256150,한독크린텍,KOSDAQ,common_stock,,,2010-01-01,false,false,false,false,false,false,clean,false
092460,한라IMS,KOSDAQ,common_stock,,,2010-01-01,false,false,false,false,false,false,clean,false
125490,한라캐스트,KOSDAQ,common_stock,,,2010-01-01,false,false,false,false,false,false,clean,false
452190,한빛레이저,KOSDAQ,common_stock,,,2010-01-01,false,false,false,false,false,false,clean,false
047080,한빛소프트,KOSDAQ,common_stock,,,2010-01-01,false,false,false,false,false,false,clean,false
452280,한선엔지니어링,KOSDAQ,common_stock,,,2010-01-01,false,false,false,false,false,false,clean,false
066980,한성크린텍,KOSDAQ,common_stock,,,2010-01-01,false,false,false,false,false,false,clean,false
114810,한솔아이원스,KOSDAQ,common_stock,,,2010-01-01,false,false,false,false,false,false,clean,false
042520,한스바이오메드,KOSDAQ,common_stock,,,2010-01-01,false,false,false,false,false,false,clean,false
430690,한싹,KOSDAQ,common_stock,,,2010-01-01,false,false,false,false,false,false,clean,false
078350,한양디지텍,KOSDAQ,common_stock,,,2010-01-01,false,false,false,false,false,false,clean,false
045100,한양이엔지,KOSDAQ,common_stock,,,2010-01-01,false,false,false,false,false,false,clean,false
320000,한울반도체,KOSDAQ,common_stock,,,2010-01-01,false,false,false,false,false,false,clean,false
091440,한울소재과학,KOSDAQ,common_stock,,,2010-01-01,false,false,false,false,false,false,clean,false
276730,한울앤제주,KOSDAQ,common_stock,,,2010-01-01,false,false,false,false,false,false,clean,false
024740,한일단조,KOSDAQ,common_stock,,,2010-01-01,false,false,false,false,false,false,clean,false
005860,한일사료,KOSDAQ,common_stock,,,2010-01-01,false,false,false,false,false,false,clean,false
007770,한일화학,KOSDAQ,common_stock,,,2010-01-01,false,false,false,false,false,false,clean,false
198940,한주라이트메탈,KOSDAQ,common_stock,,,2010-01-01,false,false,false,false,false,false,clean,false
058450,한주에이알티,KOSDAQ,common_stock,,,2010-01-01,false,false,false,false,false,false,clean,false
107640,한중엔시에스,KOSDAQ,common_stock,,,2010-01-01,false,false,false,false,false,false,clean,false
079170,한창산업,KOSDAQ,common_stock,,,2010-01-01,false,false,false,false,false,false,clean,false
030520,한컴,KOSDAQ,common_stock,,,2010-01-01,false,false,false,false,false,false,clean,false
054920,한컴위드,KOSDAQ,common_stock,,,2010-01-01,false,false,false,false,false,false,clean,false
457370,한켐,KOSDAQ,common_stock,,,2010-01-01,false,false,false,false,false,false,clean,false
002680,한탑,KOSDAQ,common_stock,,,2010-01-01,false,false,false,false,false,false,clean,false
098070,한텍,KOSDAQ,common_stock,,,2010-01-01,false,false,false,false,false,false,clean,false
408470,한패스,KOSDAQ,common_stock,,,2010-01-01,false,false,false,false,false,false,clean,false
498390,한화플러스제5호스팩,KOSDAQ,spac,,,2010-01-01,false,false,false,true,false,false,clean,false
034810,해성산업,KOSDAQ,common_stock,,,2010-01-01,false,false,false,false,false,false,clean,false
03481K,해성산업1우,KOSDAQ,preferred_stock,,,2010-01-01,true,false,false,false,false,false,clean,false
059270,해성에어로보틱스,KOSDAQ,common_stock,,,2010-01-01,false,false,false,false,false,false,clean,false
076610,해성옵틱스,KOSDAQ,common_stock,,,2010-01-01,false,false,false,false,false,false,clean,false
220180,핸디소프트,KOSDAQ,common_stock,,,2010-01-01,false,false,false,false,false,false,clean,false
900270,헝셩그룹,KOSDAQ,common_stock,,,2010-01-01,false,false,false,false,false,false,clean,false
214180,헥토이노베이션,KOSDAQ,common_stock,,,2010-01-01,false,false,false,false,false,false,clean,false
234340,헥토파이낸셜,KOSDAQ,common_stock,,,2010-01-01,false,false,false,false,false,false,clean,false
084990,헬릭스미스,KOSDAQ,common_stock,,,2010-01-01,false,false,false,false,false,false,clean,false
170030,현대공업,KOSDAQ,common_stock,,,2010-01-01,false,false,false,false,false,false,clean,false
319400,현대무벡스,KOSDAQ,common_stock,,,2010-01-01,false,false,false,false,false,false,clean,false
048410,현대바이오,KOSDAQ,common_stock,,,2010-01-01,false,false,false,false,false,false,clean,false
052260,현대바이오랜드,KOSDAQ,common_stock,,,2010-01-01,false,false,false,false,false,false,clean,false
016790,현대사료,KOSDAQ,common_stock,,,2010-01-01,false,false,false,false,false,false,clean,false
041440,현대에버다임,KOSDAQ,common_stock,,,2010-01-01,false,false,false,false,false,false,clean,false
039010,현대에이치티,KOSDAQ,common_stock,,,2010-01-01,false,false,false,false,false,false,clean,false
090850,현대이지웰,KOSDAQ,common_stock,,,2010-01-01,false,false,false,false,false,false,clean,false
460930,현대힘스,KOSDAQ,common_stock,,,2010-01-01,false,false,false,false,false,false,clean,false
092300,현우산업,KOSDAQ,common_stock,,,2010-01-01,false,false,false,false,false,false,clean,false
011080,형지I&C,KOSDAQ,common_stock,,,2010-01-01,false,false,false,false,false,false,clean,false
308100,형지글로벌,KOSDAQ,common_stock,,,2010-01-01,false,false,false,false,false,false,clean,false
064240,홈캐스트,KOSDAQ,common_stock,,,2010-01-01,false,false,false,false,false,false,clean,false
039610,화성밸브,KOSDAQ,common_stock,,,2010-01-01,false,false,false,false,false,false,clean,false
126640,화신정공,KOSDAQ,common_stock,,,2010-01-01,false,false,false,false,false,false,clean,false
127980,화인써키트,KOSDAQ,common_stock,,,2010-01-01,false,false,false,false,false,false,clean,false
061250,화일약품,KOSDAQ,common_stock,,,2010-01-01,false,false,false,false,false,false,clean,false
097870,효성오앤비,KOSDAQ,common_stock,,,2010-01-01,false,false,false,false,false,false,clean,false
290270,휴네시온,KOSDAQ,common_stock,,,2010-01-01,false,false,false,false,false,false,clean,false
353190,휴럼,KOSDAQ,common_stock,,,2010-01-01,false,false,false,false,false,false,clean,false
090710,휴림로봇,KOSDAQ,common_stock,,,2010-01-01,false,false,false,false,false,false,clean,false
078590,휴림에이텍,KOSDAQ,common_stock,,,2010-01-01,false,false,false,false,false,false,clean,false
205470,휴마시스,KOSDAQ,common_stock,,,2010-01-01,false,false,false,false,false,false,clean,false
115160,휴맥스,KOSDAQ,common_stock,,,2010-01-01,false,false,false,false,false,false,clean,false
028080,휴맥스홀딩스,KOSDAQ,common_stock,,,2010-01-01,false,false,false,false,false,false,clean,false
200670,휴메딕스,KOSDAQ,common_stock,,,2010-01-01,false,false,false,false,false,false,clean,false
065510,휴비츠,KOSDAQ,common_stock,,,2010-01-01,false,false,false,false,false,false,clean,false
263920,휴엠앤씨,KOSDAQ,common_stock,,,2010-01-01,false,false,false,false,false,false,clean,false
243070,휴온스,KOSDAQ,common_stock,,,2010-01-01,false,false,false,false,false,false,clean,false
084110,휴온스글로벌,KOSDAQ,common_stock,,,2010-01-01,false,false,false,false,false,false,clean,false
145020,휴젤,KOSDAQ,common_stock,,,2010-01-01,false,false,false,false,false,false,clean,false
024060,흥구석유,KOSDAQ,common_stock,,,2010-01-01,false,false,false,false,false,false,clean,false
010240,흥국,KOSDAQ,common_stock,,,2010-01-01,false,false,false,false,false,false,clean,false
189980,흥국에프엔비,KOSDAQ,common_stock,,,2010-01-01,false,false,false,false,false,false,clean,false
037440,희림,KOSDAQ,common_stock,,,2010-01-01,false,false,false,false,false,false,clean,false
238490,힘스,KOSDAQ,common_stock,,,2010-01-01,false,false,false,false,false,false,clean,false
