ticker,name,market,sector,listing_date,is_etf,is_spac,is_managed,is_halted,as_of
095570,AJ네트웍스,KOSPI,,,false,false,false,false,2026-07-28
006840,AK홀딩스,KOSPI,,,false,false,false,false,2026-07-28
027410,BGF,KOSPI,,,false,false,false,false,2026-07-28
282330,BGF리테일,KOSPI,,,false,false,false,false,2026-07-28
138930,BNK금융지주,KOSPI,,,false,false,false,false,2026-07-28
001460,BYC,KOSPI,,,false,false,false,false,2026-07-28
001465,BYC우,KOSPI,,,false,false,false,false,2026-07-28
001040,CJ,KOSPI,,,false,false,false,false,2026-07-28
079160,CJ CGV,KOSPI,,,false,false,false,false,2026-07-28
00104K,CJ4우(전환),KOSPI,,,false,false,false,false,2026-07-28
000120,CJ대한통운,KOSPI,,,false,false,false,false,2026-07-28
011150,CJ씨푸드,KOSPI,,,false,false,false,false,2026-07-28
011155,CJ씨푸드1우,KOSPI,,,false,false,false,false,2026-07-28
001045,CJ우,KOSPI,,,false,false,false,false,2026-07-28
097950,CJ제일제당,KOSPI,,,false,false,false,false,2026-07-28
097955,CJ제일제당 우,KOSPI,,,false,false,false,false,2026-07-28
000480,CR홀딩스,KOSPI,,,false,false,false,false,2026-07-28
000590,CS홀딩스,KOSPI,,,false,false,false,false,2026-07-28
012030,DB,KOSPI,,,false,false,false,false,2026-07-28
005830,DB손해보험,KOSPI,,,false,false,false,false,2026-07-28
016610,DB증권,KOSPI,,,false,false,false,false,2026-07-28
000990,DB하이텍,KOSPI,,,false,false,false,false,2026-07-28
000300,DH오토넥스,KOSPI,,,false,false,false,false,2026-07-28
001530,DI동일,KOSPI,,,false,false,false,false,2026-07-28
015590,DKME,KOSPI,,,false,false,false,false,2026-07-28
000210,DL,KOSPI,,,false,false,false,false,2026-07-28
000215,DL우,KOSPI,,,false,false,false,false,2026-07-28
375500,DL이앤씨,KOSPI,,,false,false,false,false,2026-07-28
37550L,DL이앤씨2우(전환),KOSPI,,,false,false,false,false,2026-07-28
37550K,DL이앤씨우,KOSPI,,,false,false,false,false,2026-07-28
007340,DN오토모티브,KOSPI,,,false,false,false,false,2026-07-28
004840,DRB동일,KOSPI,,,false,false,false,false,2026-07-28
155660,DSR,KOSPI,,,false,false,false,false,2026-07-28
069730,DSR제강,KOSPI,,,false,false,false,false,2026-07-28
017860,DS단석,KOSPI,,,false,false,false,false,2026-07-28
092780,DYP,KOSPI,,,false,false,false,false,2026-07-28
017940,E1,KOSPI,,,false,false,false,false,2026-07-28
365550,ESR켄달스퀘어리츠,KOSPI,,,false,false,false,false,2026-07-28
383220,F&F,KOSPI,,,false,false,false,false,2026-07-28
007700,F&F홀딩스,KOSPI,,,false,false,false,false,2026-07-28
114090,GKL,KOSPI,,,false,false,false,false,2026-07-28
078930,GS,KOSPI,,,false,false,false,false,2026-07-28
006360,GS건설,KOSPI,,,false,false,false,false,2026-07-28
001250,GS글로벌,KOSPI,,,false,false,false,false,2026-07-28
007070,GS리테일,KOSPI,,,false,false,false,false,2026-07-28
078935,GS우,KOSPI,,,false,false,false,false,2026-07-28
499790,GS피앤엘,KOSPI,,,false,false,false,false,2026-07-28
012630,HDC,KOSPI,,,false,false,false,false,2026-07-28
039570,HDC랩스,KOSPI,,,false,false,false,false,2026-07-28
089470,HDC현대EP,KOSPI,,,false,false,false,false,2026-07-28
267270,HD건설기계,KOSPI,,,false,false,false,false,2026-07-28
009540,HD한국조선해양,KOSPI,,,false,false,false,false,2026-07-28
267250,HD현대,KOSPI,,,false,false,false,false,2026-07-28
443060,HD현대마린솔루션,KOSPI,,,false,false,false,false,2026-07-28
071970,HD현대마린엔진,KOSPI,,,false,false,false,false,2026-07-28
322000,HD현대에너지솔루션,KOSPI,,,false,false,false,false,2026-07-28
267260,HD현대일렉트릭,KOSPI,,,false,false,false,false,2026-07-28
329180,HD현대중공업,KOSPI,,,false,false,false,false,2026-07-28
097230,HJ중공업,KOSPI,,,false,false,false,false,2026-07-28
014790,HL D&I,KOSPI,,,false,false,false,false,2026-07-28
003580,HLB글로벌,KOSPI,,,false,false,false,false,2026-07-28
204320,HL만도,KOSPI,,,false,false,false,false,2026-07-28
060980,HL홀딩스,KOSPI,,,false,false,false,false,2026-07-28
011200,HMM,KOSPI,,,false,false,false,false,2026-07-28
035000,HS애드,KOSPI,,,false,false,false,false,2026-07-28
002460,HS화성,KOSPI,,,false,false,false,false,2026-07-28
487570,HS효성,KOSPI,,,false,false,false,false,2026-07-28
298050,HS효성첨단소재,KOSPI,,,false,false,false,false,2026-07-28
015360,INVENI,KOSPI,,,false,false,false,false,2026-07-28
294870,IPARK현대산업개발,KOSPI,,,false,false,false,false,2026-07-28
175330,JB금융지주,KOSPI,,,false,false,false,false,2026-07-28
234080,JW생명과학,KOSPI,,,false,false,false,false,2026-07-28
001060,JW중외제약,KOSPI,,,false,false,false,false,2026-07-28
001067,JW중외제약2우B,KOSPI,,,false,false,false,false,2026-07-28
001065,JW중외제약우,KOSPI,,,false,false,false,false,2026-07-28
096760,JW홀딩스,KOSPI,,,false,false,false,false,2026-07-28
008970,KBI동양철관,KOSPI,,,false,false,false,false,2026-07-28
105560,KB금융,KOSPI,,,false,false,false,false,2026-07-28
415640,KB발해인프라,KOSPI,,,false,false,false,false,2026-07-28
432320,KB스타리츠,KOSPI,,,false,false,false,false,2026-07-28
002380,KCC,KOSPI,,,false,false,false,false,2026-07-28
344820,KCC글라스,KOSPI,,,false,false,false,false,2026-07-28
009070,KCTC,KOSPI,,,false,false,false,false,2026-07-28
009440,KC그린홀딩스,KOSPI,,,false,false,false,false,2026-07-28
119650,KC코트렐,KOSPI,,,false,false,false,false,2026-07-28
092220,KEC,KOSPI,,,false,false,false,false,2026-07-28
003620,KG모빌리티,KOSPI,,,false,false,false,false,2026-07-28
016380,KG스틸,KOSPI,,,false,false,false,false,2026-07-28
001390,KG케미칼,KOSPI,,,false,false,false,false,2026-07-28
001940,KISCO홀딩스,KOSPI,,,false,false,false,false,2026-07-28
025000,KPX케미칼,KOSPI,,,false,false,false,false,2026-07-28
092230,KPX홀딩스,KOSPI,,,false,false,false,false,2026-07-28
000040,KR모터스,KOSPI,,,false,false,false,false,2026-07-28
044450,KSS해운,KOSPI,,,false,false,false,false,2026-07-28
030200,KT,KOSPI,,,false,false,false,false,2026-07-28
033780,KT&G,KOSPI,,,false,false,false,false,2026-07-28
058850,KTcs,KOSPI,,,false,false,false,false,2026-07-28
058860,KTis,KOSPI,,,false,false,false,false,2026-07-28
093050,LF,KOSPI,,,false,false,false,false,2026-07-28
003550,LG,KOSPI,,,false,false,false,false,2026-07-28
034220,LG디스플레이,KOSPI,,,false,false,false,false,2026-07-28
051900,LG생활건강,KOSPI,,,false,false,false,false,2026-07-28
051905,LG생활건강우,KOSPI,,,false,false,false,false,2026-07-28
064400,LG씨엔에스,KOSPI,,,false,false,false,false,2026-07-28
373220,LG에너지솔루션,KOSPI,,,false,false,false,false,2026-07-28
003555,LG우,KOSPI,,,false,false,false,false,2026-07-28
032640,LG유플러스,KOSPI,,,false,false,false,false,2026-07-28
011070,LG이노텍,KOSPI,,,false,false,false,false,2026-07-28
066570,LG전자,KOSPI,,,false,false,false,false,2026-07-28
066575,LG전자우,KOSPI,,,false,false,false,false,2026-07-28
037560,LG헬로비전,KOSPI,,,false,false,false,false,2026-07-28
051910,LG화학,KOSPI,,,false,false,false,false,2026-07-28
051915,LG화학우,KOSPI,,,false,false,false,false,2026-07-28
079550,LIG디펜스앤에어로스페이스,KOSPI,,,false,false,false,false,2026-07-28
006260,LS,KOSPI,,,false,false,false,false,2026-07-28
010120,LS ELECTRIC,KOSPI,,,false,false,false,false,2026-07-28
000680,LS네트웍스,KOSPI,,,false,false,false,false,2026-07-28
229640,LS에코에너지,KOSPI,,,false,false,false,false,2026-07-28
108320,LX세미콘,KOSPI,,,false,false,false,false,2026-07-28
001120,LX인터내셔널,KOSPI,,,false,false,false,false,2026-07-28
108670,LX하우시스,KOSPI,,,false,false,false,false,2026-07-28
108675,LX하우시스우,KOSPI,,,false,false,false,false,2026-07-28
383800,LX홀딩스,KOSPI,,,false,false,false,false,2026-07-28
38380K,LX홀딩스1우,KOSPI,,,false,false,false,false,2026-07-28
023150,MH에탄올,KOSPI,,,false,false,false,false,2026-07-28
035420,NAVER,KOSPI,,,false,false,false,false,2026-07-28
036570,NC,KOSPI,,,false,false,false,false,2026-07-28
181710,NHN,KOSPI,,,false,false,false,false,2026-07-28
400760,NH올원리츠,KOSPI,,,false,false,false,false,2026-07-28
005940,NH투자증권,KOSPI,,,false,false,false,false,2026-07-28
005945,NH투자증권우,KOSPI,,,false,false,false,false,2026-07-28
338100,NH프라임리츠,KOSPI,,,false,false,false,false,2026-07-28
034310,NICE,KOSPI,,,false,false,false,false,2026-07-28
030190,NICE평가정보,KOSPI,,,false,false,false,false,2026-07-28
008260,NI스틸,KOSPI,,,false,false,false,false,2026-07-28
004250,NPC,KOSPI,,,false,false,false,false,2026-07-28
004255,NPC우,KOSPI,,,false,false,false,false,2026-07-28
456040,OCI,KOSPI,,,false,false,false,false,2026-07-28
010060,OCI홀딩스,KOSPI,,,false,false,false,false,2026-07-28
178920,PI첨단소재,KOSPI,,,false,false,false,false,2026-07-28
001340,PKC,KOSPI,,,false,false,false,false,2026-07-28
005490,POSCO홀딩스,KOSPI,,,false,false,false,false,2026-07-28
010950,S-Oil,KOSPI,,,false,false,false,false,2026-07-28
010955,S-Oil우,KOSPI,,,false,false,false,false,2026-07-28
034120,SBS,KOSPI,,,false,false,false,false,2026-07-28
003080,SB성보,KOSPI,,,false,false,false,false,2026-07-28
005090,SGC에너지,KOSPI,,,false,false,false,false,2026-07-28
001380,SG글로벌,KOSPI,,,false,false,false,false,2026-07-28
004060,SG세계물산,KOSPI,,,false,false,false,false,2026-07-28
001770,SHD,KOSPI,,,false,false,false,false,2026-07-28
002360,SH에너지화학,KOSPI,,,false,false,false,false,2026-07-28
009160,SIMPAC,KOSPI,,,false,false,false,false,2026-07-28
033530,SJG세종,KOSPI,,,false,false,false,false,2026-07-28
123700,SJM,KOSPI,,,false,false,false,false,2026-07-28
025530,SJM홀딩스,KOSPI,,,false,false,false,false,2026-07-28
034730,SK,KOSPI,,,false,false,false,false,2026-07-28
011790,SKC,KOSPI,,,false,false,false,false,2026-07-28
018670,SK가스,KOSPI,,,false,false,false,false,2026-07-28
001740,SK네트웍스,KOSPI,,,false,false,false,false,2026-07-28
006120,SK디스커버리,KOSPI,,,false,false,false,false,2026-07-28
006125,SK디스커버리우,KOSPI,,,false,false,false,false,2026-07-28
210980,SK디앤디,KOSPI,,,false,false,false,false,2026-07-28
395400,SK리츠,KOSPI,,,false,false,false,false,2026-07-28
302440,SK바이오사이언스,KOSPI,,,false,false,false,false,2026-07-28
326030,SK바이오팜,KOSPI,,,false,false,false,false,2026-07-28
402340,SK스퀘어,KOSPI,,,false,false,false,false,2026-07-28
361610,SK아이이테크놀로지,KOSPI,,,false,false,false,false,2026-07-28
100090,SK오션플랜트,KOSPI,,,false,false,false,false,2026-07-28
03473K,SK우,KOSPI,,,false,false,false,false,2026-07-28
096770,SK이노베이션,KOSPI,,,false,false,false,false,2026-07-28
096775,SK이노베이션우,KOSPI,,,false,false,false,false,2026-07-28
475150,SK이터닉스,KOSPI,,,false,false,false,false,2026-07-28
001510,SK증권,KOSPI,,,false,false,false,false,2026-07-28
001515,SK증권우,KOSPI,,,false,false,false,false,2026-07-28
285130,SK케미칼,KOSPI,,,false,false,false,false,2026-07-28
28513K,SK케미칼우,KOSPI,,,false,false,false,false,2026-07-28
017670,SK텔레콤,KOSPI,,,false,false,false,false,2026-07-28
000660,SK하이닉스,KOSPI,,,false,false,false,false,2026-07-28
003570,SNT다이내믹스,KOSPI,,,false,false,false,false,2026-07-28
064960,SNT모티브,KOSPI,,,false,false,false,false,2026-07-28
100840,SNT에너지,KOSPI,,,false,false,false,false,2026-07-28
036530,SNT홀딩스,KOSPI,,,false,false,false,false,2026-07-28
000390,SP삼화,KOSPI,,,false,false,false,false,2026-07-28
011810,STX,KOSPI,,,false,false,false,false,2026-07-28
465770,STX그린로지스,KOSPI,,,false,false,false,false,2026-07-28
077970,STX엔진,KOSPI,,,false,false,false,false,2026-07-28
002820,SUN&L,KOSPI,,,false,false,false,false,2026-07-28
002170,SYTS,KOSPI,,,false,false,false,false,2026-07-28
084870,TBH글로벌,KOSPI,,,false,false,false,false,2026-07-28
002710,TCC스틸,KOSPI,,,false,false,false,false,2026-07-28
069260,TKG휴켐스,KOSPI,,,false,false,false,false,2026-07-28
007980,TP,KOSPI,,,false,false,false,false,2026-07-28
002900,TYM,KOSPI,,,false,false,false,false,2026-07-28
024070,WISCOM,KOSPI,,,false,false,false,false,2026-07-28
037270,YG PLUS,KOSPI,,,false,false,false,false,2026-07-28
139130,iM금융지주,KOSPI,,,false,false,false,false,2026-07-28
000500,가온전선,KOSPI,,,false,false,false,false,2026-07-28
000860,강남제비스코,KOSPI,,,false,false,false,false,2026-07-28
035250,강원랜드,KOSPI,,,false,false,false,false,2026-07-28
011420,갤럭시아에스엠,KOSPI,,,false,false,false,false,2026-07-28
002100,경농,KOSPI,,,false,false,false,false,2026-07-28
009450,경동나비엔,KOSPI,,,false,false,false,false,2026-07-28
267290,경동도시가스,KOSPI,,,false,false,false,false,2026-07-28
012320,경동인베스트,KOSPI,,,false,false,false,false,2026-07-28
000050,경방,KOSPI,,,false,false,false,false,2026-07-28
214390,경보제약,KOSPI,,,false,false,false,false,2026-07-28
012610,경인양행,KOSPI,,,false,false,false,false,2026-07-28
009140,경인전자,KOSPI,,,false,false,false,false,2026-07-28
013580,계룡건설,KOSPI,,,false,false,false,false,2026-07-28
012200,계양전기,KOSPI,,,false,false,false,false,2026-07-28
012205,계양전기우,KOSPI,,,false,false,false,false,2026-07-28
002140,고려산업,KOSPI,,,false,false,false,false,2026-07-28
010130,고려아연,KOSPI,,,false,false,false,false,2026-07-28
002240,고려제강,KOSPI,,,false,false,false,false,2026-07-28
009290,광동제약,KOSPI,,,false,false,false,false,2026-07-28
017040,광명전기,KOSPI,,,false,false,false,false,2026-07-28
017900,광전자,KOSPI,,,false,false,false,false,2026-07-28
037710,광주신세계,KOSPI,,,false,false,false,false,2026-07-28
030610,교보증권,KOSPI,,,false,false,false,false,2026-07-28
339770,교촌에프앤비,KOSPI,,,false,false,false,false,2026-07-28
007690,국도화학,KOSPI,,,false,false,false,false,2026-07-28
002720,국제약품,KOSPI,,,false,false,false,false,2026-07-28
083420,그린케미칼,KOSPI,,,false,false,false,false,2026-07-28
014530,극동유화,KOSPI,,,false,false,false,false,2026-07-28
014280,금강공업,KOSPI,,,false,false,false,false,2026-07-28
014285,금강공업우,KOSPI,,,false,false,false,false,2026-07-28
008870,금비,KOSPI,,,false,false,false,false,2026-07-28
001570,금양,KOSPI,,,false,false,false,false,2026-07-28
002990,금호건설,KOSPI,,,false,false,false,false,2026-07-28
002995,금호건설우,KOSPI,,,false,false,false,false,2026-07-28
011780,금호석유화학,KOSPI,,,false,false,false,false,2026-07-28
011785,금호석유화학우,KOSPI,,,false,false,false,false,2026-07-28
214330,금호에이치티,KOSPI,,,false,false,false,false,2026-07-28
001210,금호전기,KOSPI,,,false,false,false,false,2026-07-28
073240,금호타이어,KOSPI,,,false,false,false,false,2026-07-28
092440,기신정기,KOSPI,,,false,false,false,false,2026-07-28
000270,기아,KOSPI,,,false,false,false,false,2026-07-28
024110,기업은행,KOSPI,,,false,false,false,false,2026-07-28
013700,까뮤이앤씨,KOSPI,,,false,false,false,false,2026-07-28
004540,깨끗한나라,KOSPI,,,false,false,false,false,2026-07-28
004545,깨끗한나라우,KOSPI,,,false,false,false,false,2026-07-28
001260,남광토건,KOSPI,,,false,false,false,false,2026-07-28
008350,남선알미늄,KOSPI,,,false,false,false,false,2026-07-28
008355,남선알미우,KOSPI,,,false,false,false,false,2026-07-28
004270,남성,KOSPI,,,false,false,false,false,2026-07-28
003920,남양유업,KOSPI,,,false,false,false,false,2026-07-28
003925,남양유업우,KOSPI,,,false,false,false,false,2026-07-28
025860,남해화학,KOSPI,,,false,false,false,false,2026-07-28
005720,넥센,KOSPI,,,false,false,false,false,2026-07-28
005725,넥센우,KOSPI,,,false,false,false,false,2026-07-28
002350,넥센타이어,KOSPI,,,false,false,false,false,2026-07-28
002355,넥센타이어1우B,KOSPI,,,false,false,false,false,2026-07-28
092790,넥스틸,KOSPI,,,false,false,false,false,2026-07-28
251270,넷마블,KOSPI,,,false,false,false,false,2026-07-28
090350,노루페인트,KOSPI,,,false,false,false,false,2026-07-28
090355,노루페인트우,KOSPI,,,false,false,false,false,2026-07-28
000320,노루홀딩스,KOSPI,,,false,false,false,false,2026-07-28
000325,노루홀딩스우,KOSPI,,,false,false,false,false,2026-07-28
006280,녹십자,KOSPI,,,false,false,false,false,2026-07-28
005250,녹십자홀딩스,KOSPI,,,false,false,false,false,2026-07-28
005257,녹십자홀딩스2우,KOSPI,,,false,false,false,false,2026-07-28
004370,농심,KOSPI,,,false,false,false,false,2026-07-28
072710,농심홀딩스,KOSPI,,,false,false,false,false,2026-07-28
058730,다스코,KOSPI,,,false,false,false,false,2026-07-28
030210,다올투자증권,KOSPI,,,false,false,false,false,2026-07-28
023590,다우기술,KOSPI,,,false,false,false,false,2026-07-28
145210,다이나믹디자인,KOSPI,,,false,false,false,false,2026-07-28
483650,달바글로벌,KOSPI,,,false,false,false,false,2026-07-28
019680,대교,KOSPI,,,false,false,false,false,2026-07-28
019685,대교우B,KOSPI,,,false,false,false,false,2026-07-28
006370,대구백화점,KOSPI,,,false,false,false,false,2026-07-28
008060,대덕,KOSPI,,,false,false,false,false,2026-07-28
00806K,대덕1우,KOSPI,,,false,false,false,false,2026-07-28
353200,대덕전자,KOSPI,,,false,false,false,false,2026-07-28
35320K,대덕전자1우,KOSPI,,,false,false,false,false,2026-07-28
000490,대동,KOSPI,,,false,false,false,false,2026-07-28
005750,대림바스,KOSPI,,,false,false,false,false,2026-07-28
006570,대림통상,KOSPI,,,false,false,false,false,2026-07-28
001680,대상,KOSPI,,,false,false,false,false,2026-07-28
001685,대상우,KOSPI,,,false,false,false,false,2026-07-28
084690,대상홀딩스,KOSPI,,,false,false,false,false,2026-07-28
084695,대상홀딩스우,KOSPI,,,false,false,false,false,2026-07-28
128820,대성산업,KOSPI,,,false,false,false,false,2026-07-28
117580,대성에너지,KOSPI,,,false,false,false,false,2026-07-28
016710,대성홀딩스,KOSPI,,,false,false,false,false,2026-07-28
0030R0,대신밸류리츠,KOSPI,,,false,false,false,false,2026-07-28
003540,대신증권,KOSPI,,,false,false,false,false,2026-07-28
003547,대신증권2우B,KOSPI,,,false,false,false,false,2026-07-28
003545,대신증권우,KOSPI,,,false,false,false,false,2026-07-28
009190,대양금속,KOSPI,,,false,false,false,false,2026-07-28
014160,대영포장,KOSPI,,,false,false,false,false,2026-07-28
047040,대우건설,KOSPI,,,false,false,false,false,2026-07-28
003090,대웅,KOSPI,,,false,false,false,false,2026-07-28
069620,대웅제약,KOSPI,,,false,false,false,false,2026-07-28
000430,대원강업,KOSPI,,,false,false,false,false,2026-07-28
006340,대원전선,KOSPI,,,false,false,false,false,2026-07-28
006345,대원전선우,KOSPI,,,false,false,false,false,2026-07-28
003220,대원제약,KOSPI,,,false,false,false,false,2026-07-28
024890,대원화성,KOSPI,,,false,false,false,false,2026-07-28
012800,대창,KOSPI,,,false,false,false,false,2026-07-28
015230,대창단조,KOSPI,,,false,false,false,false,2026-07-28
001070,대한방직,KOSPI,,,false,false,false,false,2026-07-28
006650,대한유화,KOSPI,,,false,false,false,false,2026-07-28
001440,대한전선,KOSPI,,,false,false,false,false,2026-07-28
084010,대한제강,KOSPI,,,false,false,false,false,2026-07-28
001790,대한제당,KOSPI,,,false,false,false,false,2026-07-28
001795,대한제당우,KOSPI,,,false,false,false,false,2026-07-28
001130,대한제분,KOSPI,,,false,false,false,false,2026-07-28
439260,대한조선,KOSPI,,,false,false,false,false,2026-07-28
003490,대한항공,KOSPI,,,false,false,false,false,2026-07-28
003495,대한항공우,KOSPI,,,false,false,false,false,2026-07-28
005880,대한해운,KOSPI,,,false,false,false,false,2026-07-28
003830,대한화섬,KOSPI,,,false,false,false,false,2026-07-28
016090,대현,KOSPI,,,false,false,false,false,2026-07-28
069460,대호에이엘,KOSPI,,,false,false,false,false,2026-07-28
475560,더본코리아,KOSPI,,,false,false,false,false,2026-07-28
192080,더블유게임즈,KOSPI,,,false,false,false,false,2026-07-28
004830,덕성,KOSPI,,,false,false,false,false,2026-07-28
004835,덕성우,KOSPI,,,false,false,false,false,2026-07-28
145720,덴티움,KOSPI,,,false,false,false,false,2026-07-28
002150,도화엔지니어링,KOSPI,,,false,false,false,false,2026-07-28
460850,동국씨엠,KOSPI,,,false,false,false,false,2026-07-28
460860,동국제강,KOSPI,,,false,false,false,false,2026-07-28
001230,동국홀딩스,KOSPI,,,false,false,false,false,2026-07-28
023450,동남합성,KOSPI,,,false,false,false,false,2026-07-28
004140,동방,KOSPI,,,false,false,false,false,2026-07-28
007590,동방아그로,KOSPI,,,false,false,false,false,2026-07-28
005960,동부건설,KOSPI,,,false,false,false,false,2026-07-28
005965,동부건설우,KOSPI,,,false,false,false,false,2026-07-28
026960,동서,KOSPI,,,false,false,false,false,2026-07-28
002210,동성제약,KOSPI,,,false,false,false,false,2026-07-28
102260,동성케미컬,KOSPI,,,false,false,false,false,2026-07-28
000640,동아쏘시오홀딩스,KOSPI,,,false,false,false,false,2026-07-28
170900,동아에스티,KOSPI,,,false,false,false,false,2026-07-28
028100,동아지질,KOSPI,,,false,false,false,false,2026-07-28
001520,동양,KOSPI,,,false,false,false,false,2026-07-28
001527,동양2우B,KOSPI,,,false,false,false,false,2026-07-28
084670,동양고속,KOSPI,,,false,false,false,false,2026-07-28
082640,동양생명,KOSPI,,,false,false,false,false,2026-07-28
001525,동양우,KOSPI,,,false,false,false,false,2026-07-28
018500,동원모빌리티,KOSPI,,,false,false,false,false,2026-07-28
006040,동원산업,KOSPI,,,false,false,false,false,2026-07-28
030720,동원수산,KOSPI,,,false,false,false,false,2026-07-28
014820,동원시스템즈,KOSPI,,,false,false,false,false,2026-07-28
014825,동원시스템즈우,KOSPI,,,false,false,false,false,2026-07-28
111380,동인기연,KOSPI,,,false,false,false,false,2026-07-28
163560,동일고무벨트,KOSPI,,,false,false,false,false,2026-07-28
004890,동일산업,KOSPI,,,false,false,false,false,2026-07-28
002690,동일제강,KOSPI,,,false,false,false,false,2026-07-28
000020,동화약품,KOSPI,,,false,false,false,false,2026-07-28
000150,두산,KOSPI,,,false,false,false,false,2026-07-28
000157,두산2우B,KOSPI,,,false,false,false,false,2026-07-28
454910,두산로보틱스,KOSPI,,,false,false,false,false,2026-07-28
241560,두산밥캣,KOSPI,,,false,false,false,false,2026-07-28
034020,두산에너빌리티,KOSPI,,,false,false,false,false,2026-07-28
000155,두산우,KOSPI,,,false,false,false,false,2026-07-28
336260,두산퓨얼셀,KOSPI,,,false,false,false,false,2026-07-28
33626K,두산퓨얼셀1우,KOSPI,,,false,false,false,false,2026-07-28
33626L,두산퓨얼셀2우B,KOSPI,,,false,false,false,false,2026-07-28
016740,두올,KOSPI,,,false,false,false,false,2026-07-28
192650,드림텍,KOSPI,,,false,false,false,false,2026-07-28
024090,디씨엠,KOSPI,,,false,false,false,false,2026-07-28
003160,디아이,KOSPI,,,false,false,false,false,2026-07-28
092200,디아이씨,KOSPI,,,false,false,false,false,2026-07-28
377190,디앤디플랫폼리츠,KOSPI,,,false,false,false,false,2026-07-28
013570,디와이,KOSPI,,,false,false,false,false,2026-07-28
024900,디와이덕양,KOSPI,,,false,false,false,false,2026-07-28
002880,디와이에이,KOSPI,,,false,false,false,false,2026-07-28
210540,디와이파워,KOSPI,,,false,false,false,false,2026-07-28
032350,롯데관광개발,KOSPI,,,false,false,false,false,2026-07-28
089860,롯데렌탈,KOSPI,,,false,false,false,false,2026-07-28
330590,롯데리츠,KOSPI,,,false,false,false,false,2026-07-28
000400,롯데손해보험,KOSPI,,,false,false,false,false,2026-07-28
023530,롯데쇼핑,KOSPI,,,false,false,false,false,2026-07-28
020150,롯데에너지머티리얼즈,KOSPI,,,false,false,false,false,2026-07-28
280360,롯데웰푸드,KOSPI,,,false,false,false,false,2026-07-28
286940,롯데이노베이트,KOSPI,,,false,false,false,false,2026-07-28
004000,롯데정밀화학,KOSPI,,,false,false,false,false,2026-07-28
004990,롯데지주,KOSPI,,,false,false,false,false,2026-07-28
00499K,롯데지주우,KOSPI,,,false,false,false,false,2026-07-28
005300,롯데칠성,KOSPI,,,false,false,false,false,2026-07-28
005305,롯데칠성우,KOSPI,,,false,false,false,false,2026-07-28
011170,롯데케미칼,KOSPI,,,false,false,false,false,2026-07-28
071840,롯데하이마트,KOSPI,,,false,false,false,false,2026-07-28
027740,마니커,KOSPI,,,false,false,false,false,2026-07-28
357430,마스턴프리미어리츠,KOSPI,,,false,false,false,false,2026-07-28
001080,만호제강,KOSPI,,,false,false,false,false,2026-07-28
088980,맥쿼리인프라,KOSPI,,,false,false,false,false,2026-07-28
094800,맵스리얼티,KOSPI,,,false,false,false,false,2026-07-28
138040,메리츠금융지주,KOSPI,,,false,false,false,false,2026-07-28
090370,메타랩스,KOSPI,,,false,false,false,false,2026-07-28
118000,메타케어,KOSPI,,,false,false,false,false,2026-07-28
017180,명문제약,KOSPI,,,false,false,false,false,2026-07-28
009900,명신산업,KOSPI,,,false,false,false,false,2026-07-28
317450,명인제약,KOSPI,,,false,false,false,false,2026-07-28
012690,모나리자,KOSPI,,,false,false,false,false,2026-07-28
005360,모나미,KOSPI,,,false,false,false,false,2026-07-28
070960,모나용평,KOSPI,,,false,false,false,false,2026-07-28
009680,모토닉,KOSPI,,,false,false,false,false,2026-07-28
009580,무림P&P,KOSPI,,,false,false,false,false,2026-07-28
009200,무림페이퍼,KOSPI,,,false,false,false,false,2026-07-28
033920,무학,KOSPI,,,false,false,false,false,2026-07-28
008420,문배철강,KOSPI,,,false,false,false,false,2026-07-28
025560,미래산업,KOSPI,,,false,false,false,false,2026-07-28
007120,미래아이앤지,KOSPI,,,false,false,false,false,2026-07-28
396690,미래에셋글로벌리츠,KOSPI,,,false,false,false,false,2026-07-28
357250,미래에셋맵스리츠,KOSPI,,,false,false,false,false,2026-07-28
085620,미래에셋생명,KOSPI,,,false,false,false,false,2026-07-28
006800,미래에셋증권,KOSPI,,,false,false,false,false,2026-07-28
00680K,미래에셋증권2우B,KOSPI,,,false,false,false,false,2026-07-28
006805,미래에셋증권우,KOSPI,,,false,false,false,false,2026-07-28
081660,미스토홀딩스,KOSPI,,,false,false,false,false,2026-07-28
002840,미원상사,KOSPI,,,false,false,false,false,2026-07-28
268280,미원에스씨,KOSPI,,,false,false,false,false,2026-07-28
107590,미원홀딩스,KOSPI,,,false,false,false,false,2026-07-28
134380,미원화학,KOSPI,,,false,false,false,false,2026-07-28
003650,미창석유,KOSPI,,,false,false,false,false,2026-07-28
377740,바이오노트,KOSPI,,,false,false,false,false,2026-07-28
003610,방림,KOSPI,,,false,false,false,false,2026-07-28
035150,백산,KOSPI,,,false,false,false,false,2026-07-28
002410,범양건영,KOSPI,,,false,false,false,false,2026-07-28
007210,벽산,KOSPI,,,false,false,false,false,2026-07-28
002760,보락,KOSPI,,,false,false,false,false,2026-07-28
003850,보령,KOSPI,,,false,false,false,false,2026-07-28
000890,보해양조,KOSPI,,,false,false,false,false,2026-07-28
003000,부광약품,KOSPI,,,false,false,false,false,2026-07-28
001270,부국증권,KOSPI,,,false,false,false,false,2026-07-28
001275,부국증권우,KOSPI,,,false,false,false,false,2026-07-28
026940,부국철강,KOSPI,,,false,false,false,false,2026-07-28
011390,부산산업,KOSPI,,,false,false,false,false,2026-07-28
005030,부산주공,KOSPI,,,false,false,false,false,2026-07-28
006740,블루산업개발,KOSPI,,,false,false,false,false,2026-07-28
002070,비비안,KOSPI,,,false,false,false,false,2026-07-28
100220,비상교육,KOSPI,,,false,false,false,false,2026-07-28
090460,비에이치,KOSPI,,,false,false,false,false,2026-07-28
005180,빙그레,KOSPI,,,false,false,false,false,2026-07-28
003960,사조대림,KOSPI,,,false,false,false,false,2026-07-28
008040,사조동아원,KOSPI,,,false,false,false,false,2026-07-28
007160,사조산업,KOSPI,,,false,false,false,false,2026-07-28
014710,사조씨푸드,KOSPI,,,false,false,false,false,2026-07-28
006090,사조오양,KOSPI,,,false,false,false,false,2026-07-28
062040,산일전기,KOSPI,,,false,false,false,false,2026-07-28
005610,삼립,KOSPI,,,false,false,false,false,2026-07-28
001470,삼부토건,KOSPI,,,false,false,false,false,2026-07-28
028050,삼성E&A,KOSPI,,,false,false,false,false,2026-07-28
448730,삼성FN리츠,KOSPI,,,false,false,false,false,2026-07-28
006400,삼성SDI,KOSPI,,,false,false,false,false,2026-07-28
006405,삼성SDI우,KOSPI,,,false,false,false,false,2026-07-28
006660,삼성공조,KOSPI,,,false,false,false,false,2026-07-28
028260,삼성물산,KOSPI,,,false,false,false,false,2026-07-28
02826K,삼성물산우B,KOSPI,,,false,false,false,false,2026-07-28
207940,삼성바이오로직스,KOSPI,,,false,false,false,false,2026-07-28
032830,삼성생명,KOSPI,,,false,false,false,false,2026-07-28
018260,삼성에스디에스,KOSPI,,,false,false,false,false,2026-07-28
0126Z0,삼성에피스홀딩스,KOSPI,,,false,false,false,false,2026-07-28
009150,삼성전기,KOSPI,,,false,false,false,false,2026-07-28
009155,삼성전기우,KOSPI,,,false,false,false,false,2026-07-28
005930,삼성전자,KOSPI,,,false,false,false,false,2026-07-28
005935,삼성전자우,KOSPI,,,false,false,false,false,2026-07-28
001360,삼성제약,KOSPI,,,false,false,false,false,2026-07-28
010140,삼성중공업,KOSPI,,,false,false,false,false,2026-07-28
016360,삼성증권,KOSPI,,,false,false,false,false,2026-07-28
068290,삼성출판사,KOSPI,,,false,false,false,false,2026-07-28
029780,삼성카드,KOSPI,,,false,false,false,false,2026-07-28
000810,삼성화재,KOSPI,,,false,false,false,false,2026-07-28
000815,삼성화재우,KOSPI,,,false,false,false,false,2026-07-28
006110,삼아알미늄,KOSPI,,,false,false,false,false,2026-07-28
0120G0,삼양바이오팜,KOSPI,,,false,false,false,false,2026-07-28
145990,삼양사,KOSPI,,,false,false,false,false,2026-07-28
145995,삼양사우,KOSPI,,,false,false,false,false,2026-07-28
003230,삼양식품,KOSPI,,,false,false,false,false,2026-07-28
272550,삼양패키징,KOSPI,,,false,false,false,false,2026-07-28
000070,삼양홀딩스,KOSPI,,,false,false,false,false,2026-07-28
003720,삼영,KOSPI,,,false,false,false,false,2026-07-28
002810,삼영무역,KOSPI,,,false,false,false,false,2026-07-28
005680,삼영전자,KOSPI,,,false,false,false,false,2026-07-28
023000,삼원강재,KOSPI,,,false,false,false,false,2026-07-28
004380,삼익THK,KOSPI,,,false,false,false,false,2026-07-28
002450,삼익악기,KOSPI,,,false,false,false,false,2026-07-28
004440,삼일씨엔에스,KOSPI,,,false,false,false,false,2026-07-28
000520,삼일제약,KOSPI,,,false,false,false,false,2026-07-28
009770,삼정펄프,KOSPI,,,false,false,false,false,2026-07-28
005500,삼진제약,KOSPI,,,false,false,false,false,2026-07-28
004690,삼천리,KOSPI,,,false,false,false,false,2026-07-28
010960,삼호개발,KOSPI,,,false,false,false,false,2026-07-28
004450,삼화왕관,KOSPI,,,false,false,false,false,2026-07-28
009470,삼화전기,KOSPI,,,false,false,false,false,2026-07-28
011230,삼화전자,KOSPI,,,false,false,false,false,2026-07-28
001820,삼화콘덴서,KOSPI,,,false,false,false,false,2026-07-28
001290,상상인증권,KOSPI,,,false,false,false,false,2026-07-28
041650,상신브레이크,KOSPI,,,false,false,false,false,2026-07-28
075180,새론오토모티브,KOSPI,,,false,false,false,false,2026-07-28
007540,샘표,KOSPI,,,false,false,false,false,2026-07-28
248170,샘표식품,KOSPI,,,false,false,false,false,2026-07-28
007860,서연,KOSPI,,,false,false,false,false,2026-07-28
200880,서연이화,KOSPI,,,false,false,false,false,2026-07-28
017390,서울가스,KOSPI,,,false,false,false,false,2026-07-28
031210,서울보증보험,KOSPI,,,false,false,false,false,2026-07-28
004410,서울식품,KOSPI,,,false,false,false,false,2026-07-28
004415,서울식품우,KOSPI,,,false,false,false,false,2026-07-28
021050,서원,KOSPI,,,false,false,false,false,2026-07-28
008490,서흥,KOSPI,,,false,false,false,false,2026-07-28
007610,선도전기,KOSPI,,,false,false,false,false,2026-07-28
136490,선진,KOSPI,,,false,false,false,false,2026-07-28
014910,성문전자,KOSPI,,,false,false,false,false,2026-07-28
014915,성문전자우,KOSPI,,,false,false,false,false,2026-07-28
004980,성신양회,KOSPI,,,false,false,false,false,2026-07-28
004985,성신양회우,KOSPI,,,false,false,false,false,2026-07-28
000180,성창기업지주,KOSPI,,,false,false,false,false,2026-07-28
002420,세기상사,KOSPI,,,false,false,false,false,2026-07-28
004360,세방,KOSPI,,,false,false,false,false,2026-07-28
004365,세방우,KOSPI,,,false,false,false,false,2026-07-28
004490,세방전지,KOSPI,,,false,false,false,false,2026-07-28
001430,세아베스틸지주,KOSPI,,,false,false,false,false,2026-07-28
306200,세아제강,KOSPI,,,false,false,false,false,2026-07-28
003030,세아제강지주,KOSPI,,,false,false,false,false,2026-07-28
058650,세아홀딩스,KOSPI,,,false,false,false,false,2026-07-28
013000,세우글로벌,KOSPI,,,false,false,false,false,2026-07-28
021820,세원정공,KOSPI,,,false,false,false,false,2026-07-28
067830,세이브존I&C,KOSPI,,,false,false,false,false,2026-07-28
075580,세진중공업,KOSPI,,,false,false,false,false,2026-07-28
068270,셀트리온,KOSPI,,,false,false,false,false,2026-07-28
336370,솔루스첨단소재,KOSPI,,,false,false,false,false,2026-07-28
33637K,솔루스첨단소재1우,KOSPI,,,false,false,false,false,2026-07-28
33637L,솔루스첨단소재2우B,KOSPI,,,false,false,false,false,2026-07-28
248070,솔루엠,KOSPI,,,false,false,false,false,2026-07-28
004430,송원산업,KOSPI,,,false,false,false,false,2026-07-28
017550,수산세보틱스,KOSPI,,,false,false,false,false,2026-07-28
126720,수산인더스트리,KOSPI,,,false,false,false,false,2026-07-28
053210,스카이라이프,KOSPI,,,false,false,false,false,2026-07-28
026890,스틱인베스트먼트,KOSPI,,,false,false,false,false,2026-07-28
134790,시디즈,KOSPI,,,false,false,false,false,2026-07-28
462870,시프트업,KOSPI,,,false,false,false,false,2026-07-28
016590,신대양제지,KOSPI,,,false,false,false,false,2026-07-28
029530,신도리코,KOSPI,,,false,false,false,false,2026-07-28
004970,신라교역,KOSPI,,,false,false,false,false,2026-07-28
011930,신성이엔지,KOSPI,,,false,false,false,false,2026-07-28
004170,신세계,KOSPI,,,false,false,false,false,2026-07-28
035510,신세계 I&C,KOSPI,,,false,false,false,false,2026-07-28
031430,신세계인터내셔날,KOSPI,,,false,false,false,false,2026-07-28
031440,신세계푸드,KOSPI,,,false,false,false,false,2026-07-28
006880,신송홀딩스,KOSPI,,,false,false,false,false,2026-07-28
005800,신영와코루,KOSPI,,,false,false,false,false,2026-07-28
001720,신영증권,KOSPI,,,false,false,false,false,2026-07-28
009270,신원,KOSPI,,,false,false,false,false,2026-07-28
002700,신일전자,KOSPI,,,false,false,false,false,2026-07-28
002870,신풍,KOSPI,,,false,false,false,false,2026-07-28
019170,신풍제약,KOSPI,,,false,false,false,false,2026-07-28
019175,신풍제약우,KOSPI,,,false,false,false,false,2026-07-28
481850,신한글로벌액티브리츠,KOSPI,,,false,false,false,false,2026-07-28
404990,신한서부티엔디리츠,KOSPI,,,false,false,false,false,2026-07-28
293940,신한알파리츠,KOSPI,,,false,false,false,false,2026-07-28
055550,신한지주,KOSPI,,,false,false,false,false,2026-07-28
004080,신흥,KOSPI,,,false,false,false,false,2026-07-28
004770,써니전자,KOSPI,,,false,false,false,false,2026-07-28
403550,쏘카,KOSPI,,,false,false,false,false,2026-07-28
004920,씨아이테크,KOSPI,,,false,false,false,false,2026-07-28
112610,씨에스윈드,KOSPI,,,false,false,false,false,2026-07-28
480370,씨케이솔루션,KOSPI,,,false,false,false,false,2026-07-28
308170,씨티알모빌리티,KOSPI,,,false,false,false,false,2026-07-28
008700,아남전자,KOSPI,,,false,false,false,false,2026-07-28
090430,아모레퍼시픽,KOSPI,,,false,false,false,false,2026-07-28
090435,아모레퍼시픽우,KOSPI,,,false,false,false,false,2026-07-28
002790,아모레퍼시픽홀딩스,KOSPI,,,false,false,false,false,2026-07-28
00279K,아모레퍼시픽홀딩스3우C,KOSPI,,,false,false,false,false,2026-07-28
002795,아모레퍼시픽홀딩스우,KOSPI,,,false,false,false,false,2026-07-28
002030,아세아,KOSPI,,,false,false,false,false,2026-07-28
183190,아세아시멘트,KOSPI,,,false,false,false,false,2026-07-28
002310,아세아제지,KOSPI,,,false,false,false,false,2026-07-28
012170,아센디오,KOSPI,,,false,false,false,false,2026-07-28
267850,아시아나IDT,KOSPI,,,false,false,false,false,2026-07-28
020560,아시아나항공,KOSPI,,,false,false,false,false,2026-07-28
122900,아이마켓코리아,KOSPI,,,false,false,false,false,2026-07-28
010780,아이에스동서,KOSPI,,,false,false,false,false,2026-07-28
031820,아이티센씨티에스,KOSPI,,,false,false,false,false,2026-07-28
139990,아주스틸,KOSPI,,,false,false,false,false,2026-07-28
009320,아진전자부품,KOSPI,,,false,false,false,false,2026-07-28
001780,알루코,KOSPI,,,false,false,false,false,2026-07-28
018250,애경산업,KOSPI,,,false,false,false,false,2026-07-28
161000,애경케미칼,KOSPI,,,false,false,false,false,2026-07-28
011090,에넥스,KOSPI,,,false,false,false,false,2026-07-28
137310,에스디바이오센서,KOSPI,,,false,false,false,false,2026-07-28
005850,에스엘,KOSPI,,,false,false,false,false,2026-07-28
010580,에스엠벡셀,KOSPI,,,false,false,false,false,2026-07-28
012750,에스원,KOSPI,,,false,false,false,false,2026-07-28
023960,에쓰씨엔지니어링,KOSPI,,,false,false,false,false,2026-07-28
298690,에어부산,KOSPI,,,false,false,false,false,2026-07-28
078520,에이블씨엔씨,KOSPI,,,false,false,false,false,2026-07-28
015260,에이엔피,KOSPI,,,false,false,false,false,2026-07-28
007460,에이프로젠,KOSPI,,,false,false,false,false,2026-07-28
003060,에이프로젠바이오로직스,KOSPI,,,false,false,false,false,2026-07-28
244920,에이플러스에셋,KOSPI,,,false,false,false,false,2026-07-28
278470,에이피알,KOSPI,,,false,false,false,false,2026-07-28
450080,에코프로머티,KOSPI,,,false,false,false,false,2026-07-28
019490,엑시큐어하이트론,KOSPI,,,false,false,false,false,2026-07-28
085310,엔케이,KOSPI,,,false,false,false,false,2026-07-28
900140,엘브이엠씨홀딩스,KOSPI,,,false,false,false,false,2026-07-28
066970,엘앤에프,KOSPI,,,false,false,false,false,2026-07-28
097520,엠씨넥스,KOSPI,,,false,false,false,false,2026-07-28
484870,엠앤씨솔루션,KOSPI,,,false,false,false,false,2026-07-28
014440,영보화학,KOSPI,,,false,false,false,false,2026-07-28
111770,영원무역,KOSPI,,,false,false,false,false,2026-07-28
009970,영원무역홀딩스,KOSPI,,,false,false,false,false,2026-07-28
003520,영진약품,KOSPI,,,false,false,false,false,2026-07-28
000670,영풍,KOSPI,,,false,false,false,false,2026-07-28
012280,영화금속,KOSPI,,,false,false,false,false,2026-07-28
012160,영흥,KOSPI,,,false,false,false,false,2026-07-28
007310,오뚜기,KOSPI,,,false,false,false,false,2026-07-28
002630,오리엔트바이오,KOSPI,,,false,false,false,false,2026-07-28
271560,오리온,KOSPI,,,false,false,false,false,2026-07-28
001800,오리온홀딩스,KOSPI,,,false,false,false,false,2026-07-28
005320,온타이드,KOSPI,,,false,false,false,false,2026-07-28
011690,와이투솔루션,KOSPI,,,false,false,false,false,2026-07-28
316140,우리금융지주,KOSPI,,,false,false,false,false,2026-07-28
006980,우성,KOSPI,,,false,false,false,false,2026-07-28
011300,우성머티리얼스,KOSPI,,,false,false,false,false,2026-07-28
017370,우신시스템,KOSPI,,,false,false,false,false,2026-07-28
105840,우진,KOSPI,,,false,false,false,false,2026-07-28
010400,우진아이엔에스,KOSPI,,,false,false,false,false,2026-07-28
049800,우진플라임,KOSPI,,,false,false,false,false,2026-07-28
016880,웅진,KOSPI,,,false,false,false,false,2026-07-28
095720,웅진씽크빅,KOSPI,,,false,false,false,false,2026-07-28
005820,원림,KOSPI,,,false,false,false,false,2026-07-28
008600,윌비스,KOSPI,,,false,false,false,false,2026-07-28
033270,유나이티드제약,KOSPI,,,false,false,false,false,2026-07-28
014830,유니드,KOSPI,,,false,false,false,false,2026-07-28
446070,유니드비티플러스,KOSPI,,,false,false,false,false,2026-07-28
000910,유니온,KOSPI,,,false,false,false,false,2026-07-28
047400,유니온머티리얼,KOSPI,,,false,false,false,false,2026-07-28
011330,유니켐,KOSPI,,,false,false,false,false,2026-07-28
077500,유니퀘스트,KOSPI,,,false,false,false,false,2026-07-28
002920,유성기업,KOSPI,,,false,false,false,false,2026-07-28
000700,유수홀딩스,KOSPI,,,false,false,false,false,2026-07-28
003470,유안타증권,KOSPI,,,false,false,false,false,2026-07-28
003475,유안타증권우,KOSPI,,,false,false,false,false,2026-07-28
072130,유엔젤,KOSPI,,,false,false,false,false,2026-07-28
000220,유유제약,KOSPI,,,false,false,false,false,2026-07-28
000225,유유제약1우,KOSPI,,,false,false,false,false,2026-07-28
000227,유유제약2우B,KOSPI,,,false,false,false,false,2026-07-28
001200,유진투자증권,KOSPI,,,false,false,false,false,2026-07-28
000100,유한양행,KOSPI,,,false,false,false,false,2026-07-28
000105,유한양행우,KOSPI,,,false,false,false,false,2026-07-28
003460,유화증권,KOSPI,,,false,false,false,false,2026-07-28
003465,유화증권우,KOSPI,,,false,false,false,false,2026-07-28
008730,율촌화학,KOSPI,,,false,false,false,false,2026-07-28
008250,이건산업,KOSPI,,,false,false,false,false,2026-07-28
025820,이구산업,KOSPI,,,false,false,false,false,2026-07-28
214320,이노션,KOSPI,,,false,false,false,false,2026-07-28
088260,이리츠코크렙,KOSPI,,,false,false,false,false,2026-07-28
139480,이마트,KOSPI,,,false,false,false,false,2026-07-28
457190,이수스페셜티케미컬,KOSPI,,,false,false,false,false,2026-07-28
007660,이수페타시스,KOSPI,,,false,false,false,false,2026-07-28
005950,이수화학,KOSPI,,,false,false,false,false,2026-07-28
015020,이스타코,KOSPI,,,false,false,false,false,2026-07-28
074610,이엔플러스,KOSPI,,,false,false,false,false,2026-07-28
102460,이연제약,KOSPI,,,false,false,false,false,2026-07-28
084680,이월드,KOSPI,,,false,false,false,false,2026-07-28
350520,이지스레지던스리츠,KOSPI,,,false,false,false,false,2026-07-28
334890,이지스밸류플러스리츠,KOSPI,,,false,false,false,false,2026-07-28
000760,이화산업,KOSPI,,,false,false,false,false,2026-07-28
014990,인디에프,KOSPI,,,false,false,false,false,2026-07-28
101140,인바이오젠,KOSPI,,,false,false,false,false,2026-07-28
023800,인지컨트롤스,KOSPI,,,false,false,false,false,2026-07-28
034590,인천도시가스,KOSPI,,,false,false,false,false,2026-07-28
129260,인터지스,KOSPI,,,false,false,false,false,2026-07-28
023810,인팩,KOSPI,,,false,false,false,false,2026-07-28
249420,일동제약,KOSPI,,,false,false,false,false,2026-07-28
000230,일동홀딩스,KOSPI,,,false,false,false,false,2026-07-28
013360,일성건설,KOSPI,,,false,false,false,false,2026-07-28
003120,일성아이에스,KOSPI,,,false,false,false,false,2026-07-28
003200,일신방직,KOSPI,,,false,false,false,false,2026-07-28
007110,일신석재,KOSPI,,,false,false,false,false,2026-07-28
007570,일양약품,KOSPI,,,false,false,false,false,2026-07-28
007575,일양약품우,KOSPI,,,false,false,false,false,2026-07-28
081000,일진다이아,KOSPI,,,false,false,false,false,2026-07-28
020760,일진디스플,KOSPI,,,false,false,false,false,2026-07-28
103590,일진전기,KOSPI,,,false,false,false,false,2026-07-28
271940,일진하이솔루스,KOSPI,,,false,false,false,false,2026-07-28
015860,일진홀딩스,KOSPI,,,false,false,false,false,2026-07-28
226320,잇츠한불,KOSPI,,,false,false,false,false,2026-07-28
317400,자이에스앤디,KOSPI,,,false,false,false,false,2026-07-28
033240,자화전자,KOSPI,,,false,false,false,false,2026-07-28
000950,전방,KOSPI,,,false,false,false,false,2026-07-28
079900,전진건설로봇,KOSPI,,,false,false,false,false,2026-07-28
348950,제이알글로벌리츠,KOSPI,,,false,false,false,false,2026-07-28
194370,제이에스코퍼레이션,KOSPI,,,false,false,false,false,2026-07-28
030000,제일기획,KOSPI,,,false,false,false,false,2026-07-28
271980,제일약품,KOSPI,,,false,false,false,false,2026-07-28
001560,제일연마,KOSPI,,,false,false,false,false,2026-07-28
002620,제일파마홀딩스,KOSPI,,,false,false,false,false,2026-07-28
006220,제주은행,KOSPI,,,false,false,false,false,2026-07-28
089590,제주항공,KOSPI,,,false,false,false,false,2026-07-28
004910,조광페인트,KOSPI,,,false,false,false,false,2026-07-28
004700,조광피혁,KOSPI,,,false,false,false,false,2026-07-28
001550,조비,KOSPI,,,false,false,false,false,2026-07-28
462520,조선내화,KOSPI,,,false,false,false,false,2026-07-28
120030,조선선재,KOSPI,,,false,false,false,false,2026-07-28
018470,조일알미늄,KOSPI,,,false,false,false,false,2026-07-28
002600,조흥,KOSPI,,,false,false,false,false,2026-07-28
185750,종근당,KOSPI,,,false,false,false,false,2026-07-28
063160,종근당바이오,KOSPI,,,false,false,false,false,2026-07-28
001630,종근당홀딩스,KOSPI,,,false,false,false,false,2026-07-28
109070,주성코퍼레이션,KOSPI,,,false,false,false,false,2026-07-28
044380,주연테크,KOSPI,,,false,false,false,false,2026-07-28
013890,지누스,KOSPI,,,false,false,false,false,2026-07-28
013870,지엠비코리아,KOSPI,,,false,false,false,false,2026-07-28
071320,지역난방공사,KOSPI,,,false,false,false,false,2026-07-28
088790,진도,KOSPI,,,false,false,false,false,2026-07-28
003780,진양산업,KOSPI,,,false,false,false,false,2026-07-28
010640,진양폴리,KOSPI,,,false,false,false,false,2026-07-28
100250,진양홀딩스,KOSPI,,,false,false,false,false,2026-07-28
051630,진양화학,KOSPI,,,false,false,false,false,2026-07-28
272450,진에어,KOSPI,,,false,false,false,false,2026-07-28
011000,진원생명과학,KOSPI,,,false,false,false,false,2026-07-28
002780,진흥기업,KOSPI,,,false,false,false,false,2026-07-28
002787,진흥기업2우B,KOSPI,,,false,false,false,false,2026-07-28
002785,진흥기업우B,KOSPI,,,false,false,false,false,2026-07-28
025620,차AI헬스케어,KOSPI,,,false,false,false,false,2026-07-28
009310,참엔지니어링,KOSPI,,,false,false,false,false,2026-07-28
000650,천일고속,KOSPI,,,false,false,false,false,2026-07-28
033250,체시스,KOSPI,,,false,false,false,false,2026-07-28
035720,카카오,KOSPI,,,false,false,false,false,2026-07-28
323410,카카오뱅크,KOSPI,,,false,false,false,false,2026-07-28
377300,카카오페이,KOSPI,,,false,false,false,false,2026-07-28
006380,카프로,KOSPI,,,false,false,false,false,2026-07-28
279570,케이뱅크,KOSPI,,,false,false,false,false,2026-07-28
001620,케이비아이동국실업,KOSPI,,,false,false,false,false,2026-07-28
029460,케이씨,KOSPI,,,false,false,false,false,2026-07-28
281820,케이씨텍,KOSPI,,,false,false,false,false,2026-07-28
381970,케이카,KOSPI,,,false,false,false,false,2026-07-28
145270,케이탑리츠,KOSPI,,,false,false,false,false,2026-07-28
417310,코람코더원리츠,KOSPI,,,false,false,false,false,2026-07-28
357120,코람코라이프인프라리츠,KOSPI,,,false,false,false,false,2026-07-28
007815,코리아써우,KOSPI,,,false,false,false,false,2026-07-28
007810,코리아써키트,KOSPI,,,false,false,false,false,2026-07-28
00781K,코리아써키트2우B,KOSPI,,,false,false,false,false,2026-07-28
003690,코리안리,KOSPI,,,false,false,false,false,2026-07-28
192820,코스맥스,KOSPI,,,false,false,false,false,2026-07-28
044820,코스맥스비티아이,KOSPI,,,false,false,false,false,2026-07-28
005070,코스모신소재,KOSPI,,,false,false,false,false,2026-07-28
005420,코스모화학,KOSPI,,,false,false,false,false,2026-07-28
071950,코아스,KOSPI,,,false,false,false,false,2026-07-28
002020,코오롱,KOSPI,,,false,false,false,false,2026-07-28
003070,코오롱글로벌,KOSPI,,,false,false,false,false,2026-07-28
003075,코오롱글로벌우,KOSPI,,,false,false,false,false,2026-07-28
002025,코오롱우,KOSPI,,,false,false,false,false,2026-07-28
120110,코오롱인더,KOSPI,,,false,false,false,false,2026-07-28
120115,코오롱인더우,KOSPI,,,false,false,false,false,2026-07-28
021240,코웨이,KOSPI,,,false,false,false,false,2026-07-28
036420,콘텐트리중앙,KOSPI,,,false,false,false,false,2026-07-28
024720,콜마홀딩스,KOSPI,,,false,false,false,false,2026-07-28
192400,쿠쿠홀딩스,KOSPI,,,false,false,false,false,2026-07-28
284740,쿠쿠홈시스,KOSPI,,,false,false,false,false,2026-07-28
264900,크라운제과,KOSPI,,,false,false,false,false,2026-07-28
26490K,크라운제과우,KOSPI,,,false,false,false,false,2026-07-28
005740,크라운해태홀딩스,KOSPI,,,false,false,false,false,2026-07-28
005745,크라운해태홀딩스우,KOSPI,,,false,false,false,false,2026-07-28
259960,크래프톤,KOSPI,,,false,false,false,false,2026-07-28
020120,키다리스튜디오,KOSPI,,,false,false,false,false,2026-07-28
039490,키움증권,KOSPI,,,false,false,false,false,2026-07-28
014580,태경비케이,KOSPI,,,false,false,false,false,2026-07-28
015890,태경산업,KOSPI,,,false,false,false,false,2026-07-28
006890,태경케미컬,KOSPI,,,false,false,false,false,2026-07-28
003240,태광산업,KOSPI,,,false,false,false,false,2026-07-28
011280,태림포장,KOSPI,,,false,false,false,false,2026-07-28
004100,태양금속,KOSPI,,,false,false,false,false,2026-07-28
004105,태양금속우,KOSPI,,,false,false,false,false,2026-07-28
009410,태영건설,KOSPI,,,false,false,false,false,2026-07-28
009415,태영건설우,KOSPI,,,false,false,false,false,2026-07-28
001420,태원물산,KOSPI,,,false,false,false,false,2026-07-28
055490,테이팩스,KOSPI,,,false,false,false,false,2026-07-28
078000,텔코웨어,KOSPI,,,false,false,false,false,2026-07-28
214420,토니모리,KOSPI,,,false,false,false,false,2026-07-28
091810,트리니티항공,KOSPI,,,false,false,false,false,2026-07-28
019180,티에이치엔,KOSPI,,,false,false,false,false,2026-07-28
217590,티엠씨,KOSPI,,,false,false,false,false,2026-07-28
363280,티와이홀딩스,KOSPI,,,false,false,false,false,2026-07-28
36328K,티와이홀딩스우,KOSPI,,,false,false,false,false,2026-07-28
004870,티웨이홀딩스,KOSPI,,,false,false,false,false,2026-07-28
034230,파라다이스,KOSPI,,,false,false,false,false,2026-07-28
005690,파미셀,KOSPI,,,false,false,false,false,2026-07-28
036580,팜스코,KOSPI,,,false,false,false,false,2026-07-28
004720,팜젠사이언스,KOSPI,,,false,false,false,false,2026-07-28
028670,팬오션,KOSPI,,,false,false,false,false,2026-07-28
010820,퍼스텍,KOSPI,,,false,false,false,false,2026-07-28
016800,퍼시스,KOSPI,,,false,false,false,false,2026-07-28
001020,페이퍼코리아,KOSPI,,,false,false,false,false,2026-07-28
090080,평화산업,KOSPI,,,false,false,false,false,2026-07-28
010770,평화홀딩스,KOSPI,,,false,false,false,false,2026-07-28
022100,포스코DX,KOSPI,,,false,false,false,false,2026-07-28
058430,포스코스틸리온,KOSPI,,,false,false,false,false,2026-07-28
047050,포스코인터내셔널,KOSPI,,,false,false,false,false,2026-07-28
003670,포스코퓨처엠,KOSPI,,,false,false,false,false,2026-07-28
017810,풀무원,KOSPI,,,false,false,false,false,2026-07-28
103140,풍산,KOSPI,,,false,false,false,false,2026-07-28
005810,풍산홀딩스,KOSPI,,,false,false,false,false,2026-07-28
950210,프레스티지바이오파마,KOSPI,,,false,false,false,false,2026-07-28
006490,프리티,KOSPI,,,false,false,false,false,2026-07-28
009810,플레이그램,KOSPI,,,false,false,false,false,2026-07-28
086790,하나금융지주,KOSPI,,,false,false,false,false,2026-07-28
293480,하나제약,KOSPI,,,false,false,false,false,2026-07-28
039130,하나투어,KOSPI,,,false,false,false,false,2026-07-28
352820,하이브,KOSPI,,,false,false,false,false,2026-07-28
071090,하이스틸,KOSPI,,,false,false,false,false,2026-07-28
000080,하이트진로,KOSPI,,,false,false,false,false,2026-07-28
000087,하이트진로2우B,KOSPI,,,false,false,false,false,2026-07-28
000140,하이트진로홀딩스,KOSPI,,,false,false,false,false,2026-07-28
000145,하이트진로홀딩스우,KOSPI,,,false,false,false,false,2026-07-28
036460,한국가스공사,KOSPI,,,false,false,false,false,2026-07-28
005430,한국공항,KOSPI,,,false,false,false,false,2026-07-28
071050,한국금융지주,KOSPI,,,false,false,false,false,2026-07-28
071055,한국금융지주우,KOSPI,,,false,false,false,false,2026-07-28
010040,한국내화,KOSPI,,,false,false,false,false,2026-07-28
025540,한국단자,KOSPI,,,false,false,false,false,2026-07-28
010100,한국무브넥스,KOSPI,,,false,false,false,false,2026-07-28
004090,한국석유,KOSPI,,,false,false,false,false,2026-07-28
002200,한국수출포장,KOSPI,,,false,false,false,false,2026-07-28
002960,한국쉘석유,KOSPI,,,false,false,false,false,2026-07-28
000240,한국앤컴퍼니,KOSPI,,,false,false,false,false,2026-07-28
123890,한국자산신탁,KOSPI,,,false,false,false,false,2026-07-28
015760,한국전력,KOSPI,,,false,false,false,false,2026-07-28
006200,한국전자홀딩스,KOSPI,,,false,false,false,false,2026-07-28
027970,한국제지,KOSPI,,,false,false,false,false,2026-07-28
023350,한국종합기술,KOSPI,,,false,false,false,false,2026-07-28
025890,한국주강,KOSPI,,,false,false,false,false,2026-07-28
000970,한국주철관,KOSPI,,,false,false,false,false,2026-07-28
104700,한국철강,KOSPI,,,false,false,false,false,2026-07-28
017960,한국카본,KOSPI,,,false,false,false,false,2026-07-28
161890,한국콜마,KOSPI,,,false,false,false,false,2026-07-28
161390,한국타이어앤테크놀로지,KOSPI,,,false,false,false,false,2026-07-28
034830,한국토지신탁,KOSPI,,,false,false,false,false,2026-07-28
007280,한국특강,KOSPI,,,false,false,false,false,2026-07-28
047810,한국항공우주,KOSPI,,,false,false,false,false,2026-07-28
123690,한국화장품,KOSPI,,,false,false,false,false,2026-07-28
003350,한국화장품제조,KOSPI,,,false,false,false,false,2026-07-28
011500,한농화성,KOSPI,,,false,false,false,false,2026-07-28
002390,한독,KOSPI,,,false,false,false,false,2026-07-28
053690,한미글로벌,KOSPI,,,false,false,false,false,2026-07-28
042700,한미반도체,KOSPI,,,false,false,false,false,2026-07-28
008930,한미사이언스,KOSPI,,,false,false,false,false,2026-07-28
128940,한미약품,KOSPI,,,false,false,false,false,2026-07-28
009240,한샘,KOSPI,,,false,false,false,false,2026-07-28
020000,한섬,KOSPI,,,false,false,false,false,2026-07-28
003680,한성기업,KOSPI,,,false,false,false,false,2026-07-28
105630,한세실업,KOSPI,,,false,false,false,false,2026-07-28
069640,한세엠케이,KOSPI,,,false,false,false,false,2026-07-28
016450,한세예스24홀딩스,KOSPI,,,false,false,false,false,2026-07-28
009180,한솔로지스틱스,KOSPI,,,false,false,false,false,2026-07-28
213500,한솔제지,KOSPI,,,false,false,false,false,2026-07-28
014680,한솔케미칼,KOSPI,,,false,false,false,false,2026-07-28
004710,한솔테크닉스,KOSPI,,,false,false,false,false,2026-07-28
004150,한솔홀딩스,KOSPI,,,false,false,false,false,2026-07-28
025750,한솔홈데코,KOSPI,,,false,false,false,false,2026-07-28
004960,한신공영,KOSPI,,,false,false,false,false,2026-07-28
011700,한신기계,KOSPI,,,false,false,false,false,2026-07-28
001750,한양증권,KOSPI,,,false,false,false,false,2026-07-28
001755,한양증권우,KOSPI,,,false,false,false,false,2026-07-28
018880,한온시스템,KOSPI,,,false,false,false,false,2026-07-28
009420,한올바이오파마,KOSPI,,,false,false,false,false,2026-07-28
014130,한익스프레스,KOSPI,,,false,false,false,false,2026-07-28
300720,한일시멘트,KOSPI,,,false,false,false,false,2026-07-28
002220,한일철강,KOSPI,,,false,false,false,false,2026-07-28
003300,한일홀딩스,KOSPI,,,false,false,false,false,2026-07-28
051600,한전KPS,KOSPI,,,false,false,false,false,2026-07-28
052690,한전기술,KOSPI,,,false,false,false,false,2026-07-28
130660,한전산업,KOSPI,,,false,false,false,false,2026-07-28
002320,한진,KOSPI,,,false,false,false,false,2026-07-28
003480,한진중공업홀딩스,KOSPI,,,false,false,false,false,2026-07-28
180640,한진칼,KOSPI,,,false,false,false,false,2026-07-28
18064K,한진칼우,KOSPI,,,false,false,false,false,2026-07-28
005110,한창,KOSPI,,,false,false,false,false,2026-07-28
009460,한창제지,KOSPI,,,false,false,false,false,2026-07-28
372910,한컴라이프케어,KOSPI,,,false,false,false,false,2026-07-28
000880,한화,KOSPI,,,false,false,false,false,2026-07-28
00088K,한화3우B,KOSPI,,,false,false,false,false,2026-07-28
452260,한화갤러리아,KOSPI,,,false,false,false,false,2026-07-28
45226K,한화갤러리아우,KOSPI,,,false,false,false,false,2026-07-28
451800,한화리츠,KOSPI,,,false,false,false,false,2026-07-28
489790,한화비전,KOSPI,,,false,false,false,false,2026-07-28
088350,한화생명,KOSPI,,,false,false,false,false,2026-07-28
000370,한화손해보험,KOSPI,,,false,false,false,false,2026-07-28
009830,한화솔루션,KOSPI,,,false,false,false,false,2026-07-28
009835,한화솔루션우,KOSPI,,,false,false,false,false,2026-07-28
272210,한화시스템,KOSPI,,,false,false,false,false,2026-07-28
012450,한화에어로스페이스,KOSPI,,,false,false,false,false,2026-07-28
082740,한화엔진,KOSPI,,,false,false,false,false,2026-07-28
042660,한화오션,KOSPI,,,false,false,false,false,2026-07-28
003530,한화투자증권,KOSPI,,,false,false,false,false,2026-07-28
003535,한화투자증권우,KOSPI,,,false,false,false,false,2026-07-28
195870,해성디에스,KOSPI,,,false,false,false,false,2026-07-28
101530,해태제과식품,KOSPI,,,false,false,false,false,2026-07-28
143210,핸즈코퍼레이션,KOSPI,,,false,false,false,false,2026-07-28
000720,현대건설,KOSPI,,,false,false,false,false,2026-07-28
000725,현대건설우,KOSPI,,,false,false,false,false,2026-07-28
453340,현대그린푸드,KOSPI,,,false,false,false,false,2026-07-28
086280,현대글로비스,KOSPI,,,false,false,false,false,2026-07-28
064350,현대로템,KOSPI,,,false,false,false,false,2026-07-28
079430,현대리바트,KOSPI,,,false,false,false,false,2026-07-28
012330,현대모비스,KOSPI,,,false,false,false,false,2026-07-28
069960,현대백화점,KOSPI,,,false,false,false,false,2026-07-28
004560,현대비앤지스틸,KOSPI,,,false,false,false,false,2026-07-28
004310,현대약품,KOSPI,,,false,false,false,false,2026-07-28
017800,현대엘리베이터,KOSPI,,,false,false,false,false,2026-07-28
307950,현대오토에버,KOSPI,,,false,false,false,false,2026-07-28
011210,현대위아,KOSPI,,,false,false,false,false,2026-07-28
004020,현대제철,KOSPI,,,false,false,false,false,2026-07-28
005440,현대지에프홀딩스,KOSPI,,,false,false,false,false,2026-07-28
005380,현대차,KOSPI,,,false,false,false,false,2026-07-28
005387,현대차2우B,KOSPI,,,false,false,false,false,2026-07-28
005389,현대차3우B,KOSPI,,,false,false,false,false,2026-07-28
005385,현대차우,KOSPI,,,false,false,false,false,2026-07-28
001500,현대차증권,KOSPI,,,false,false,false,false,2026-07-28
011760,현대코퍼레이션,KOSPI,,,false,false,false,false,2026-07-28
227840,현대코퍼레이션홀딩스,KOSPI,,,false,false,false,false,2026-07-28
126560,현대퓨처넷,KOSPI,,,false,false,false,false,2026-07-28
001450,현대해상,KOSPI,,,false,false,false,false,2026-07-28
093240,형지엘리트,KOSPI,,,false,false,false,false,2026-07-28
003010,혜인,KOSPI,,,false,false,false,false,2026-07-28
111110,호전실업,KOSPI,,,false,false,false,false,2026-07-28
008770,호텔신라,KOSPI,,,false,false,false,false,2026-07-28
008775,호텔신라우,KOSPI,,,false,false,false,false,2026-07-28
378850,화승알앤에이,KOSPI,,,false,false,false,false,2026-07-28
241590,화승엔터프라이즈,KOSPI,,,false,false,false,false,2026-07-28
006060,화승인더,KOSPI,,,false,false,false,false,2026-07-28
013520,화승코퍼레이션,KOSPI,,,false,false,false,false,2026-07-28
010690,화신,KOSPI,,,false,false,false,false,2026-07-28
133820,화인베스틸,KOSPI,,,false,false,false,false,2026-07-28
010660,화천기계,KOSPI,,,false,false,false,false,2026-07-28
000850,화천기공,KOSPI,,,false,false,false,false,2026-07-28
016580,환인제약,KOSPI,,,false,false,false,false,2026-07-28
032560,황금에스티,KOSPI,,,false,false,false,false,2026-07-28
004800,효성,KOSPI,,,false,false,false,false,2026-07-28
094280,효성ITX,KOSPI,,,false,false,false,false,2026-07-28
298040,효성중공업,KOSPI,,,false,false,false,false,2026-07-28
298020,효성티앤씨,KOSPI,,,false,false,false,false,2026-07-28
298000,효성화학,KOSPI,,,false,false,false,false,2026-07-28
093370,후성,KOSPI,,,false,false,false,false,2026-07-28
005870,휴니드,KOSPI,,,false,false,false,false,2026-07-28
079980,휴비스,KOSPI,,,false,false,false,false,2026-07-28
005010,휴스틸,KOSPI,,,false,false,false,false,2026-07-28
000540,흥국화재,KOSPI,,,false,false,false,false,2026-07-28
000545,흥국화재우,KOSPI,,,false,false,false,false,2026-07-28
003280,흥아해운,KOSPI,,,false,false,false,false,2026-07-28
060310,3S,KOSDAQ,,,false,false,false,false,2026-07-28
054620,APS,KOSDAQ,,,false,false,false,false,2026-07-28
079810,APS이노베이션,KOSDAQ,,,false,false,false,false,2026-07-28
265520,AP시스템,KOSDAQ,,,false,false,false,false,2026-07-28
211270,AP위성,KOSDAQ,,,false,false,false,false,2026-07-28
126600,BGF에코머티리얼즈,KOSDAQ,,,false,false,false,false,2026-07-28
083790,CG인바이츠,KOSDAQ,,,false,false,false,false,2026-07-28
035760,CJ ENM,KOSDAQ,,,false,false,false,false,2026-07-28
311690,CJ 바이오사이언스,KOSDAQ,,,false,false,false,false,2026-07-28
051500,CJ프레시웨이,KOSDAQ,,,false,false,false,false,2026-07-28
058820,CMG제약,KOSDAQ,,,false,false,false,false,2026-07-28
056730,CNT85,KOSDAQ,,,false,false,false,false,2026-07-28
065770,CS,KOSDAQ,,,false,false,false,false,2026-07-28
083660,CSA 코스믹,KOSDAQ,,,false,false,false,false,2026-07-28
477760,DB금융스팩12호,KOSDAQ,,,false,true,false,false,2026-07-28
099520,DGI,KOSDAQ,,,false,false,false,false,2026-07-28
290120,DH오토리드,KOSDAQ,,,false,false,false,false,2026-07-28
025440,DH오토웨어,KOSDAQ,,,false,false,false,false,2026-07-28
068790,DMS,KOSDAQ,,,false,false,false,false,2026-07-28
241520,DSC인베스트먼트,KOSDAQ,,,false,false,false,false,2026-07-28
180400,DXVX,KOSDAQ,,,false,false,false,false,2026-07-28
418620,E8,KOSDAQ,,,false,false,false,false,2026-07-28
245620,EDGC,KOSDAQ,,,false,false,false,false,2026-07-28
037370,EG,KOSDAQ,,,false,false,false,false,2026-07-28
050120,ES큐브,KOSDAQ,,,false,false,false,false,2026-07-28
214270,FSN,KOSDAQ,,,false,false,false,false,2026-07-28
032620,GC메디아이,KOSDAQ,,,false,false,false,false,2026-07-28
130500,GH신소재,KOSDAQ,,,false,false,false,false,2026-07-28
900290,GRT,KOSDAQ,,,false,false,false,false,2026-07-28
083450,GST,KOSDAQ,,,false,false,false,false,2026-07-28
297890,HB솔루션,KOSDAQ,,,false,false,false,false,2026-07-28
440290,HB인베스트먼트,KOSDAQ,,,false,false,false,false,2026-07-28
078150,HB테크놀러지,KOSDAQ,,,false,false,false,false,2026-07-28
225530,HC보광산업,KOSDAQ,,,false,false,false,false,2026-07-28
060560,HC홈센타,KOSDAQ,,,false,false,false,false,2026-07-28
376270,HEM파마,KOSDAQ,,,false,false,false,false,2026-07-28
195940,HK이노엔,KOSDAQ,,,false,false,false,false,2026-07-28
028300,HLB,KOSDAQ,,,false,false,false,false,2026-07-28
278650,HLB바이오스텝,KOSDAQ,,,false,false,false,false,2026-07-28
067630,HLB생명과학,KOSDAQ,,,false,false,false,false,2026-07-28
024850,HLB이노베이션,KOSDAQ,,,false,false,false,false,2026-07-28
187420,HLB제넥스,KOSDAQ,,,false,false,false,false,2026-07-28
047920,HLB제약,KOSDAQ,,,false,false,false,false,2026-07-28
115450,HLB테라퓨틱스,KOSDAQ,,,false,false,false,false,2026-07-28
046210,HLB파나진,KOSDAQ,,,false,false,false,false,2026-07-28
196300,HLB펩,KOSDAQ,,,false,false,false,false,2026-07-28
403870,HPSP,KOSDAQ,,,false,false,false,false,2026-07-28
036640,HRS,KOSDAQ,,,false,false,false,false,2026-07-28
469480,IBKS제24호스팩,KOSDAQ,,,false,true,false,false,2026-07-28
0099X0,IBKS제25호스팩,KOSDAQ,,,false,true,false,false,2026-07-28
095340,ISC,KOSDAQ,,,false,false,false,false,2026-07-28
950170,JTC,KOSDAQ,,,false,false,false,false,2026-07-28
067290,JW신약,KOSDAQ,,,false,false,false,false,2026-07-28
035900,JYP Ent.,KOSDAQ,,,false,false,false,false,2026-07-28
318000,KBG,KOSDAQ,,,false,false,false,false,2026-07-28
024840,KBI메탈,KOSDAQ,,,false,false,false,false,2026-07-28
024120,KB오토시스,KOSDAQ,,,false,false,false,false,2026-07-28
478390,KB제29호스팩,KOSDAQ,,,false,true,false,false,2026-07-28
486630,KB제30호스팩,KOSDAQ,,,false,true,false,false,2026-07-28
492220,KB제31호스팩,KOSDAQ,,,false,true,false,false,2026-07-28
0037T0,KB제32호스팩,KOSDAQ,,,false,true,false,false,2026-07-28
0072Z0,KB제33호스팩,KOSDAQ,,,false,true,false,false,2026-07-28
021320,KCC건설,KOSDAQ,,,false,false,false,false,2026-07-28
044180,KD,KOSDAQ,,,false,false,false,false,2026-07-28
151860,KG에코솔루션,KOSDAQ,,,false,false,false,false,2026-07-28
035600,KG이니시스,KOSDAQ,,,false,false,false,false,2026-07-28
046440,KG파이낸셜,KOSDAQ,,,false,false,false,false,2026-07-28
060720,KH바텍,KOSDAQ,,,false,false,false,false,2026-07-28
058400,KNN,KOSDAQ,,,false,false,false,false,2026-07-28
101000,KS인더스트리,KOSDAQ,,,false,false,false,false,2026-07-28
089600,KT나스미디어,KOSDAQ,,,false,false,false,false,2026-07-28
418470,KT밀리의서재,KOSDAQ,,,false,false,false,false,2026-07-28
043610,KT지니뮤직,KOSDAQ,,,false,false,false,false,2026-07-28
122450,KX,KOSDAQ,,,false,false,false,false,2026-07-28
052900,KX하이텍,KOSDAQ,,,false,false,false,false,2026-07-28
036560,KZ정밀,KOSDAQ,,,false,false,false,false,2026-07-28
061970,LB세미콘,KOSDAQ,,,false,false,false,false,2026-07-28
309960,LB인베스트먼트,KOSDAQ,,,false,false,false,false,2026-07-28
073490,LIG아큐버,KOSDAQ,,,false,false,false,false,2026-07-28
225190,LK삼양,KOSDAQ,,,false,false,false,false,2026-07-28
091970,LSK아이로봇,KOSDAQ,,,false,false,false,false,2026-07-28
060370,LS마린솔루션,KOSDAQ,,,false,false,false,false,2026-07-28
417200,LS머트리얼즈,KOSDAQ,,,false,false,false,false,2026-07-28
078020,LS증권,KOSDAQ,,,false,false,false,false,2026-07-28
322180,LS티라유텍,KOSDAQ,,,false,false,false,false,2026-07-28
476080,M83,KOSDAQ,,,false,false,false,false,2026-07-28
086960,MDS테크,KOSDAQ,,,false,false,false,false,2026-07-28
160550,NEW,KOSDAQ,,,false,false,false,false,2026-07-28
053290,NE능률,KOSDAQ,,,false,false,false,false,2026-07-28
060250,NHN KCP,KOSDAQ,,,false,false,false,false,2026-07-28
104200,NHN벅스,KOSDAQ,,,false,false,false,false,2026-07-28
054050,NH농우바이오,KOSDAQ,,,false,false,false,false,2026-07-28
063570,NICE인프라,KOSDAQ,,,false,false,false,false,2026-07-28
024940,PN풍년,KOSDAQ,,,false,false,false,false,2026-07-28
332570,PS일렉트로닉스,KOSDAQ,,,false,false,false,false,2026-07-28
218410,RFHIC,KOSDAQ,,,false,false,false,false,2026-07-28
327260,RF머트리얼즈,KOSDAQ,,,false,false,false,false,2026-07-28
474610,RF시스템즈,KOSDAQ,,,false,false,false,false,2026-07-28
091340,S&K폴리텍,KOSDAQ,,,false,false,false,false,2026-07-28
419530,SAMG엔터,KOSDAQ,,,false,false,false,false,2026-07-28
019550,SBI인베스트먼트,KOSDAQ,,,false,false,false,false,2026-07-28
246960,SCL사이언스,KOSDAQ,,,false,false,false,false,2026-07-28
099220,SDN,KOSDAQ,,,false,false,false,false,2026-07-28
056190,SFA,KOSDAQ,,,false,false,false,false,2026-07-28
222080,SFA넥셀,KOSDAQ,,,false,false,false,false,2026-07-28
036540,SFA반도체,KOSDAQ,,,false,false,false,false,2026-07-28
255220,SG,KOSDAQ,,,false,false,false,false,2026-07-28
040610,SG&G,KOSDAQ,,,false,false,false,false,2026-07-28
184230,SGA솔루션즈,KOSDAQ,,,false,false,false,false,2026-07-28
016250,SGC E&C,KOSDAQ,,,false,false,false,false,2026-07-28
357880,SKAI,KOSDAQ,,,false,false,false,false,2026-07-28
048550,SM C&C,KOSDAQ,,,false,false,false,false,2026-07-28
063440,SM Life Design,KOSDAQ,,,false,false,false,false,2026-07-28
067160,SOOP,KOSDAQ,,,false,false,false,false,2026-07-28
289080,SV인베스트먼트,KOSDAQ,,,false,false,false,false,2026-07-28
041930,SY동아,KOSDAQ,,,false,false,false,false,2026-07-28
089230,THE E&M,KOSDAQ,,,false,false,false,false,2026-07-28
032540,TJ미디어,KOSDAQ,,,false,false,false,false,2026-07-28
048770,TPC로보틱스,KOSDAQ,,,false,false,false,false,2026-07-28
246690,TS인베스트먼트,KOSDAQ,,,false,false,false,false,2026-07-28
317240,TS트릴리온,KOSDAQ,,,false,false,false,false,2026-07-28
057030,YBM넷,KOSDAQ,,,false,false,false,false,2026-07-28
040300,YTN,KOSDAQ,,,false,false,false,false,2026-07-28
051390,YW,KOSDAQ,,,false,false,false,false,2026-07-28
052220,iMBC,KOSDAQ,,,false,false,false,false,2026-07-28
079940,가비아,KOSDAQ,,,false,false,false,false,2026-07-28
078890,가온그룹,KOSDAQ,,,false,false,false,false,2026-07-28
399720,가온칩스,KOSDAQ,,,false,false,false,false,2026-07-28
036620,감성코퍼레이션,KOSDAQ,,,false,false,false,false,2026-07-28
198440,강동씨앤엘,KOSDAQ,,,false,false,false,false,2026-07-28
217730,강스템바이오텍,KOSDAQ,,,false,false,false,false,2026-07-28
114190,강원에너지,KOSDAQ,,,false,false,false,false,2026-07-28
094480,갤럭시아머니트리,KOSDAQ,,,false,false,false,false,2026-07-28
039240,경남스틸,KOSDAQ,,,false,false,false,false,2026-07-28
053950,경남제약,KOSDAQ,,,false,false,false,false,2026-07-28
011040,경동제약,KOSDAQ,,,false,false,false,false,2026-07-28
024910,경창산업,KOSDAQ,,,false,false,false,false,2026-07-28
049720,고려신용정보,KOSDAQ,,,false,false,false,false,2026-07-28
014570,고려제약,KOSDAQ,,,false,false,false,false,2026-07-28
348150,고바이오랩,KOSDAQ,,,false,false,false,false,2026-07-28
950190,고스트스튜디오,KOSDAQ,,,false,false,false,false,2026-07-28
098460,고영,KOSDAQ,,,false,false,false,false,2026-07-28
035290,골드앤에스,KOSDAQ,,,false,false,false,false,2026-07-28
215000,골프존,KOSDAQ,,,false,false,false,false,2026-07-28
121440,골프존홀딩스,KOSDAQ,,,false,false,false,false,2026-07-28
029480,광무,KOSDAQ,,,false,false,false,false,2026-07-28
026910,광진실업,KOSDAQ,,,false,false,false,false,2026-07-28
465320,교보15호스팩,KOSDAQ,,,false,true,false,false,2026-07-28
482520,교보16호스팩,KOSDAQ,,,false,true,false,false,2026-07-28
489210,교보17호스팩,KOSDAQ,,,false,true,false,false,2026-07-28
0041B0,교보18호스팩,KOSDAQ,,,false,true,false,false,2026-07-28
0098T0,교보19호스팩,KOSDAQ,,,false,true,false,false,2026-07-28
0132G0,교보20호스팩,KOSDAQ,,,false,true,false,false,2026-07-28
053270,구영테크,KOSDAQ,,,false,false,false,false,2026-07-28
066620,국보디자인,KOSDAQ,,,false,false,false,false,2026-07-28
043650,국순당,KOSDAQ,,,false,false,false,false,2026-07-28
006050,국영지앤엠,KOSDAQ,,,false,false,false,false,2026-07-28
060480,국일신동,KOSDAQ,,,false,false,false,false,2026-07-28
078130,국일제지,KOSDAQ,,,false,false,false,false,2026-07-28
307750,국전,KOSDAQ,,,false,false,false,false,2026-07-28
035080,그래디언트,KOSDAQ,,,false,false,false,false,2026-07-28
318060,그래피,KOSDAQ,,,false,false,false,false,2026-07-28
453450,그리드위즈,KOSDAQ,,,false,false,false,false,2026-07-28
204020,그리티,KOSDAQ,,,false,false,false,false,2026-07-28
0015G0,그린광학,KOSDAQ,,,false,false,false,false,2026-07-28
402490,그린리소스,KOSDAQ,,,false,false,false,false,2026-07-28
114450,그린생명과학,KOSDAQ,,,false,false,false,false,2026-07-28
186230,그린플러스,KOSDAQ,,,false,false,false,false,2026-07-28
900070,글로벌에스엠,KOSDAQ,,,false,false,false,false,2026-07-28
204620,글로벌텍스프리,KOSDAQ,,,false,false,false,false,2026-07-28
019660,글로본,KOSDAQ,,,false,false,false,false,2026-07-28
053260,금강철강,KOSDAQ,,,false,false,false,false,2026-07-28
282720,금양그린파워,KOSDAQ,,,false,false,false,false,2026-07-28
036190,금화피에스시,KOSDAQ,,,false,false,false,false,2026-07-28
049080,기가레인,KOSDAQ,,,false,false,false,false,2026-07-28
420770,기가비스,KOSDAQ,,,false,false,false,false,2026-07-28
035460,기산텔레콤,KOSDAQ,,,false,false,false,false,2026-07-28
407400,꿈비,KOSDAQ,,,false,false,false,false,2026-07-28
187790,나노,KOSDAQ,,,false,false,false,false,2026-07-28
121600,나노신소재,KOSDAQ,,,false,false,false,false,2026-07-28
286750,나노실리칸첨단소재,KOSDAQ,,,false,false,false,false,2026-07-28
247660,나노씨엠에스,KOSDAQ,,,false,false,false,false,2026-07-28
039860,나노엔텍,KOSDAQ,,,false,false,false,false,2026-07-28
417010,나노팀,KOSDAQ,,,false,false,false,false,2026-07-28
405920,나라셀라,KOSDAQ,,,false,false,false,false,2026-07-28
478340,나라스페이스테크놀로지,KOSDAQ,,,false,false,false,false,2026-07-28
051490,나라엠앤디,KOSDAQ,,,false,false,false,false,2026-07-28
137080,나래나노텍,KOSDAQ,,,false,false,false,false,2026-07-28
190510,나무가,KOSDAQ,,,false,false,false,false,2026-07-28
242040,나무기술,KOSDAQ,,,false,false,false,false,2026-07-28
293580,나우IB,KOSDAQ,,,false,false,false,false,2026-07-28
459510,나우로보틱스,KOSDAQ,,,false,false,false,false,2026-07-28
138610,나이벡,KOSDAQ,,,false,false,false,false,2026-07-28
130580,나이스디앤비,KOSDAQ,,,false,false,false,false,2026-07-28
036800,나이스정보통신,KOSDAQ,,,false,false,false,false,2026-07-28
366030,나인앤컴퍼니,KOSDAQ,,,false,false,false,false,2026-07-28
267320,나인테크,KOSDAQ,,,false,false,false,false,2026-07-28
111710,남화산업,KOSDAQ,,,false,false,false,false,2026-07-28
091590,남화토건,KOSDAQ,,,false,false,false,false,2026-07-28
168330,내츄럴엔도텍,KOSDAQ,,,false,false,false,false,2026-07-28
094860,네오리진,KOSDAQ,,,false,false,false,false,2026-07-28
0218L0,네오뷰,KOSDAQ,,,false,false,false,false,2026-07-28
253590,네오셈,KOSDAQ,,,false,false,false,false,2026-07-28
212560,네오오토,KOSDAQ,,,false,false,false,false,2026-07-28
095660,네오위즈,KOSDAQ,,,false,false,false,false,2026-07-28
042420,네오위즈홀딩스,KOSDAQ,,,false,false,false,false,2026-07-28
950220,네오이뮨텍,KOSDAQ,,,false,false,false,false,2026-07-28
311390,네오크레마,KOSDAQ,,,false,false,false,false,2026-07-28
085910,네오티스,KOSDAQ,,,false,false,false,false,2026-07-28
092730,네오팜,KOSDAQ,,,false,false,false,false,2026-07-28
153460,네이블,KOSDAQ,,,false,false,false,false,2026-07-28
007390,네이처셀,KOSDAQ,,,false,false,false,false,2026-07-28
033640,네패스,KOSDAQ,,,false,false,false,false,2026-07-28
330860,네패스아크,KOSDAQ,,,false,false,false,false,2026-07-28
351320,넥사다이내믹스,KOSDAQ,,,false,false,false,false,2026-07-28
089140,넥스턴앤롤코리아,KOSDAQ,,,false,false,false,false,2026-07-28
389650,넥스트바이오메디컬,KOSDAQ,,,false,false,false,false,2026-07-28
137940,넥스트아이,KOSDAQ,,,false,false,false,false,2026-07-28
396270,넥스트칩,KOSDAQ,,,false,false,false,false,2026-07-28
348210,넥스틴,KOSDAQ,,,false,false,false,false,2026-07-28
225570,넥슨게임즈,KOSDAQ,,,false,false,false,false,2026-07-28
205500,넥써쓰,KOSDAQ,,,false,false,false,false,2026-07-28
217270,넵튠,KOSDAQ,,,false,false,false,false,2026-07-28
104620,노랑풍선,KOSDAQ,,,false,false,false,false,2026-07-28
473980,노머스,KOSDAQ,,,false,false,false,false,2026-07-28
194700,노바렉스,KOSDAQ,,,false,false,false,false,2026-07-28
285490,노바텍,KOSDAQ,,,false,false,false,false,2026-07-28
145170,노브랜드,KOSDAQ,,,false,false,false,false,2026-07-28
376930,노을,KOSDAQ,,,false,false,false,false,2026-07-28
486990,노타,KOSDAQ,,,false,false,false,false,2026-07-28
142280,녹십자엠에스,KOSDAQ,,,false,false,false,false,2026-07-28
234690,녹십자웰빙,KOSDAQ,,,false,false,false,false,2026-07-28
069140,누리플랜,KOSDAQ,,,false,false,false,false,2026-07-28
040160,누리플렉스,KOSDAQ,,,false,false,false,false,2026-07-28
332290,누보,KOSDAQ,,,false,false,false,false,2026-07-28
348340,뉴로메카,KOSDAQ,,,false,false,false,false,2026-07-28
380550,뉴로핏,KOSDAQ,,,false,false,false,false,2026-07-28
060260,뉴보텍,KOSDAQ,,,false,false,false,false,2026-07-28
463020,뉴엔AI,KOSDAQ,,,false,false,false,false,2026-07-28
123840,뉴온,KOSDAQ,,,false,false,false,false,2026-07-28
012340,뉴인텍,KOSDAQ,,,false,false,false,false,2026-07-28
462310,뉴키즈온,KOSDAQ,,,false,false,false,false,2026-07-28
270870,뉴트리,KOSDAQ,,,false,false,false,false,2026-07-28
144960,뉴파워프라즈마,KOSDAQ,,,false,false,false,false,2026-07-28
085670,뉴프렉스,KOSDAQ,,,false,false,false,false,2026-07-28
064260,다날,KOSDAQ,,,false,false,false,false,2026-07-28
340360,다보링크,KOSDAQ,,,false,false,false,false,2026-07-28
039560,다산네트웍스,KOSDAQ,,,false,false,false,false,2026-07-28
208860,다산디엠씨,KOSDAQ,,,false,false,false,false,2026-07-28
154040,다산솔루에타,KOSDAQ,,,false,false,false,false,2026-07-28
032190,다우데이타,KOSDAQ,,,false,false,false,false,2026-07-28
323350,다원넥스뷰,KOSDAQ,,,false,false,false,false,2026-07-28
068240,다원시스,KOSDAQ,,,false,false,false,false,2026-07-28
290660,다이나믹솔루션,KOSDAQ,,,false,false,false,false,2026-07-28
464580,닷밀,KOSDAQ,,,false,false,false,false,2026-07-28
020400,대동금속,KOSDAQ,,,false,false,false,false,2026-07-28
008830,대동기어,KOSDAQ,,,false,false,false,false,2026-07-28
048470,대동스틸,KOSDAQ,,,false,false,false,false,2026-07-28
004780,대륙제관,KOSDAQ,,,false,false,false,false,2026-07-28
017650,대림제지,KOSDAQ,,,false,false,false,false,2026-07-28
389260,대명에너지,KOSDAQ,,,false,false,false,false,2026-07-28
317850,대모,KOSDAQ,,,false,false,false,false,2026-07-28
290670,대보마그네틱,KOSDAQ,,,false,false,false,false,2026-07-28
078140,대봉엘에스,KOSDAQ,,,false,false,false,false,2026-07-28
065150,대산F&B,KOSDAQ,,,false,false,false,false,2026-07-28
036480,대성미생물,KOSDAQ,,,false,false,false,false,2026-07-28
027830,대성창투,KOSDAQ,,,false,false,false,false,2026-07-28
129920,대성하이텍,KOSDAQ,,,false,false,false,false,2026-07-28
471050,대신밸런스제17호스팩,KOSDAQ,,,false,true,false,false,2026-07-28
482690,대신밸런스제19호스팩,KOSDAQ,,,false,true,false,false,2026-07-28
0134X0,대신밸런스제20호스팩,KOSDAQ,,,false,true,false,false,2026-07-28
020180,대신정보통신,KOSDAQ,,,false,false,false,false,2026-07-28
045390,대아티아이,KOSDAQ,,,false,false,false,false,2026-07-28
108380,대양전기공업,KOSDAQ,,,false,false,false,false,2026-07-28
007680,대원,KOSDAQ,,,false,false,false,false,2026-07-28
048910,대원미디어,KOSDAQ,,,false,false,false,false,2026-07-28
005710,대원산업,KOSDAQ,,,false,false,false,false,2026-07-28
120240,대정화금,KOSDAQ,,,false,false,false,false,2026-07-28
003310,대주산업,KOSDAQ,,,false,false,false,false,2026-07-28
078600,대주전자재료,KOSDAQ,,,false,false,false,false,2026-07-28
393970,대진첨단소재,KOSDAQ,,,false,false,false,false,2026-07-28
096350,대창솔루션,KOSDAQ,,,false,false,false,false,2026-07-28
140520,대창스틸,KOSDAQ,,,false,false,false,false,2026-07-28
131220,대한과학,KOSDAQ,,,false,false,false,false,2026-07-28
010170,대한광통신,KOSDAQ,,,false,false,false,false,2026-07-28
054670,대한뉴팜,KOSDAQ,,,false,false,false,false,2026-07-28
023910,대한약품,KOSDAQ,,,false,false,false,false,2026-07-28
021040,대호특수강,KOSDAQ,,,false,false,false,false,2026-07-28
021045,대호특수강우,KOSDAQ,,,false,false,false,false,2026-07-28
067080,대화제약,KOSDAQ,,,false,false,false,false,2026-07-28
298540,더네이쳐홀딩스,KOSDAQ,,,false,false,false,false,2026-07-28
032860,더라미,KOSDAQ,,,false,false,false,false,2026-07-28
393890,더블유씨피,KOSDAQ,,,false,false,false,false,2026-07-28
299170,더블유에스아이,KOSDAQ,,,false,false,false,false,2026-07-28
462860,더즌,KOSDAQ,,,false,false,false,false,2026-07-28
224060,더코디,KOSDAQ,,,false,false,false,false,2026-07-28
043090,더테크놀로지,KOSDAQ,,,false,false,false,false,2026-07-28
403850,더핑크퐁컴퍼니,KOSDAQ,,,false,false,false,false,2026-07-28
213420,덕산네오룩스,KOSDAQ,,,false,false,false,false,2026-07-28
317330,덕산테코피아,KOSDAQ,,,false,false,false,false,2026-07-28
077360,덕산하이메탈,KOSDAQ,,,false,false,false,false,2026-07-28
090410,덕신이피씨,KOSDAQ,,,false,false,false,false,2026-07-28
0001A0,덕양에너젠,KOSDAQ,,,false,false,false,false,2026-07-28
263600,덕우전자,KOSDAQ,,,false,false,false,false,2026-07-28
194480,데브시스터즈,KOSDAQ,,,false,false,false,false,2026-07-28
373160,데이원컴퍼니,KOSDAQ,,,false,false,false,false,2026-07-28
263800,데이타솔루션,KOSDAQ,,,false,false,false,false,2026-07-28
206560,덱스터,KOSDAQ,,,false,false,false,false,2026-07-28
261200,덴티스,KOSDAQ,,,false,false,false,false,2026-07-28
484120,도우인시스,KOSDAQ,,,false,false,false,false,2026-07-28
067990,도이치모터스,KOSDAQ,,,false,false,false,false,2026-07-28
006620,동구바이오제약,KOSDAQ,,,false,false,false,false,2026-07-28
100130,동국S&C,KOSDAQ,,,false,false,false,false,2026-07-28
005160,동국산업,KOSDAQ,,,false,false,false,false,2026-07-28
303810,동국생명과학,KOSDAQ,,,false,false,false,false,2026-07-28
075970,동국알앤에스,KOSDAQ,,,false,false,false,false,2026-07-28
086450,동국제약,KOSDAQ,,,false,false,false,false,2026-07-28
240550,동방메디컬,KOSDAQ,,,false,false,false,false,2026-07-28
099410,동방선기,KOSDAQ,,,false,false,false,false,2026-07-28
033500,동성화인텍,KOSDAQ,,,false,false,false,false,2026-07-28
025950,동신건설,KOSDAQ,,,false,false,false,false,2026-07-28
088130,동아엘텍,KOSDAQ,,,false,false,false,false,2026-07-28
060380,동양에스텍,KOSDAQ,,,false,false,false,false,2026-07-28
079960,동양이엔피,KOSDAQ,,,false,false,false,false,2026-07-28
228340,동양파일,KOSDAQ,,,false,false,false,false,2026-07-28
088910,동우팜투테이블,KOSDAQ,,,false,false,false,false,2026-07-28
094170,동운아나텍,KOSDAQ,,,false,false,false,false,2026-07-28
013120,동원개발,KOSDAQ,,,false,false,false,false,2026-07-28
109860,동일금속,KOSDAQ,,,false,false,false,false,2026-07-28
032960,동일기연,KOSDAQ,,,false,false,false,false,2026-07-28
023790,동일스틸럭스,KOSDAQ,,,false,false,false,false,2026-07-28
005290,동진쎄미켐,KOSDAQ,,,false,false,false,false,2026-07-28
025900,동화기업,KOSDAQ,,,false,false,false,false,2026-07-28
131970,두산테스나,KOSDAQ,,,false,false,false,false,2026-07-28
073190,듀오백,KOSDAQ,,,false,false,false,false,2026-07-28
176750,듀켐바이오,KOSDAQ,,,false,false,false,false,2026-07-28
030350,드래곤플라이,KOSDAQ,,,false,false,false,false,2026-07-28
203650,드림시큐리티,KOSDAQ,,,false,false,false,false,2026-07-28
223250,드림씨아이에스,KOSDAQ,,,false,false,false,false,2026-07-28
060570,드림어스컴퍼니,KOSDAQ,,,false,false,false,false,2026-07-28
362990,드림인사이트,KOSDAQ,,,false,false,false,false,2026-07-28
016670,디모아,KOSDAQ,,,false,false,false,false,2026-07-28
187870,디바이스,KOSDAQ,,,false,false,false,false,2026-07-28
489730,디비금융제13호스팩,KOSDAQ,,,false,true,false,false,2026-07-28
0004Y0,디비금융제14호스팩,KOSDAQ,,,false,true,false,false,2026-07-28
110990,디아이티,KOSDAQ,,,false,false,false,false,2026-07-28
263690,디알젬,KOSDAQ,,,false,false,false,false,2026-07-28
214680,디알텍,KOSDAQ,,,false,false,false,false,2026-07-28
347850,디앤디파마텍,KOSDAQ,,,false,false,false,false,2026-07-28
263720,디앤씨미디어,KOSDAQ,,,false,false,false,false,2026-07-28
376300,디어유,KOSDAQ,,,false,false,false,false,2026-07-28
104040,디에스엠,KOSDAQ,,,false,false,false,false,2026-07-28
109740,디에스케이,KOSDAQ,,,false,false,false,false,2026-07-28
031860,디에이치엑스컴퍼니,KOSDAQ,,,false,false,false,false,2026-07-28
196490,디에이테크놀로지,KOSDAQ,,,false,false,false,false,2026-07-28
066900,디에이피,KOSDAQ,,,false,false,false,false,2026-07-28
092070,디엔에프,KOSDAQ,,,false,false,false,false,2026-07-28
039840,디오,KOSDAQ,,,false,false,false,false,2026-07-28
219550,디와이디,KOSDAQ,,,false,false,false,false,2026-07-28
310870,디와이씨,KOSDAQ,,,false,false,false,false,2026-07-28
104460,디와이피엔에프,KOSDAQ,,,false,false,false,false,2026-07-28
113810,디젠스,KOSDAQ,,,false,false,false,false,2026-07-28
043360,디지아이,KOSDAQ,,,false,false,false,false,2026-07-28
197140,디지캡,KOSDAQ,,,false,false,false,false,2026-07-28
068930,디지털대성,KOSDAQ,,,false,false,false,false,2026-07-28
033130,디지틀조선,KOSDAQ,,,false,false,false,false,2026-07-28
105740,디케이락,KOSDAQ,,,false,false,false,false,2026-07-28
263020,디케이앤디,KOSDAQ,,,false,false,false,false,2026-07-28
290550,디케이티,KOSDAQ,,,false,false,false,false,2026-07-28
066670,디티씨,KOSDAQ,,,false,false,false,false,2026-07-28
187220,디티앤씨,KOSDAQ,,,false,false,false,false,2026-07-28
383930,디티앤씨알오,KOSDAQ,,,false,false,false,false,2026-07-28
131180,딜리,KOSDAQ,,,false,false,false,false,2026-07-28
315640,딥노이드,KOSDAQ,,,false,false,false,false,2026-07-28
900110,딥커머스,KOSDAQ,,,false,false,false,false,2026-07-28
317120,라닉스,KOSDAQ,,,false,false,false,false,2026-07-28
462510,라메디텍,KOSDAQ,,,false,false,false,false,2026-07-28
232680,라온로보틱스,KOSDAQ,,,false,false,false,false,2026-07-28
042510,라온시큐어,KOSDAQ,,,false,false,false,false,2026-07-28
418420,라온텍,KOSDAQ,,,false,false,false,false,2026-07-28
300120,라온피플,KOSDAQ,,,false,false,false,false,2026-07-28
171120,라이온켐텍,KOSDAQ,,,false,false,false,false,2026-07-28
388790,라이콤,KOSDAQ,,,false,false,false,false,2026-07-28
214260,라파스,KOSDAQ,,,false,false,false,false,2026-07-28
171010,램테크놀러지,KOSDAQ,,,false,false,false,false,2026-07-28
084650,랩지노믹스,KOSDAQ,,,false,false,false,false,2026-07-28
217500,러셀,KOSDAQ,,,false,false,false,false,2026-07-28
038390,레드캡투어,KOSDAQ,,,false,false,false,false,2026-07-28
387690,레메디,KOSDAQ,,,false,false,false,false,2026-07-28
294140,레몬,KOSDAQ,,,false,false,false,false,2026-07-28
365660,레몬헬스케어,KOSDAQ,,,false,false,false,false,2026-07-28
443250,레뷰코퍼레이션,KOSDAQ,,,false,false,false,false,2026-07-28
228670,레이,KOSDAQ,,,false,false,false,false,2026-07-28
228850,레이언스,KOSDAQ,,,false,false,false,false,2026-07-28
412350,레이저쎌,KOSDAQ,,,false,false,false,false,2026-07-28
199550,레이저옵텍,KOSDAQ,,,false,false,false,false,2026-07-28
281740,레이크머티리얼즈,KOSDAQ,,,false,false,false,false,2026-07-28
277810,레인보우로보틱스,KOSDAQ,,,false,false,false,false,2026-07-28
215100,로보로보,KOSDAQ,,,false,false,false,false,2026-07-28
090360,로보스타,KOSDAQ,,,false,false,false,false,2026-07-28
108490,로보티즈,KOSDAQ,,,false,false,false,false,2026-07-28
900260,로스웰,KOSDAQ,,,false,false,false,false,2026-07-28
033290,로젠,KOSDAQ,,,false,false,false,false,2026-07-28
067730,로지시스,KOSDAQ,,,false,false,false,false,2026-07-28
071280,로체시스템즈,KOSDAQ,,,false,false,false,false,2026-07-28
376900,로킷헬스케어,KOSDAQ,,,false,false,false,false,2026-07-28
214610,롤링스톤,KOSDAQ,,,false,false,false,false,2026-07-28
328130,루닛,KOSDAQ,,,false,false,false,false,2026-07-28
038060,루멘스,KOSDAQ,,,false,false,false,false,2026-07-28
474170,루미르,KOSDAQ,,,false,false,false,false,2026-07-28
195990,루트K,KOSDAQ,,,false,false,false,false,2026-07-28
141080,리가켐바이오,KOSDAQ,,,false,false,false,false,2026-07-28
058470,리노공업,KOSDAQ,,,false,false,false,false,2026-07-28
016100,리더스코스메틱,KOSDAQ,,,false,false,false,false,2026-07-28
012700,리드코프,KOSDAQ,,,false,false,false,false,2026-07-28
302550,리메드,KOSDAQ,,,false,false,false,false,2026-07-28
491000,리브스메드,KOSDAQ,,,false,false,false,false,2026-07-28
394420,리센스메디컬,KOSDAQ,,,false,false,false,false,2026-07-28
073570,리튬포어스,KOSDAQ,,,false,false,false,false,2026-07-28
377450,리파인,KOSDAQ,,,false,false,false,false,2026-07-28
277070,린드먼아시아,KOSDAQ,,,false,false,false,false,2026-07-28
042500,링네트,KOSDAQ,,,false,false,false,false,2026-07-28
193250,링크드,KOSDAQ,,,false,false,false,false,2026-07-28
474650,링크솔루션,KOSDAQ,,,false,false,false,false,2026-07-28
219420,링크제니시스,KOSDAQ,,,false,false,false,false,2026-07-28
439090,마녀공장,KOSDAQ,,,false,false,false,false,2026-07-28
195500,마니커에프앤지,KOSDAQ,,,false,false,false,false,2026-07-28
377480,마음AI,KOSDAQ,,,false,false,false,false,2026-07-28
305090,마이크로디지탈,KOSDAQ,,,false,false,false,false,2026-07-28
098120,마이크로컨텍솔,KOSDAQ,,,false,false,false,false,2026-07-28
424980,마이크로투나노,KOSDAQ,,,false,false,false,false,2026-07-28
038290,마크로젠,KOSDAQ,,,false,false,false,false,2026-07-28
477850,마키나락스,KOSDAQ,,,false,false,false,false,2026-07-28
0039P0,매드업,KOSDAQ,,,false,false,false,false,2026-07-28
267980,매일유업,KOSDAQ,,,false,false,false,false,2026-07-28
005990,매일홀딩스,KOSDAQ,,,false,false,false,false,2026-07-28
093520,매커스,KOSDAQ,,,false,false,false,false,2026-07-28
100590,머큐리,KOSDAQ,,,false,false,false,false,2026-07-28
067280,멀티캠퍼스,KOSDAQ,,,false,false,false,false,2026-07-28
072870,메가스터디,KOSDAQ,,,false,false,false,false,2026-07-28
215200,메가스터디교육,KOSDAQ,,,false,false,false,false,2026-07-28
133750,메가엠디,KOSDAQ,,,false,false,false,false,2026-07-28
446540,메가터치,KOSDAQ,,,false,false,false,false,2026-07-28
235980,메드팩토,KOSDAQ,,,false,false,false,false,2026-07-28
041920,메디아나,KOSDAQ,,,false,false,false,false,2026-07-28
014100,메디앙스,KOSDAQ,,,false,false,false,false,2026-07-28
054180,메디콕스,KOSDAQ,,,false,false,false,false,2026-07-28
086900,메디톡스,KOSDAQ,,,false,false,false,false,2026-07-28
078160,메디포스트,KOSDAQ,,,false,false,false,false,2026-07-28
0088D0,메리츠제1호스팩,KOSDAQ,,,false,true,false,false,2026-07-28
0165X0,메리츠제2호스팩,KOSDAQ,,,false,true,false,false,2026-07-28
408920,메쎄이상,KOSDAQ,,,false,false,false,false,2026-07-28
021880,메이슨캐피탈,KOSDAQ,,,false,false,false,false,2026-07-28
0088M0,메쥬,KOSDAQ,,,false,false,false,false,2026-07-28
140410,메지온,KOSDAQ,,,false,false,false,false,2026-07-28
241770,메카로,KOSDAQ,,,false,false,false,false,2026-07-28
059210,메타바이오메드,KOSDAQ,,,false,false,false,false,2026-07-28
058110,멕아이씨에스,KOSDAQ,,,false,false,false,false,2026-07-28
072770,멤레이비티,KOSDAQ,,,false,false,false,false,2026-07-28
434480,모니터랩,KOSDAQ,,,false,false,false,false,2026-07-28
080420,모다이노칩,KOSDAQ,,,false,false,false,false,2026-07-28
417970,모델솔루션,KOSDAQ,,,false,false,false,false,2026-07-28
080160,모두투어,KOSDAQ,,,false,false,false,false,2026-07-28
087260,모바일어플라이언스,KOSDAQ,,,false,false,false,false,2026-07-28
101330,모베이스,KOSDAQ,,,false,false,false,false,2026-07-28
012860,모베이스전자,KOSDAQ,,,false,false,false,false,2026-07-28
363260,모비데이즈,KOSDAQ,,,false,false,false,false,2026-07-28
348030,모비릭스,KOSDAQ,,,false,false,false,false,2026-07-28
250060,모비스,KOSDAQ,,,false,false,false,false,2026-07-28
288980,모아데이타,KOSDAQ,,,false,false,false,false,2026-07-28
142760,모아라이프플러스,KOSDAQ,,,false,false,false,false,2026-07-28
033200,모아텍,KOSDAQ,,,false,false,false,false,2026-07-28
118990,모트렉스,KOSDAQ,,,false,false,false,false,2026-07-28
463480,모티브링크,KOSDAQ,,,false,false,false,false,2026-07-28
006920,모헨즈,KOSDAQ,,,false,false,false,false,2026-07-28
001810,무림SP,KOSDAQ,,,false,false,false,false,2026-07-28
279600,미디어젠,KOSDAQ,,,false,false,false,false,2026-07-28
095500,미래나노텍,KOSDAQ,,,false,false,false,false,2026-07-28
254490,미래반도체,KOSDAQ,,,false,false,false,false,2026-07-28
218150,미래생명자원,KOSDAQ,,,false,false,false,false,2026-07-28
100790,미래에셋벤처투자,KOSDAQ,,,false,false,false,false,2026-07-28
0097F0,미래에셋비전스팩10호,KOSDAQ,,,false,true,false,false,2026-07-28
0099W0,미래에셋비전스팩11호,KOSDAQ,,,false,true,false,false,2026-07-28
477380,미래에셋비전스팩4호,KOSDAQ,,,false,true,false,false,2026-07-28
477470,미래에셋비전스팩5호,KOSDAQ,,,false,true,false,false,2026-07-28
478440,미래에셋비전스팩6호,KOSDAQ,,,false,true,false,false,2026-07-28
482680,미래에셋비전스팩7호,KOSDAQ,,,false,true,false,false,2026-07-28
0093G0,미래에셋비전스팩8호,KOSDAQ,,,false,true,false,false,2026-07-28
0096D0,미래에셋비전스팩9호,KOSDAQ,,,false,true,false,false,2026-07-28
049950,미래컴퍼니,KOSDAQ,,,false,false,false,false,2026-07-28
207760,미스터블루,KOSDAQ,,,false,false,false,false,2026-07-28
059090,미코,KOSDAQ,,,false,false,false,false,2026-07-28
201490,미투온,KOSDAQ,,,false,false,false,false,2026-07-28
475460,미트박스,KOSDAQ,,,false,false,false,false,2026-07-28
452200,민테크,KOSDAQ,,,false,false,false,false,2026-07-28
206640,바디텍메드,KOSDAQ,,,false,false,false,false,2026-07-28
035620,바른손이앤에이,KOSDAQ,,,false,false,false,false,2026-07-28
053030,바이넥스,KOSDAQ,,,false,false,false,false,2026-07-28
301300,바이브컴퍼니,KOSDAQ,,,false,false,false,false,2026-07-28
064550,바이오니아,KOSDAQ,,,false,false,false,false,2026-07-28
314930,바이오다인,KOSDAQ,,,false,false,false,false,2026-07-28
489460,바이오비쥬,KOSDAQ,,,false,false,false,false,2026-07-28
086820,바이오솔루션,KOSDAQ,,,false,false,false,false,2026-07-28
038460,바이오스마트,KOSDAQ,,,false,false,false,false,2026-07-28
251120,바이오에프디엔씨,KOSDAQ,,,false,false,false,false,2026-07-28
199730,바이오인프라,KOSDAQ,,,false,false,false,false,2026-07-28
086040,바이오톡스텍,KOSDAQ,,,false,false,false,false,2026-07-28
188040,바이오포트,KOSDAQ,,,false,false,false,false,2026-07-28
099430,바이오플러스,KOSDAQ,,,false,false,false,false,2026-07-28
308080,바이젠셀,KOSDAQ,,,false,false,false,false,2026-07-28
043150,바텍,KOSDAQ,,,false,false,false,false,2026-07-28
323990,박셀바이오,KOSDAQ,,,false,false,false,false,2026-07-28
267790,배럴,KOSDAQ,,,false,false,false,false,2026-07-28
046310,백금T&A,KOSDAQ,,,false,false,false,false,2026-07-28
331520,밸로프,KOSDAQ,,,false,false,false,false,2026-07-28
199480,뱅크웨어글로벌,KOSDAQ,,,false,false,false,false,2026-07-28
438700,버넥트,KOSDAQ,,,false,false,false,false,2026-07-28
066410,버킷스튜디오,KOSDAQ,,,false,false,false,false,2026-07-28
382900,범한퓨얼셀,KOSDAQ,,,false,false,false,false,2026-07-28
206400,베노티앤알,KOSDAQ,,,false,false,false,false,2026-07-28
019010,베뉴지,KOSDAQ,,,false,false,false,false,2026-07-28
177350,베셀,KOSDAQ,,,false,false,false,false,2026-07-28
457600,벡트,KOSDAQ,,,false,false,false,false,2026-07-28
424760,벨로크,KOSDAQ,,,false,false,false,false,2026-07-28
250000,보라티알,KOSDAQ,,,false,false,false,false,2026-07-28
310210,보로노이,KOSDAQ,,,false,false,false,false,2026-07-28
006910,보성파워텍,KOSDAQ,,,false,false,false,false,2026-07-28
0010F0,보원케미칼,KOSDAQ,,,false,false,false,false,2026-07-28
226340,본느,KOSDAQ,,,false,false,false,false,2026-07-28
014470,부방,KOSDAQ,,,false,false,false,false,2026-07-28
008470,부스타,KOSDAQ,,,false,false,false,false,2026-07-28
338220,뷰노,KOSDAQ,,,false,false,false,false,2026-07-28
100120,뷰웍스,KOSDAQ,,,false,false,false,false,2026-07-28
406820,뷰티스킨,KOSDAQ,,,false,false,false,false,2026-07-28
099390,브레인즈컴퍼니,KOSDAQ,,,false,false,false,false,2026-07-28
064480,브리지텍,KOSDAQ,,,false,false,false,false,2026-07-28
365900,브이씨,KOSDAQ,,,false,false,false,false,2026-07-28
089970,브이엠,KOSDAQ,,,false,false,false,false,2026-07-28
251630,브이원텍,KOSDAQ,,,false,false,false,false,2026-07-28
018290,브이티,KOSDAQ,,,false,false,false,false,2026-07-28
478560,블랙야크아이앤씨,KOSDAQ,,,false,false,false,false,2026-07-28
439580,블루엠텍,KOSDAQ,,,false,false,false,false,2026-07-28
033560,블루콤,KOSDAQ,,,false,false,false,false,2026-07-28
369370,블리츠웨이엔터테인먼트,KOSDAQ,,,false,false,false,false,2026-07-28
126340,비나텍,KOSDAQ,,,false,false,false,false,2026-07-28
121800,비덴트,KOSDAQ,,,false,false,false,false,2026-07-28
082800,비보존 제약,KOSDAQ,,,false,false,false,false,2026-07-28
318410,비비씨,KOSDAQ,,,false,false,false,false,2026-07-28
419540,비스토스,KOSDAQ,,,false,false,false,false,2026-07-28
146320,비씨엔씨,KOSDAQ,,,false,false,false,false,2026-07-28
200780,비씨월드제약,KOSDAQ,,,false,false,false,false,2026-07-28
413640,비아이매트릭스,KOSDAQ,,,false,false,false,false,2026-07-28
141000,비아트론,KOSDAQ,,,false,false,false,false,2026-07-28
083650,비에이치아이,KOSDAQ,,,false,false,false,false,2026-07-28
0068Y0,비엔케이제3호스팩,KOSDAQ,,,false,true,false,false,2026-07-28
065170,비엘팜텍,KOSDAQ,,,false,false,false,false,2026-07-28
086670,비엠티,KOSDAQ,,,false,false,false,false,2026-07-28
488900,비츠로넥스텍,KOSDAQ,,,false,false,false,false,2026-07-28
082920,비츠로셀,KOSDAQ,,,false,false,false,false,2026-07-28
054220,비츠로시스,KOSDAQ,,,false,false,false,false,2026-07-28
042370,비츠로테크,KOSDAQ,,,false,false,false,false,2026-07-28
050090,비케이홀딩스,KOSDAQ,,,false,false,false,false,2026-07-28
148780,비큐AI,KOSDAQ,,,false,false,false,false,2026-07-28
307870,비투엔,KOSDAQ,,,false,false,false,false,2026-07-28
377030,비트맥스,KOSDAQ,,,false,false,false,false,2026-07-28
032850,비트컴퓨터,KOSDAQ,,,false,false,false,false,2026-07-28
049470,비트플래닛,KOSDAQ,,,false,false,false,false,2026-07-28
238200,비피도,KOSDAQ,,,false,false,false,false,2026-07-28
093190,빅솔론,KOSDAQ,,,false,false,false,false,2026-07-28
065450,빅텍,KOSDAQ,,,false,false,false,false,2026-07-28
044480,빌리언스,KOSDAQ,,,false,false,false,false,2026-07-28
069540,빛과전자,KOSDAQ,,,false,false,false,false,2026-07-28
072950,빛샘전자,KOSDAQ,,,false,false,false,false,2026-07-28
451250,삐아,KOSDAQ,,,false,false,false,false,2026-07-28
143240,사람인,KOSDAQ,,,false,false,false,false,2026-07-28
466410,사이냅소프트,KOSDAQ,,,false,false,false,false,2026-07-28
223310,사토시홀딩스,KOSDAQ,,,false,false,false,false,2026-07-28
452430,사피엔반도체,KOSDAQ,,,false,false,false,false,2026-07-28
419120,산돌,KOSDAQ,,,false,false,false,false,2026-07-28
122350,삼기,KOSDAQ,,,false,false,false,false,2026-07-28
419050,삼기에너지솔루션즈,KOSDAQ,,,false,false,false,false,2026-07-28
014970,삼륭물산,KOSDAQ,,,false,false,false,false,2026-07-28
018310,삼목에스폼,KOSDAQ,,,false,false,false,false,2026-07-28
012210,삼미금속,KOSDAQ,,,false,false,false,false,2026-07-28
053700,삼보모터스,KOSDAQ,,,false,false,false,false,2026-07-28
009620,삼보산업,KOSDAQ,,,false,false,false,false,2026-07-28
023600,삼보판지,KOSDAQ,,,false,false,false,false,2026-07-28
0044K0,삼성스팩10호,KOSDAQ,,,false,true,false,false,2026-07-28
0071M0,삼성스팩11호,KOSDAQ,,,false,true,false,false,2026-07-28
0096B0,삼성스팩12호,KOSDAQ,,,false,true,false,false,2026-07-28
0115H0,삼성스팩13호,KOSDAQ,,,false,true,false,false,2026-07-28
009300,삼아제약,KOSDAQ,,,false,false,false,false,2026-07-28
482630,삼양엔씨켐,KOSDAQ,,,false,false,false,false,2026-07-28
484590,삼양컴텍,KOSDAQ,,,false,false,false,false,2026-07-28
036670,삼양케이씨아이,KOSDAQ,,,false,false,false,false,2026-07-28
361670,삼영에스앤씨,KOSDAQ,,,false,false,false,false,2026-07-28
054540,삼영엠텍,KOSDAQ,,,false,false,false,false,2026-07-28
065570,삼영이엔씨,KOSDAQ,,,false,false,false,false,2026-07-28
014950,삼익제약,KOSDAQ,,,false,false,false,false,2026-07-28
032280,삼일,KOSDAQ,,,false,false,false,false,2026-07-28
002290,삼일기업공사,KOSDAQ,,,false,false,false,false,2026-07-28
037460,삼지전자,KOSDAQ,,,false,false,false,false,2026-07-28
032750,삼진,KOSDAQ,,,false,false,false,false,2026-07-28
0013V0,삼진식품,KOSDAQ,,,false,false,false,false,2026-07-28
054090,삼진엘앤디,KOSDAQ,,,false,false,false,false,2026-07-28
000250,삼천당제약,KOSDAQ,,,false,false,false,false,2026-07-28
024950,삼천리자전거,KOSDAQ,,,false,false,false,false,2026-07-28
038500,삼표시멘트,KOSDAQ,,,false,false,false,false,2026-07-28
437730,삼현,KOSDAQ,,,false,false,false,false,2026-07-28
017480,삼현철강,KOSDAQ,,,false,false,false,false,2026-07-28
046390,삼화네트웍스,KOSDAQ,,,false,false,false,false,2026-07-28
027580,상보,KOSDAQ,,,false,false,false,false,2026-07-28
038540,상상인,KOSDAQ,,,false,false,false,false,2026-07-28
091580,상신이디피,KOSDAQ,,,false,false,false,false,2026-07-28
263810,상신전자,KOSDAQ,,,false,false,false,false,2026-07-28
089980,상아프론테크,KOSDAQ,,,false,false,false,false,2026-07-28
042940,상지건설,KOSDAQ,,,false,false,false,false,2026-07-28
042600,새로닉스,KOSDAQ,,,false,false,false,false,2026-07-28
107600,새빗켐,KOSDAQ,,,false,false,false,false,2026-07-28
411080,샌즈랩,KOSDAQ,,,false,false,false,false,2026-07-28
252990,샘씨엔에스,KOSDAQ,,,false,false,false,false,2026-07-28
378800,샤페론,KOSDAQ,,,false,false,false,false,2026-07-28
294630,서남,KOSDAQ,,,false,false,false,false,2026-07-28
038070,서린바이오,KOSDAQ,,,false,false,false,false,2026-07-28
006730,서부T&D,KOSDAQ,,,false,false,false,false,2026-07-28
079650,서산,KOSDAQ,,,false,false,false,false,2026-07-28
100660,서암기계공업,KOSDAQ,,,false,false,false,false,2026-07-28
019770,서연탑메탈,KOSDAQ,,,false,false,false,false,2026-07-28
092190,서울바이오시스,KOSDAQ,,,false,false,false,false,2026-07-28
046890,서울반도체,KOSDAQ,,,false,false,false,false,2026-07-28
063170,서울옥션,KOSDAQ,,,false,false,false,false,2026-07-28
027040,서울전자통신,KOSDAQ,,,false,false,false,false,2026-07-28
018680,서울제약,KOSDAQ,,,false,false,false,false,2026-07-28
036120,서울평가정보,KOSDAQ,,,false,false,false,false,2026-07-28
093920,서원인텍,KOSDAQ,,,false,false,false,false,2026-07-28
189860,서전기전,KOSDAQ,,,false,false,false,false,2026-07-28
178320,서진시스템,KOSDAQ,,,false,false,false,false,2026-07-28
122690,서진오토모티브,KOSDAQ,,,false,false,false,false,2026-07-28
140070,서플러스글로벌,KOSDAQ,,,false,false,false,false,2026-07-28
011370,서한,KOSDAQ,,,false,false,false,false,2026-07-28
065710,서호전기,KOSDAQ,,,false,false,false,false,2026-07-28
035890,서희건설,KOSDAQ,,,false,false,false,false,2026-07-28
357550,석경에이티,KOSDAQ,,,false,false,false,false,2026-07-28
003100,선광,KOSDAQ,,,false,false,false,false,2026-07-28
067370,선바이오,KOSDAQ,,,false,false,false,false,2026-07-28
171090,선익시스템,KOSDAQ,,,false,false,false,false,2026-07-28
086710,선진뷰티사이언스,KOSDAQ,,,false,false,false,false,2026-07-28
014620,성광벤드,KOSDAQ,,,false,false,false,false,2026-07-28
037350,성도이엔지,KOSDAQ,,,false,false,false,false,2026-07-28
458650,성우,KOSDAQ,,,false,false,false,false,2026-07-28
081580,성우전자,KOSDAQ,,,false,false,false,false,2026-07-28
045300,성우테크론,KOSDAQ,,,false,false,false,false,2026-07-28
015750,성우하이텍,KOSDAQ,,,false,false,false,false,2026-07-28
340930,성원에너텍,KOSDAQ,,,false,false,false,false,2026-07-28
365340,성일하이텍,KOSDAQ,,,false,false,false,false,2026-07-28
080470,성창오토텍,KOSDAQ,,,false,false,false,false,2026-07-28
043260,성호전자,KOSDAQ,,,false,false,false,false,2026-07-28
148150,세경하이테크,KOSDAQ,,,false,false,false,false,2026-07-28
061090,세나테크놀로지,KOSDAQ,,,false,false,false,false,2026-07-28
188260,세니젠,KOSDAQ,,,false,false,false,false,2026-07-28
053060,세동,KOSDAQ,,,false,false,false,false,2026-07-28
340440,세림B&G,KOSDAQ,,,false,false,false,false,2026-07-28
017510,세명전기,KOSDAQ,,,false,false,false,false,2026-07-28
0017J0,세미티에스,KOSDAQ,,,false,false,false,false,2026-07-28
490470,세미파이브,KOSDAQ,,,false,false,false,false,2026-07-28
011560,세보엠이씨,KOSDAQ,,,false,false,false,false,2026-07-28
396300,세아메카닉스,KOSDAQ,,,false,false,false,false,2026-07-28
100700,세운메디칼,KOSDAQ,,,false,false,false,false,2026-07-28
024830,세원물산,KOSDAQ,,,false,false,false,false,2026-07-28
258830,세종메디칼,KOSDAQ,,,false,false,false,false,2026-07-28
036630,세종텔레콤,KOSDAQ,,,false,false,false,false,2026-07-28
039310,세중,KOSDAQ,,,false,false,false,false,2026-07-28
067770,세진티에스,KOSDAQ,,,false,false,false,false,2026-07-28
053450,세코닉스,KOSDAQ,,,false,false,false,false,2026-07-28
252500,세화피앤씨,KOSDAQ,,,false,false,false,false,2026-07-28
321370,센서뷰,KOSDAQ,,,false,false,false,false,2026-07-28
347000,센코,KOSDAQ,,,false,false,false,false,2026-07-28
331920,셀레믹스,KOSDAQ,,,false,false,false,false,2026-07-28
352770,셀레스트라,KOSDAQ,,,false,false,false,false,2026-07-28
471820,셀로맥스사이언스,KOSDAQ,,,false,false,false,false,2026-07-28
049180,셀루메드,KOSDAQ,,,false,false,false,false,2026-07-28
299660,셀리드,KOSDAQ,,,false,false,false,false,2026-07-28
108860,셀바스AI,KOSDAQ,,,false,false,false,false,2026-07-28
208370,셀바스헬스케어,KOSDAQ,,,false,false,false,false,2026-07-28
318160,셀바이오휴먼텍,KOSDAQ,,,false,false,false,false,2026-07-28
308430,셀비온,KOSDAQ,,,false,false,false,false,2026-07-28
068760,셀트리온제약,KOSDAQ,,,false,false,false,false,2026-07-28
068940,셀피글로벌,KOSDAQ,,,false,false,false,false,2026-07-28
007720,소노스퀘어,KOSDAQ,,,false,false,false,false,2026-07-28
950200,소마젠,KOSDAQ,,,false,false,false,false,2026-07-28
032680,소프트센,KOSDAQ,,,false,false,false,false,2026-07-28
032685,소프트센우,KOSDAQ,,,false,false,false,false,2026-07-28
258790,소프트캠프,KOSDAQ,,,false,false,false,false,2026-07-28
066910,손오공,KOSDAQ,,,false,false,false,false,2026-07-28
215090,솔디펜스,KOSDAQ,,,false,false,false,false,2026-07-28
035610,솔본,KOSDAQ,,,false,false,false,false,2026-07-28
357780,솔브레인,KOSDAQ,,,false,false,false,false,2026-07-28
036830,솔브레인홀딩스,KOSDAQ,,,false,false,false,false,2026-07-28
304100,솔트룩스,KOSDAQ,,,false,false,false,false,2026-07-28
328380,솔트웨어,KOSDAQ,,,false,false,false,false,2026-07-28
086980,쇼박스,KOSDAQ,,,false,false,false,false,2026-07-28
050960,수산아이앤티,KOSDAQ,,,false,false,false,false,2026-07-28
084180,수성웹툰,KOSDAQ,,,false,false,false,false,2026-07-28
253840,수젠텍,KOSDAQ,,,false,false,false,false,2026-07-28
298830,슈어소프트테크,KOSDAQ,,,false,false,false,false,2026-07-28
236200,슈프리마,KOSDAQ,,,false,false,false,false,2026-07-28
094840,슈프리마에이치큐,KOSDAQ,,,false,false,false,false,2026-07-28
192440,슈피겐코리아,KOSDAQ,,,false,false,false,false,2026-07-28
424960,스마트레이더시스템,KOSDAQ,,,false,false,false,false,2026-07-28
099440,스맥,KOSDAQ,,,false,false,false,false,2026-07-28
066590,스모트로닉,KOSDAQ,,,false,false,false,false,2026-07-28
276040,스코넥,KOSDAQ,,,false,false,false,false,2026-07-28
115570,스타플렉스,KOSDAQ,,,false,false,false,false,2026-07-28
330730,스톤브릿지벤처스,KOSDAQ,,,false,false,false,false,2026-07-28
352090,스톰테크,KOSDAQ,,,false,false,false,false,2026-07-28
253450,스튜디오드래곤,KOSDAQ,,,false,false,false,false,2026-07-28
408900,스튜디오미르,KOSDAQ,,,false,false,false,false,2026-07-28
415380,스튜디오삼익,KOSDAQ,,,false,false,false,false,2026-07-28
475040,스트라드비젼,KOSDAQ,,,false,false,false,false,2026-07-28
013810,스페코,KOSDAQ,,,false,false,false,false,2026-07-28
347700,스피어,KOSDAQ,,,false,false,false,false,2026-07-28
049830,승일,KOSDAQ,,,false,false,false,false,2026-07-28
020710,시공테크,KOSDAQ,,,false,false,false,false,2026-07-28
033170,시그네틱스,KOSDAQ,,,false,false,false,false,2026-07-28
048870,시너지이노베이션,KOSDAQ,,,false,false,false,false,2026-07-28
025320,시노펙스,KOSDAQ,,,false,false,false,false,2026-07-28
340810,시선AI,KOSDAQ,,,false,false,false,false,2026-07-28
269620,시스웍,KOSDAQ,,,false,false,false,false,2026-07-28
056090,시지메드텍,KOSDAQ,,,false,false,false,false,2026-07-28
429270,시지트로닉스,KOSDAQ,,,false,false,false,false,2026-07-28
418250,시큐레터,KOSDAQ,,,false,false,false,false,2026-07-28
131090,시큐브,KOSDAQ,,,false,false,false,false,2026-07-28
290520,신도기연,KOSDAQ,,,false,false,false,false,2026-07-28
001000,신라섬유,KOSDAQ,,,false,false,false,false,2026-07-28
025870,신라에스지,KOSDAQ,,,false,false,false,false,2026-07-28
215600,신라젠,KOSDAQ,,,false,false,false,false,2026-07-28
065350,신성델타테크,KOSDAQ,,,false,false,false,false,2026-07-28
416180,신성에스티,KOSDAQ,,,false,false,false,false,2026-07-28
162300,신스틸,KOSDAQ,,,false,false,false,false,2026-07-28
002800,신신제약,KOSDAQ,,,false,false,false,false,2026-07-28
472220,신영스팩10호,KOSDAQ,,,false,true,false,false,2026-07-28
0091W0,신영스팩11호,KOSDAQ,,,false,true,false,false,2026-07-28
017000,신원종합개발,KOSDAQ,,,false,false,false,false,2026-07-28
012790,신일제약,KOSDAQ,,,false,false,false,false,2026-07-28
138070,신진에스엠,KOSDAQ,,,false,false,false,false,2026-07-28
226330,신테카바이오,KOSDAQ,,,false,false,false,false,2026-07-28
474660,신한제12호스팩,KOSDAQ,,,false,true,false,false,2026-07-28
474930,신한제13호스팩,KOSDAQ,,,false,true,false,false,2026-07-28
487360,신한제14호스팩,KOSDAQ,,,false,true,false,false,2026-07-28
487830,신한제15호스팩,KOSDAQ,,,false,true,false,false,2026-07-28
496070,신한제16호스팩,KOSDAQ,,,false,true,false,false,2026-07-28
0130D0,신한제17호스팩,KOSDAQ,,,false,true,false,false,2026-07-28
0129K0,신한제18호스팩,KOSDAQ,,,false,true,false,false,2026-07-28
056700,신화인터텍,KOSDAQ,,,false,false,false,false,2026-07-28
187270,신화콘텍,KOSDAQ,,,false,false,false,false,2026-07-28
095190,신화프리텍,KOSDAQ,,,false,false,false,false,2026-07-28
243840,신흥에스이씨,KOSDAQ,,,false,false,false,false,2026-07-28
257720,실리콘투,KOSDAQ,,,false,false,false,false,2026-07-28
222800,심텍,KOSDAQ,,,false,false,false,false,2026-07-28
036710,심텍홀딩스,KOSDAQ,,,false,false,false,false,2026-07-28
444530,심플랫폼,KOSDAQ,,,false,false,false,false,2026-07-28
234030,싸이닉솔루션,KOSDAQ,,,false,false,false,false,2026-07-28
160980,싸이맥스,KOSDAQ,,,false,false,false,false,2026-07-28
356890,싸이버원,KOSDAQ,,,false,false,false,false,2026-07-28
217330,싸이토젠,KOSDAQ,,,false,false,false,false,2026-07-28
208640,썸에이지,KOSDAQ,,,false,false,false,false,2026-07-28
222420,쎄노텍,KOSDAQ,,,false,false,false,false,2026-07-28
037760,쎄니트,KOSDAQ,,,false,false,false,false,2026-07-28
081180,쎄크,KOSDAQ,,,false,false,false,false,2026-07-28
099320,쎄트렉아이,KOSDAQ,,,false,false,false,false,2026-07-28
049960,쎌바이오텍,KOSDAQ,,,false,false,false,false,2026-07-28
088280,쏘닉스,KOSDAQ,,,false,false,false,false,2026-07-28
050890,쏠리드,KOSDAQ,,,false,false,false,false,2026-07-28
394800,쓰리빌리언,KOSDAQ,,,false,false,false,false,2026-07-28
177900,쓰리에이로직스,KOSDAQ,,,false,false,false,false,2026-07-28
475400,씨메스로보틱스,KOSDAQ,,,false,false,false,false,2026-07-28
109670,씨싸이트,KOSDAQ,,,false,false,false,false,2026-07-28
066790,씨씨에스,KOSDAQ,,,false,false,false,false,2026-07-28
352480,씨앤씨인터내셔널,KOSDAQ,,,false,false,false,false,2026-07-28
264660,씨앤지하이테크,KOSDAQ,,,false,false,false,false,2026-07-28
352700,씨앤투스,KOSDAQ,,,false,false,false,false,2026-07-28
458870,씨어스,KOSDAQ,,,false,false,false,false,2026-07-28
297090,씨에스베어링,KOSDAQ,,,false,false,false,false,2026-07-28
900120,씨엑스아이,KOSDAQ,,,false,false,false,false,2026-07-28
359090,씨엔알리서치,KOSDAQ,,,false,false,false,false,2026-07-28
115530,씨엔플러스,KOSDAQ,,,false,false,false,false,2026-07-28
388210,씨엠티엑스,KOSDAQ,,,false,false,false,false,2026-07-28
115480,씨유메디칼,KOSDAQ,,,false,false,false,false,2026-07-28
376290,씨유테크,KOSDAQ,,,false,false,false,false,2026-07-28
189330,씨이랩,KOSDAQ,,,false,false,false,false,2026-07-28
096530,씨젠,KOSDAQ,,,false,false,false,false,2026-07-28
101240,씨큐브,KOSDAQ,,,false,false,false,false,2026-07-28
060590,씨티씨바이오,KOSDAQ,,,false,false,false,false,2026-07-28
260930,씨티케이,KOSDAQ,,,false,false,false,false,2026-07-28
413630,씨피시스템,KOSDAQ,,,false,false,false,false,2026-07-28
013990,아가방컴퍼니,KOSDAQ,,,false,false,false,false,2026-07-28
175140,아고스,KOSDAQ,,,false,false,false,false,2026-07-28
123860,아나패스,KOSDAQ,,,false,false,false,false,2026-07-28
025980,아난티,KOSDAQ,,,false,false,false,false,2026-07-28
0015N0,아로마티카,KOSDAQ,,,false,false,false,false,2026-07-28
261780,아리바이오랩,KOSDAQ,,,false,false,false,false,2026-07-28
290690,아리바이오홀딩스,KOSDAQ,,,false,false,false,false,2026-07-28
125210,아모그린텍,KOSDAQ,,,false,false,false,false,2026-07-28
357580,아모센스,KOSDAQ,,,false,false,false,false,2026-07-28
052710,아모텍,KOSDAQ,,,false,false,false,false,2026-07-28
074430,아미노로직스,KOSDAQ,,,false,false,false,false,2026-07-28
092040,아미코젠,KOSDAQ,,,false,false,false,false,2026-07-28
083930,아바코,KOSDAQ,,,false,false,false,false,2026-07-28
149950,아바텍,KOSDAQ,,,false,false,false,false,2026-07-28
036010,아비코전자,KOSDAQ,,,false,false,false,false,2026-07-28
050860,아세아텍,KOSDAQ,,,false,false,false,false,2026-07-28
136410,아셈스,KOSDAQ,,,false,false,false,false,2026-07-28
246720,아스타,KOSDAQ,,,false,false,false,false,2026-07-28
450950,아스테라시스,KOSDAQ,,,false,false,false,false,2026-07-28
067390,아스트,KOSDAQ,,,false,false,false,false,2026-07-28
159010,아스플로,KOSDAQ,,,false,false,false,false,2026-07-28
127710,아시아경제,KOSDAQ,,,false,false,false,false,2026-07-28
154030,아시아종묘,KOSDAQ,,,false,false,false,false,2026-07-28
227610,아우딘퓨쳐스,KOSDAQ,,,false,false,false,false,2026-07-28
331740,아우토크립트,KOSDAQ,,,false,false,false,false,2026-07-28
143160,아이디스,KOSDAQ,,,false,false,false,false,2026-07-28
054800,아이디스홀딩스,KOSDAQ,,,false,false,false,false,2026-07-28
332370,아이디피,KOSDAQ,,,false,false,false,false,2026-07-28
066430,아이로보틱스,KOSDAQ,,,false,false,false,false,2026-07-28
339950,아이비김영,KOSDAQ,,,false,false,false,false,2026-07-28
469750,아이비젼웍스,KOSDAQ,,,false,false,false,false,2026-07-28
460470,아이빔테크놀로지,KOSDAQ,,,false,false,false,false,2026-07-28
099190,아이센스,KOSDAQ,,,false,false,false,false,2026-07-28
461300,아이스크림미디어,KOSDAQ,,,false,false,false,false,2026-07-28
289010,아이스크림에듀,KOSDAQ,,,false,false,false,false,2026-07-28
214430,아이쓰리시스템,KOSDAQ,,,false,false,false,false,2026-07-28
040910,아이씨디,KOSDAQ,,,false,false,false,false,2026-07-28
368600,아이씨에이치,KOSDAQ,,,false,false,false,false,2026-07-28
456010,아이씨티케이,KOSDAQ,,,false,false,false,false,2026-07-28
052860,아이앤씨,KOSDAQ,,,false,false,false,false,2026-07-28
464500,아이언디바이스,KOSDAQ,,,false,false,false,false,2026-07-28
212710,아이에스티이,KOSDAQ,,,false,false,false,false,2026-07-28
038880,아이에이,KOSDAQ,,,false,false,false,false,2026-07-28
307180,아이엘,KOSDAQ,,,false,false,false,false,2026-07-28
493280,아이엠바이오로직스,KOSDAQ,,,false,false,false,false,2026-07-28
461030,아이엠비디엑스,KOSDAQ,,,false,false,false,false,2026-07-28
451220,아이엠티,KOSDAQ,,,false,false,false,false,2026-07-28
078860,아이오케이이엔엠,KOSDAQ,,,false,false,false,false,2026-07-28
090150,아이윈,KOSDAQ,,,false,false,false,false,2026-07-28
031310,아이즈비전,KOSDAQ,,,false,false,false,false,2026-07-28
462980,아이지넷,KOSDAQ,,,false,false,false,false,2026-07-28
185490,아이진,KOSDAQ,,,false,false,false,false,2026-07-28
059100,아이컴포넌트,KOSDAQ,,,false,false,false,false,2026-07-28
262840,아이퀘스트,KOSDAQ,,,false,false,false,false,2026-07-28
175250,아이큐어,KOSDAQ,,,false,false,false,false,2026-07-28
052460,아이크래프트,KOSDAQ,,,false,false,false,false,2026-07-28
119830,아이텍,KOSDAQ,,,false,false,false,false,2026-07-28
052770,아이톡시,KOSDAQ,,,false,false,false,false,2026-07-28
124500,아이티센글로벌,KOSDAQ,,,false,false,false,false,2026-07-28
010280,아이티센엔텍,KOSDAQ,,,false,false,false,false,2026-07-28
232830,아이티센피엔에스,KOSDAQ,,,false,false,false,false,2026-07-28
372800,아이티아이즈,KOSDAQ,,,false,false,false,false,2026-07-28
084850,아이티엠반도체,KOSDAQ,,,false,false,false,false,2026-07-28
309710,아이티켐,KOSDAQ,,,false,false,false,false,2026-07-28
114840,아이패밀리에스씨,KOSDAQ,,,false,false,false,false,2026-07-28
027360,아주IB투자,KOSDAQ,,,false,false,false,false,2026-07-28
032080,아즈텍WB,KOSDAQ,,,false,false,false,false,2026-07-28
013310,아진산업,KOSDAQ,,,false,false,false,false,2026-07-28
059120,아진엑스텍,KOSDAQ,,,false,false,false,false,2026-07-28
0007C0,아크릴,KOSDAQ,,,false,false,false,false,2026-07-28
158430,아톤,KOSDAQ,,,false,false,false,false,2026-07-28
297570,아틀라스링크,KOSDAQ,,,false,false,false,false,2026-07-28
200350,아티스트스튜디오,KOSDAQ,,,false,false,false,false,2026-07-28
321820,아티스트컴퍼니,KOSDAQ,,,false,false,false,false,2026-07-28
001540,안국약품,KOSDAQ,,,false,false,false,false,2026-07-28
053800,안랩,KOSDAQ,,,false,false,false,false,2026-07-28
065660,안트로젠,KOSDAQ,,,false,false,false,false,2026-07-28
260660,알리코제약,KOSDAQ,,,false,false,false,false,2026-07-28
354320,알멕,KOSDAQ,,,false,false,false,false,2026-07-28
361570,알비더블유,KOSDAQ,,,false,false,false,false,2026-07-28
131370,알서포트,KOSDAQ,,,false,false,false,false,2026-07-28
140670,알에스오토메이션,KOSDAQ,,,false,false,false,false,2026-07-28
096610,알에프세미,KOSDAQ,,,false,false,false,false,2026-07-28
061040,알에프텍,KOSDAQ,,,false,false,false,false,2026-07-28
148250,알엔투테크놀로지,KOSDAQ,,,false,false,false,false,2026-07-28
123010,알엔티엑스,KOSDAQ,,,false,false,false,false,2026-07-28
476830,알지노믹스,KOSDAQ,,,false,false,false,false,2026-07-28
347860,알체라,KOSDAQ,,,false,false,false,false,2026-07-28
196170,알테오젠,KOSDAQ,,,false,false,false,false,2026-07-28
123750,알톤,KOSDAQ,,,false,false,false,false,2026-07-28
459550,알트,KOSDAQ,,,false,false,false,false,2026-07-28
085810,알티캐스트,KOSDAQ,,,false,false,false,false,2026-07-28
043100,알파AI,KOSDAQ,,,false,false,false,false,2026-07-28
117670,알파칩스,KOSDAQ,,,false,false,false,false,2026-07-28
314140,알피바이오,KOSDAQ,,,false,false,false,false,2026-07-28
291650,압타머사이언스,KOSDAQ,,,false,false,false,false,2026-07-28
293780,압타바이오,KOSDAQ,,,false,false,false,false,2026-07-28
310200,애니플러스,KOSDAQ,,,false,false,false,false,2026-07-28
179530,애드바이오텍,KOSDAQ,,,false,false,false,false,2026-07-28
397810,애드포러스,KOSDAQ,,,false,false,false,false,2026-07-28
0011A0,액스비스,KOSDAQ,,,false,false,false,false,2026-07-28
052790,액토즈소프트,KOSDAQ,,,false,false,false,false,2026-07-28
290740,액트로,KOSDAQ,,,false,false,false,false,2026-07-28
238090,앤디포스,KOSDAQ,,,false,false,false,false,2026-07-28
138360,앤로보틱스,KOSDAQ,,,false,false,false,false,2026-07-28
092600,앤씨앤,KOSDAQ,,,false,false,false,false,2026-07-28
129890,앱코,KOSDAQ,,,false,false,false,false,2026-07-28
174900,앱클론,KOSDAQ,,,false,false,false,false,2026-07-28
109960,앱토크롬,KOSDAQ,,,false,false,false,false,2026-07-28
270520,앱튼,KOSDAQ,,,false,false,false,false,2026-07-28
255440,야스,KOSDAQ,,,false,false,false,false,2026-07-28
030960,양지사,KOSDAQ,,,false,false,false,false,2026-07-28
102120,어보브반도체,KOSDAQ,,,false,false,false,false,2026-07-28
238120,얼라인드,KOSDAQ,,,false,false,false,false,2026-07-28
019990,에너토크,KOSDAQ,,,false,false,false,false,2026-07-28
435570,에르코스,KOSDAQ,,,false,false,false,false,2026-07-28
270660,에브리봇,KOSDAQ,,,false,false,false,false,2026-07-28
038680,에스넷,KOSDAQ,,,false,false,false,false,2026-07-28
217480,에스디생명공학,KOSDAQ,,,false,false,false,false,2026-07-28
121890,에스디시스템,KOSDAQ,,,false,false,false,false,2026-07-28
304360,에스바이오메딕스,KOSDAQ,,,false,false,false,false,2026-07-28
389500,에스비비테크,KOSDAQ,,,false,false,false,false,2026-07-28
042110,에스씨디,KOSDAQ,,,false,false,false,false,2026-07-28
065420,에스아이리소스,KOSDAQ,,,false,false,false,false,2026-07-28
103230,에스앤더블류,KOSDAQ,,,false,false,false,false,2026-07-28
260970,에스앤디,KOSDAQ,,,false,false,false,false,2026-07-28
101490,에스앤에스텍,KOSDAQ,,,false,false,false,false,2026-07-28
095910,에스에너지,KOSDAQ,,,false,false,false,false,2026-07-28
275630,에스에스알,KOSDAQ,,,false,false,false,false,2026-07-28
031330,에스에이엠티,KOSDAQ,,,false,false,false,false,2026-07-28
060540,에스에이티,KOSDAQ,,,false,false,false,false,2026-07-28
0008Z0,에스엔시스,KOSDAQ,,,false,false,false,false,2026-07-28
246250,에스엘에스바이오,KOSDAQ,,,false,false,false,false,2026-07-28
041510,에스엠,KOSDAQ,,,false,false,false,false,2026-07-28
460870,에스엠씨지,KOSDAQ,,,false,false,false,false,2026-07-28
464080,에스오에스랩,KOSDAQ,,,false,false,false,false,2026-07-28
109610,에스와이,KOSDAQ,,,false,false,false,false,2026-07-28
365330,에스와이스틸텍,KOSDAQ,,,false,false,false,false,2026-07-28
306040,에스제이그룹,KOSDAQ,,,false,false,false,false,2026-07-28
398120,에스지헬스케어,KOSDAQ,,,false,false,false,false,2026-07-28
472230,에스케이증권제11호스팩,KOSDAQ,,,false,true,false,false,2026-07-28
473000,에스케이증권제12호스팩,KOSDAQ,,,false,true,false,false,2026-07-28
473950,에스케이증권제13호스팩,KOSDAQ,,,false,true,false,false,2026-07-28
475660,에스켐,KOSDAQ,,,false,false,false,false,2026-07-28
096630,에스코넥,KOSDAQ,,,false,false,false,false,2026-07-28
069510,에스텍,KOSDAQ,,,false,false,false,false,2026-07-28
488280,에스투더블유,KOSDAQ,,,false,false,false,false,2026-07-28
234300,에스트래픽,KOSDAQ,,,false,false,false,false,2026-07-28
039440,에스티아이,KOSDAQ,,,false,false,false,false,2026-07-28
098660,에스티오,KOSDAQ,,,false,false,false,false,2026-07-28
052020,에스티큐브,KOSDAQ,,,false,false,false,false,2026-07-28
237690,에스티팜,KOSDAQ,,,false,false,false,false,2026-07-28
458350,에스팀,KOSDAQ,,,false,false,false,false,2026-07-28
050760,에스폴리텍,KOSDAQ,,,false,false,false,false,2026-07-28
288620,에스프리즘,KOSDAQ,,,false,false,false,false,2026-07-28
443670,에스피소프트,KOSDAQ,,,false,false,false,false,2026-07-28
317830,에스피시스템스,KOSDAQ,,,false,false,false,false,2026-07-28
058610,에스피지,KOSDAQ,,,false,false,false,false,2026-07-28
043340,에쎈테크,KOSDAQ,,,false,false,false,false,2026-07-28
163280,에어레인,KOSDAQ,,,false,false,false,false,2026-07-28
200710,에이디테크놀로지,KOSDAQ,,,false,false,false,false,2026-07-28
475580,에이럭스,KOSDAQ,,,false,false,false,false,2026-07-28
096690,에이루트,KOSDAQ,,,false,false,false,false,2026-07-28
298380,에이비엘바이오,KOSDAQ,,,false,false,false,false,2026-07-28
203400,에이비온,KOSDAQ,,,false,false,false,false,2026-07-28
003800,에이스침대,KOSDAQ,,,false,false,false,false,2026-07-28
088800,에이스테크,KOSDAQ,,,false,false,false,false,2026-07-28
241840,에이스토리,KOSDAQ,,,false,false,false,false,2026-07-28
364950,에이아이코리아,KOSDAQ,,,false,false,false,false,2026-07-28
453860,에이에스텍,KOSDAQ,,,false,false,false,false,2026-07-28
312610,에이에프더블류,KOSDAQ,,,false,false,false,false,2026-07-28
172670,에이엘티,KOSDAQ,,,false,false,false,false,2026-07-28
481070,에이유브랜즈,KOSDAQ,,,false,false,false,false,2026-07-28
060900,에이전트AI,KOSDAQ,,,false,false,false,false,2026-07-28
445090,에이직랜드,KOSDAQ,,,false,false,false,false,2026-07-28
295310,에이치브이엠,KOSDAQ,,,false,false,false,false,2026-07-28
072990,에이치시티,KOSDAQ,,,false,false,false,false,2026-07-28
044990,에이치엔에스하이텍,KOSDAQ,,,false,false,false,false,2026-07-28
239610,에이치엘사이언스,KOSDAQ,,,false,false,false,false,2026-07-28
0156T0,에이치엘지노믹스,KOSDAQ,,,false,false,false,false,2026-07-28
036170,에이치엠넥스,KOSDAQ,,,false,false,false,false,2026-07-28
477340,에이치엠씨제7호스팩,KOSDAQ,,,false,true,false,false,2026-07-28
148930,에이치와이티씨,KOSDAQ,,,false,false,false,false,2026-07-28
044780,에이치케이,KOSDAQ,,,false,false,false,false,2026-07-28
357230,에이치피오,KOSDAQ,,,false,false,false,false,2026-07-28
355690,에이텀,KOSDAQ,,,false,false,false,false,2026-07-28
071670,에이테크솔루션,KOSDAQ,,,false,false,false,false,2026-07-28
045660,에이텍,KOSDAQ,,,false,false,false,false,2026-07-28
224110,에이텍모빌리티,KOSDAQ,,,false,false,false,false,2026-07-28
021080,에이티넘인베스트,KOSDAQ,,,false,false,false,false,2026-07-28
200470,에이팩트,KOSDAQ,,,false,false,false,false,2026-07-28
262260,에이프로,KOSDAQ,,,false,false,false,false,2026-07-28
397030,에이프릴바이오,KOSDAQ,,,false,false,false,false,2026-07-28
0009K0,에임드바이오,KOSDAQ,,,false,false,false,false,2026-07-28
230240,에치에프알,KOSDAQ,,,false,false,false,false,2026-07-28
159910,에코글로우,KOSDAQ,,,false,false,false,false,2026-07-28
097780,에코볼트,KOSDAQ,,,false,false,false,false,2026-07-28
038870,에코심플렉스,KOSDAQ,,,false,false,false,false,2026-07-28
448280,에코아이,KOSDAQ,,,false,false,false,false,2026-07-28
101360,에코앤드림,KOSDAQ,,,false,false,false,false,2026-07-28
128540,에코캡,KOSDAQ,,,false,false,false,false,2026-07-28
086520,에코프로,KOSDAQ,,,false,false,false,false,2026-07-28
247540,에코프로비엠,KOSDAQ,,,false,false,false,false,2026-07-28
383310,에코프로에이치엔,KOSDAQ,,,false,false,false,false,2026-07-28
038110,에코플라스틱,KOSDAQ,,,false,false,false,false,2026-07-28
073540,에프알텍,KOSDAQ,,,false,false,false,false,2026-07-28
064850,에프앤가이드,KOSDAQ,,,false,false,false,false,2026-07-28
036810,에프에스티,KOSDAQ,,,false,false,false,false,2026-07-28
173940,에프엔씨엔터,KOSDAQ,,,false,false,false,false,2026-07-28
083500,에프엔에스테크,KOSDAQ,,,false,false,false,false,2026-07-28
317530,에피소드컴퍼니,KOSDAQ,,,false,false,false,false,2026-07-28
054940,엑사이엔씨,KOSDAQ,,,false,false,false,false,2026-07-28
950130,엑세스바이오,KOSDAQ,,,false,false,false,false,2026-07-28
373110,엑셀세라퓨틱스,KOSDAQ,,,false,false,false,false,2026-07-28
205100,엑셈,KOSDAQ,,,false,false,false,false,2026-07-28
356680,엑스게이트,KOSDAQ,,,false,false,false,false,2026-07-28
070300,엑스큐어,KOSDAQ,,,false,false,false,false,2026-07-28
317770,엑스페릭스,KOSDAQ,,,false,false,false,false,2026-07-28
373200,엑스플러스,KOSDAQ,,,false,false,false,false,2026-07-28
069920,엑시온그룹,KOSDAQ,,,false,false,false,false,2026-07-28
092870,엑시콘,KOSDAQ,,,false,false,false,false,2026-07-28
317870,엔바이오니아,KOSDAQ,,,false,false,false,false,2026-07-28
067570,엔브이에이치코리아,KOSDAQ,,,false,false,false,false,2026-07-28
0004V0,엔비알모션,KOSDAQ,,,false,false,false,false,2026-07-28
236810,엔비티,KOSDAQ,,,false,false,false,false,2026-07-28
333620,엔시스,KOSDAQ,,,false,false,false,false,2026-07-28
101400,엔시트론,KOSDAQ,,,false,false,false,false,2026-07-28
475230,엔알비,KOSDAQ,,,false,false,false,false,2026-07-28
481890,엔에이치스팩31호,KOSDAQ,,,false,true,false,false,2026-07-28
0054V0,엔에이치스팩32호,KOSDAQ,,,false,true,false,false,2026-07-28
0130H0,엔에이치스팩33호,KOSDAQ,,,false,true,false,false,2026-07-28
265740,엔에프씨,KOSDAQ,,,false,false,false,false,2026-07-28
354200,엔젠바이오,KOSDAQ,,,false,false,false,false,2026-07-28
455900,엔젤로보틱스,KOSDAQ,,,false,false,false,false,2026-07-28
419080,엔젯,KOSDAQ,,,false,false,false,false,2026-07-28
183490,엔지켐생명과학,KOSDAQ,,,false,false,false,false,2026-07-28
182400,엔케이젠바이오텍코리아,KOSDAQ,,,false,false,false,false,2026-07-28
348370,엔켐,KOSDAQ,,,false,false,false,false,2026-07-28
069410,엔텔스,KOSDAQ,,,false,false,false,false,2026-07-28
227950,엔투텍,KOSDAQ,,,false,false,false,false,2026-07-28
291230,엔피,KOSDAQ,,,false,false,false,false,2026-07-28
048830,엔피케이,KOSDAQ,,,false,false,false,false,2026-07-28
096870,엘디티,KOSDAQ,,,false,false,false,false,2026-07-28
290650,엘앤씨바이오,KOSDAQ,,,false,false,false,false,2026-07-28
156100,엘앤케이바이오,KOSDAQ,,,false,false,false,false,2026-07-28
0041J0,엘에스스팩1호,KOSDAQ,,,false,true,false,false,2026-07-28
073110,엘엠에스,KOSDAQ,,,false,false,false,false,2026-07-28
083310,엘오티베큠,KOSDAQ,,,false,false,false,false,2026-07-28
037950,엘컴텍,KOSDAQ,,,false,false,false,false,2026-07-28
489500,엘케이켐,KOSDAQ,,,false,false,false,false,2026-07-28
170920,엘티씨,KOSDAQ,,,false,false,false,false,2026-07-28
058630,엠게임,KOSDAQ,,,false,false,false,false,2026-07-28
226590,엠디바이스,KOSDAQ,,,false,false,false,false,2026-07-28
058970,엠로,KOSDAQ,,,false,false,false,false,2026-07-28
169330,엠브레인,KOSDAQ,,,false,false,false,false,2026-07-28
373170,엠아이큐브솔루션,KOSDAQ,,,false,false,false,false,2026-07-28
179290,엠아이텍,KOSDAQ,,,false,false,false,false,2026-07-28
009780,엠에스씨,KOSDAQ,,,false,false,false,false,2026-07-28
123040,엠에스오토텍,KOSDAQ,,,false,false,false,false,2026-07-28
432980,엠에프씨,KOSDAQ,,,false,false,false,false,2026-07-28
007820,엠엑스로보틱스,KOSDAQ,,,false,false,false,false,2026-07-28
347890,엠엑스온,KOSDAQ,,,false,false,false,false,2026-07-28
413390,엠오티,KOSDAQ,,,false,false,false,false,2026-07-28
032790,엠젠솔루션,KOSDAQ,,,false,false,false,false,2026-07-28
033160,엠케이전자,KOSDAQ,,,false,false,false,false,2026-07-28
033310,엠투엔,KOSDAQ,,,false,false,false,false,2026-07-28
259630,엠플러스,KOSDAQ,,,false,false,false,false,2026-07-28
105550,엣지파운드리,KOSDAQ,,,false,false,false,false,2026-07-28
060850,영림원소프트랩,KOSDAQ,,,false,false,false,false,2026-07-28
143540,영우디에스피,KOSDAQ,,,false,false,false,false,2026-07-28
265560,영화테크,KOSDAQ,,,false,false,false,false,2026-07-28
036000,예림당,KOSDAQ,,,false,false,false,false,2026-07-28
250930,예선테크,KOSDAQ,,,false,false,false,false,2026-07-28
053280,예스24,KOSDAQ,,,false,false,false,false,2026-07-28
122640,예스티,KOSDAQ,,,false,false,false,false,2026-07-28
476040,오가노이드사이언스,KOSDAQ,,,false,false,false,false,2026-07-28
900300,오가닉티코스메틱,KOSDAQ,,,false,false,false,false,2026-07-28
045060,오공,KOSDAQ,,,false,false,false,false,2026-07-28
192410,오늘이엔엠,KOSDAQ,,,false,false,false,false,2026-07-28
080520,오디텍,KOSDAQ,,,false,false,false,false,2026-07-28
039830,오로라,KOSDAQ,,,false,false,false,false,2026-07-28
322310,오로스테크놀로지,KOSDAQ,,,false,false,false,false,2026-07-28
046120,오르비텍,KOSDAQ,,,false,false,false,false,2026-07-28
475830,오름테라퓨틱,KOSDAQ,,,false,false,false,false,2026-07-28
014940,오리엔탈정공,KOSDAQ,,,false,false,false,false,2026-07-28
065500,오리엔트정공,KOSDAQ,,,false,false,false,false,2026-07-28
010470,오리콤,KOSDAQ,,,false,false,false,false,2026-07-28
417860,오브젠,KOSDAQ,,,false,false,false,false,2026-07-28
352910,오비고,KOSDAQ,,,false,false,false,false,2026-07-28
053980,오상자이엘,KOSDAQ,,,false,false,false,false,2026-07-28
036220,오상헬스케어,KOSDAQ,,,false,false,false,false,2026-07-28
052420,오성첨단소재,KOSDAQ,,,false,false,false,false,2026-07-28
052300,오션인더블유,KOSDAQ,,,false,false,false,false,2026-07-28
039200,오스코텍,KOSDAQ,,,false,false,false,false,2026-07-28
226400,오스테오닉,KOSDAQ,,,false,false,false,false,2026-07-28
031510,오스템,KOSDAQ,,,false,false,false,false,2026-07-28
342870,오아,KOSDAQ,,,false,false,false,false,2026-07-28
368970,오에스피,KOSDAQ,,,false,false,false,false,2026-07-28
138080,오이솔루션,KOSDAQ,,,false,false,false,false,2026-07-28
080580,오킨스전자,KOSDAQ,,,false,false,false,false,2026-07-28
067170,오텍,KOSDAQ,,,false,false,false,false,2026-07-28
353590,오토앤,KOSDAQ,,,false,false,false,false,2026-07-28
173130,오파스넷,KOSDAQ,,,false,false,false,false,2026-07-28
440320,오픈놀,KOSDAQ,,,false,false,false,false,2026-07-28
049480,오픈베이스,KOSDAQ,,,false,false,false,false,2026-07-28
394280,오픈엣지테크놀로지,KOSDAQ,,,false,false,false,false,2026-07-28
476060,온코닉테라퓨틱스,KOSDAQ,,,false,false,false,false,2026-07-28
382150,온코크로스,KOSDAQ,,,false,false,false,false,2026-07-28
244460,올리패스,KOSDAQ,,,false,false,false,false,2026-07-28
226950,올릭스,KOSDAQ,,,false,false,false,false,2026-07-28
057540,옴니시스템,KOSDAQ,,,false,false,false,false,2026-07-28
131030,옵투스제약,KOSDAQ,,,false,false,false,false,2026-07-28
082210,옵트론텍,KOSDAQ,,,false,false,false,false,2026-07-28
109080,옵티시스,KOSDAQ,,,false,false,false,false,2026-07-28
380540,옵티코어,KOSDAQ,,,false,false,false,false,2026-07-28
153710,옵티팜,KOSDAQ,,,false,false,false,false,2026-07-28
432430,와이랩,KOSDAQ,,,false,false,false,false,2026-07-28
338840,와이바이오로직스,KOSDAQ,,,false,false,false,false,2026-07-28
122990,와이솔,KOSDAQ,,,false,false,false,false,2026-07-28
232140,와이씨,KOSDAQ,,,false,false,false,false,2026-07-28
112290,와이씨켐,KOSDAQ,,,false,false,false,false,2026-07-28
065530,와이어블,KOSDAQ,,,false,false,false,false,2026-07-28
067900,와이엔텍,KOSDAQ,,,false,false,false,false,2026-07-28
007530,와이엠,KOSDAQ,,,false,false,false,false,2026-07-28
155650,와이엠씨,KOSDAQ,,,false,false,false,false,2026-07-28
273640,와이엠텍,KOSDAQ,,,false,false,false,false,2026-07-28
251370,와이엠티,KOSDAQ,,,false,false,false,false,2026-07-28
209640,와이제이링크,KOSDAQ,,,false,false,false,false,2026-07-28
096250,와이즈넛,KOSDAQ,,,false,false,false,false,2026-07-28
273060,와이즈버즈,KOSDAQ,,,false,false,false,false,2026-07-28
019210,와이지-원,KOSDAQ,,,false,false,false,false,2026-07-28
122870,와이지엔터테인먼트,KOSDAQ,,,false,false,false,false,2026-07-28
079000,와토스코리아,KOSDAQ,,,false,false,false,false,2026-07-28
403490,우듬지팜,KOSDAQ,,,false,false,false,false,2026-07-28
032820,우리기술,KOSDAQ,,,false,false,false,false,2026-07-28
041190,우리기술투자,KOSDAQ,,,false,false,false,false,2026-07-28
115440,우리넷,KOSDAQ,,,false,false,false,false,2026-07-28
046970,우리로,KOSDAQ,,,false,false,false,false,2026-07-28
082850,우리바이오,KOSDAQ,,,false,false,false,false,2026-07-28
215360,우리산업,KOSDAQ,,,false,false,false,false,2026-07-28
072470,우리산업홀딩스,KOSDAQ,,,false,false,false,false,2026-07-28
073560,우리손에프앤지,KOSDAQ,,,false,false,false,false,2026-07-28
037400,우리엔터프라이즈,KOSDAQ,,,false,false,false,false,2026-07-28
153490,우리이앤엘하루틴,KOSDAQ,,,false,false,false,false,2026-07-28
101170,우림피티에스,KOSDAQ,,,false,false,false,false,2026-07-28
103840,우양,KOSDAQ,,,false,false,false,false,2026-07-28
101970,우양에이치씨,KOSDAQ,,,false,false,false,false,2026-07-28
046940,우원개발,KOSDAQ,,,false,false,false,false,2026-07-28
065680,우주일렉트로,KOSDAQ,,,false,false,false,false,2026-07-28
018620,우진비앤지,KOSDAQ,,,false,false,false,false,2026-07-28
457550,우진엔텍,KOSDAQ,,,false,false,false,false,2026-07-28
396470,워트,KOSDAQ,,,false,false,false,false,2026-07-28
307280,원바이오젠,KOSDAQ,,,false,false,false,false,2026-07-28
032940,원익,KOSDAQ,,,false,false,false,false,2026-07-28
240810,원익IPS,KOSDAQ,,,false,false,false,false,2026-07-28
074600,원익QnC,KOSDAQ,,,false,false,false,false,2026-07-28
104830,원익머트리얼즈,KOSDAQ,,,false,false,false,false,2026-07-28
014190,원익큐브,KOSDAQ,,,false,false,false,false,2026-07-28
217820,원익피앤이,KOSDAQ,,,false,false,false,false,2026-07-28
030530,원익홀딩스,KOSDAQ,,,false,false,false,false,2026-07-28
012620,원일특강,KOSDAQ,,,false,false,false,false,2026-07-28
136150,원일티엔아이,KOSDAQ,,,false,false,false,false,2026-07-28
382840,원준,KOSDAQ,,,false,false,false,false,2026-07-28
336570,원텍,KOSDAQ,,,false,false,false,false,2026-07-28
376980,원티드랩,KOSDAQ,,,false,false,false,false,2026-07-28
008370,원풍,KOSDAQ,,,false,false,false,false,2026-07-28
008290,원풍물산,KOSDAQ,,,false,false,false,false,2026-07-28
101160,월덱스,KOSDAQ,,,false,false,false,false,2026-07-28
336060,웨이버스,KOSDAQ,,,false,false,false,false,2026-07-28
095270,웨이브일렉트로,KOSDAQ,,,false,false,false,false,2026-07-28
289930,웨이비스,KOSDAQ,,,false,false,false,false,2026-07-28
065950,웰크론,KOSDAQ,,,false,false,false,false,2026-07-28
076080,웰크론한텍,KOSDAQ,,,false,false,false,false,2026-07-28
043590,웰킵스하이텍,KOSDAQ,,,false,false,false,false,2026-07-28
196700,웹스,KOSDAQ,,,false,false,false,false,2026-07-28
069080,웹젠,KOSDAQ,,,false,false,false,false,2026-07-28
053580,웹케시,KOSDAQ,,,false,false,false,false,2026-07-28
479960,위너스일렉,KOSDAQ,,,false,false,false,false,2026-07-28
044340,위닉스,KOSDAQ,,,false,false,false,false,2026-07-28
330350,위더스제약,KOSDAQ,,,false,false,false,false,2026-07-28
348350,위드텍,KOSDAQ,,,false,false,false,false,2026-07-28
112040,위메이드,KOSDAQ,,,false,false,false,false,2026-07-28
101730,위메이드맥스,KOSDAQ,,,false,false,false,false,2026-07-28
123420,위메이드플레이,KOSDAQ,,,false,false,false,false,2026-07-28
065370,위세아이텍,KOSDAQ,,,false,false,false,false,2026-07-28
038620,위즈코프,KOSDAQ,,,false,false,false,false,2026-07-28
299900,위지윅스튜디오,KOSDAQ,,,false,false,false,false,2026-07-28
036090,위지트,KOSDAQ,,,false,false,false,false,2026-07-28
459100,위츠,KOSDAQ,,,false,false,false,false,2026-07-28
136540,윈스테크넷,KOSDAQ,,,false,false,false,false,2026-07-28
097800,윈팩,KOSDAQ,,,false,false,false,false,2026-07-28
192390,윈하이텍,KOSDAQ,,,false,false,false,false,2026-07-28
335870,윙스풋,KOSDAQ,,,false,false,false,false,2026-07-28
900340,윙입푸드,KOSDAQ,,,false,false,false,false,2026-07-28
036200,유니셈,KOSDAQ,,,false,false,false,false,2026-07-28
018000,유니슨,KOSDAQ,,,false,false,false,false,2026-07-28
203450,유니온바이오메트릭스,KOSDAQ,,,false,false,false,false,2026-07-28
011320,유니크,KOSDAQ,,,false,false,false,false,2026-07-28
086390,유니테스트,KOSDAQ,,,false,false,false,false,2026-07-28
241690,유니테크노,KOSDAQ,,,false,false,false,false,2026-07-28
142210,유니트론텍,KOSDAQ,,,false,false,false,false,2026-07-28
389680,유디엠텍,KOSDAQ,,,false,false,false,false,2026-07-28
088340,유라클,KOSDAQ,,,false,false,false,false,2026-07-28
048430,유라테크,KOSDAQ,,,false,false,false,false,2026-07-28
206650,유바이오로직스,KOSDAQ,,,false,false,false,false,2026-07-28
089850,유비벨록스,KOSDAQ,,,false,false,false,false,2026-07-28
084440,유비온,KOSDAQ,,,false,false,false,false,2026-07-28
264450,유비쿼스,KOSDAQ,,,false,false,false,false,2026-07-28
078070,유비쿼스홀딩스,KOSDAQ,,,false,false,false,false,2026-07-28
024800,유성티엔에스,KOSDAQ,,,false,false,false,false,2026-07-28
054930,유신,KOSDAQ,,,false,false,false,false,2026-07-28
069330,유아이디,KOSDAQ,,,false,false,false,false,2026-07-28
049520,유아이엘,KOSDAQ,,,false,false,false,false,2026-07-28
473050,유안타제15호스팩,KOSDAQ,,,false,true,false,false,2026-07-28
474490,유안타제16호스팩,KOSDAQ,,,false,true,false,false,2026-07-28
493790,유안타제17호스팩,KOSDAQ,,,false,true,false,false,2026-07-28
263770,유에스티,KOSDAQ,,,false,false,false,false,2026-07-28
388720,유일로보틱스,KOSDAQ,,,false,false,false,false,2026-07-28
023410,유진기업,KOSDAQ,,,false,false,false,false,2026-07-28
056080,유진로봇,KOSDAQ,,,false,false,false,false,2026-07-28
468760,유진스팩10호,KOSDAQ,,,false,true,false,false,2026-07-28
488060,유진스팩11호,KOSDAQ,,,false,true,false,false,2026-07-28
0105P0,유진스팩12호,KOSDAQ,,,false,true,false,false,2026-07-28
084370,유진테크,KOSDAQ,,,false,false,false,false,2026-07-28
240600,유진테크놀로지,KOSDAQ,,,false,false,false,false,2026-07-28
179900,유티아이,KOSDAQ,,,false,false,false,false,2026-07-28
263050,유틸렉스,KOSDAQ,,,false,false,false,false,2026-07-28
191410,육일씨엔에쓰,KOSDAQ,,,false,false,false,false,2026-07-28
372170,윤성에프앤씨,KOSDAQ,,,false,false,false,false,2026-07-28
146060,율촌,KOSDAQ,,,false,false,false,false,2026-07-28
039020,이건홀딩스,KOSDAQ,,,false,false,false,false,2026-07-28
067920,이글루,KOSDAQ,,,false,false,false,false,2026-07-28
044960,이글벳,KOSDAQ,,,false,false,false,false,2026-07-28
303530,이노뎁,KOSDAQ,,,false,false,false,false,2026-07-28
302430,이노메트리,KOSDAQ,,,false,false,false,false,2026-07-28
462350,이노스페이스,KOSDAQ,,,false,false,false,false,2026-07-28
274400,이노시뮬레이션,KOSDAQ,,,false,false,false,false,2026-07-28
296640,이노에이엑스,KOSDAQ,,,false,false,false,false,2026-07-28
215790,이노인스트루먼트,KOSDAQ,,,false,false,false,false,2026-07-28
344860,이노진,KOSDAQ,,,false,false,false,false,2026-07-28
333050,이노테나,KOSDAQ,,,false,false,false,false,2026-07-28
469610,이노테크,KOSDAQ,,,false,false,false,false,2026-07-28
088390,이녹스,KOSDAQ,,,false,false,false,false,2026-07-28
272290,이녹스첨단소재,KOSDAQ,,,false,false,false,false,2026-07-28
053350,이니텍,KOSDAQ,,,false,false,false,false,2026-07-28
452400,이닉스,KOSDAQ,,,false,false,false,false,2026-07-28
264850,이랜시스,KOSDAQ,,,false,false,false,false,2026-07-28
054210,이랜텍,KOSDAQ,,,false,false,false,false,2026-07-28
009730,이렘,KOSDAQ,,,false,false,false,false,2026-07-28
065440,이루온,KOSDAQ,,,false,false,false,false,2026-07-28
424870,이뮨온시아,KOSDAQ,,,false,false,false,false,2026-07-28
115610,이미지스,KOSDAQ,,,false,false,false,false,2026-07-28
478110,이베스트스팩6호,KOSDAQ,,,false,true,false,false,2026-07-28
131400,이브이첨단소재,KOSDAQ,,,false,false,false,false,2026-07-28
351330,이삭엔지니어링,KOSDAQ,,,false,false,false,false,2026-07-28
080010,이상네트웍스,KOSDAQ,,,false,false,false,false,2026-07-28
086890,이수앱지스,KOSDAQ,,,false,false,false,false,2026-07-28
047560,이스트소프트,KOSDAQ,,,false,false,false,false,2026-07-28
239340,이스트에이드,KOSDAQ,,,false,false,false,false,2026-07-28
067010,이씨에스,KOSDAQ,,,false,false,false,false,2026-07-28
456070,이엔셀,KOSDAQ,,,false,false,false,false,2026-07-28
102710,이엔에프테크놀로지,KOSDAQ,,,false,false,false,false,2026-07-28
041520,이엘씨,KOSDAQ,,,false,false,false,false,2026-07-28
063760,이엘피,KOSDAQ,,,false,false,false,false,2026-07-28
123570,이엠넷,KOSDAQ,,,false,false,false,false,2026-07-28
083470,이엠앤아이,KOSDAQ,,,false,false,false,false,2026-07-28
091120,이엠텍,KOSDAQ,,,false,false,false,false,2026-07-28
039030,이오테크닉스,KOSDAQ,,,false,false,false,false,2026-07-28
294090,이오플로우,KOSDAQ,,,false,false,false,false,2026-07-28
088290,이원컴포텍,KOSDAQ,,,false,false,false,false,2026-07-28
353810,이지바이오,KOSDAQ,,,false,false,false,false,2026-07-28
261520,이지스,KOSDAQ,,,false,false,false,false,2026-07-28
099750,이지케어텍,KOSDAQ,,,false,false,false,false,2026-07-28
377330,이지트로닉스,KOSDAQ,,,false,false,false,false,2026-07-28
035810,이지홀딩스,KOSDAQ,,,false,false,false,false,2026-07-28
092130,이크레더블,KOSDAQ,,,false,false,false,false,2026-07-28
134060,이퓨쳐,KOSDAQ,,,false,false,false,false,2026-07-28
001840,이화공영,KOSDAQ,,,false,false,false,false,2026-07-28
041830,인바디,KOSDAQ,,,false,false,false,false,2026-07-28
352940,인바이오,KOSDAQ,,,false,false,false,false,2026-07-28
079950,인베니아,KOSDAQ,,,false,false,false,false,2026-07-28
0007J0,인벤테라,KOSDAQ,,,false,false,false,false,2026-07-28
389470,인벤티지랩,KOSDAQ,,,false,false,false,false,2026-07-28
277410,인산가,KOSDAQ,,,false,false,false,false,2026-07-28
060150,인선이엔티,KOSDAQ,,,false,false,false,false,2026-07-28
033230,인성정보,KOSDAQ,,,false,false,false,false,2026-07-28
450520,인스웨이브,KOSDAQ,,,false,false,false,false,2026-07-28
465480,인스피언,KOSDAQ,,,false,false,false,false,2026-07-28
037330,인지디스플레,KOSDAQ,,,false,false,false,false,2026-07-28
100030,인지소프트,KOSDAQ,,,false,false,false,false,2026-07-28
211050,인카금융서비스,KOSDAQ,,,false,false,false,false,2026-07-28
083640,인콘,KOSDAQ,,,false,false,false,false,2026-07-28
064090,인크레더블버즈,KOSDAQ,,,false,false,false,false,2026-07-28
216050,인크로스,KOSDAQ,,,false,false,false,false,2026-07-28
049070,인탑스,KOSDAQ,,,false,false,false,false,2026-07-28
119610,인터로조,KOSDAQ,,,false,false,false,false,2026-07-28
017250,인터엠,KOSDAQ,,,false,false,false,false,2026-07-28
051370,인터플렉스,KOSDAQ,,,false,false,false,false,2026-07-28
064290,인텍플러스,KOSDAQ,,,false,false,false,false,2026-07-28
189300,인텔리안테크,KOSDAQ,,,false,false,false,false,2026-07-28
287840,인투셀,KOSDAQ,,,false,false,false,false,2026-07-28
048530,인트론바이오,KOSDAQ,,,false,false,false,false,2026-07-28
070590,인티큐브,KOSDAQ,,,false,false,false,false,2026-07-28
115310,인포바인,KOSDAQ,,,false,false,false,false,2026-07-28
039290,인포뱅크,KOSDAQ,,,false,false,false,false,2026-07-28
071200,인피니트헬스케어,KOSDAQ,,,false,false,false,false,2026-07-28
101930,인화정공,KOSDAQ,,,false,false,false,false,2026-07-28
333430,일승,KOSDAQ,,,false,false,false,false,2026-07-28
068330,일신바이오,KOSDAQ,,,false,false,false,false,2026-07-28
178780,일월지엠엘,KOSDAQ,,,false,false,false,false,2026-07-28
019540,일지테크,KOSDAQ,,,false,false,false,false,2026-07-28
094820,일진파워,KOSDAQ,,,false,false,false,false,2026-07-28
950140,잉글우드랩,KOSDAQ,,,false,false,false,false,2026-07-28
049550,잉크테크,KOSDAQ,,,false,false,false,false,2026-07-28
389020,자람테크놀로지,KOSDAQ,,,false,false,false,false,2026-07-28
254120,자비스,KOSDAQ,,,false,false,false,false,2026-07-28
043910,자연과환경,KOSDAQ,,,false,false,false,false,2026-07-28
234920,자이글,KOSDAQ,,,false,false,false,false,2026-07-28
289220,자이언트스텝,KOSDAQ,,,false,false,false,false,2026-07-28
049630,재영솔루텍,KOSDAQ,,,false,false,false,false,2026-07-28
417840,저스템,KOSDAQ,,,false,false,false,false,2026-07-28
110020,전진바이오팜,KOSDAQ,,,false,false,false,false,2026-07-28
208140,정다운,KOSDAQ,,,false,false,false,false,2026-07-28
040420,정상제이엘에스,KOSDAQ,,,false,false,false,false,2026-07-28
045510,정원엔시스,KOSDAQ,,,false,false,false,false,2026-07-28
217190,제너셈,KOSDAQ,,,false,false,false,false,2026-07-28
095700,제넥신,KOSDAQ,,,false,false,false,false,2026-07-28
122310,제노레이,KOSDAQ,,,false,false,false,false,2026-07-28
361390,제노코,KOSDAQ,,,false,false,false,false,2026-07-28
225220,제놀루션,KOSDAQ,,,false,false,false,false,2026-07-28
123330,제닉,KOSDAQ,,,false,false,false,false,2026-07-28
381620,제닉스로보틱스,KOSDAQ,,,false,false,false,false,2026-07-28
159580,제로투세븐,KOSDAQ,,,false,false,false,false,2026-07-28
147830,제룡산업,KOSDAQ,,,false,false,false,false,2026-07-28
033100,제룡전기,KOSDAQ,,,false,false,false,false,2026-07-28
079370,제우스,KOSDAQ,,,false,false,false,false,2026-07-28
054950,제이브이엠,KOSDAQ,,,false,false,false,false,2026-07-28
090470,제이스로보틱스,KOSDAQ,,,false,false,false,false,2026-07-28
023440,제이스코홀딩스,KOSDAQ,,,false,false,false,false,2026-07-28
137950,제이씨케미칼,KOSDAQ,,,false,false,false,false,2026-07-28
033320,제이씨현시스템,KOSDAQ,,,false,false,false,false,2026-07-28
417500,제이아이테크,KOSDAQ,,,false,false,false,false,2026-07-28
204270,제이앤티씨,KOSDAQ,,,false,false,false,false,2026-07-28
127120,제이에스링크,KOSDAQ,,,false,false,false,false,2026-07-28
026040,제이에스티나,KOSDAQ,,,false,false,false,false,2026-07-28
452160,제이엔비,KOSDAQ,,,false,false,false,false,2026-07-28
126880,제이엔케이글로벌,KOSDAQ,,,false,false,false,false,2026-07-28
322510,제이엘케이,KOSDAQ,,,false,false,false,false,2026-07-28
033050,제이엠아이,KOSDAQ,,,false,false,false,false,2026-07-28
094970,제이엠티,KOSDAQ,,,false,false,false,false,2026-07-28
418550,제이오,KOSDAQ,,,false,false,false,false,2026-07-28
060230,제이케이시냅스,KOSDAQ,,,false,false,false,false,2026-07-28
420570,제이투케이바이오,KOSDAQ,,,false,false,false,false,2026-07-28
089790,제이티,KOSDAQ,,,false,false,false,false,2026-07-28
0010V0,제이피아이헬스케어,KOSDAQ,,,false,false,false,false,2026-07-28
412540,제일엠앤에스,KOSDAQ,,,false,false,false,false,2026-07-28
199820,제일일렉트릭,KOSDAQ,,,false,false,false,false,2026-07-28
038010,제일테크노스,KOSDAQ,,,false,false,false,false,2026-07-28
080220,제주반도체,KOSDAQ,,,false,false,false,false,2026-07-28
216080,제테마,KOSDAQ,,,false,false,false,false,2026-07-28
337930,젝시믹스,KOSDAQ,,,false,false,false,false,2026-07-28
229000,젠큐릭스,KOSDAQ,,,false,false,false,false,2026-07-28
082270,젬백스,KOSDAQ,,,false,false,false,false,2026-07-28
153890,져스텍,KOSDAQ,,,false,false,false,false,2026-07-28
034940,조아제약,KOSDAQ,,,false,false,false,false,2026-07-28
067000,조이시티,KOSDAQ,,,false,false,false,false,2026-07-28
309930,조이웍스앤코,KOSDAQ,,,false,false,false,false,2026-07-28
018700,졸스,KOSDAQ,,,false,false,false,false,2026-07-28
033340,좋은사람들,KOSDAQ,,,false,false,false,false,2026-07-28
036930,주성엔지니어링,KOSDAQ,,,false,false,false,false,2026-07-28
072020,중앙백신,KOSDAQ,,,false,false,false,false,2026-07-28
000440,중앙에너비스,KOSDAQ,,,false,false,false,false,2026-07-28
051980,중앙첨단소재,KOSDAQ,,,false,false,false,false,2026-07-28
221800,지구홀딩스,KOSDAQ,,,false,false,false,false,2026-07-28
228760,지노믹트리,KOSDAQ,,,false,false,false,false,2026-07-28
314130,지놈앤컴퍼니,KOSDAQ,,,false,false,false,false,2026-07-28
389030,지니너스,KOSDAQ,,,false,false,false,false,2026-07-28
263860,지니언스,KOSDAQ,,,false,false,false,false,2026-07-28
303030,지니틱스,KOSDAQ,,,false,false,false,false,2026-07-28
208350,지란지교시큐리티,KOSDAQ,,,false,false,false,false,2026-07-28
446840,지슨,KOSDAQ,,,false,false,false,false,2026-07-28
144510,지씨셀,KOSDAQ,,,false,false,false,false,2026-07-28
340450,지씨지놈,KOSDAQ,,,false,false,false,false,2026-07-28
306620,지아이에스,KOSDAQ,,,false,false,false,false,2026-07-28
358570,지아이이노베이션,KOSDAQ,,,false,false,false,false,2026-07-28
382480,지아이텍,KOSDAQ,,,false,false,false,false,2026-07-28
382800,지앤비에스 에코,KOSDAQ,,,false,false,false,false,2026-07-28
051160,지어소프트,KOSDAQ,,,false,false,false,false,2026-07-28
053050,지에스이,KOSDAQ,,,false,false,false,false,2026-07-28
388610,지에프씨생명과학,KOSDAQ,,,false,false,false,false,2026-07-28
493330,지에프아이,KOSDAQ,,,false,false,false,false,2026-07-28
119850,지엔씨에너지,KOSDAQ,,,false,false,false,false,2026-07-28
065060,지엔코,KOSDAQ,,,false,false,false,false,2026-07-28
204840,지엘팜텍,KOSDAQ,,,false,false,false,false,2026-07-28
311320,지오엘리먼트,KOSDAQ,,,false,false,false,false,2026-07-28
456160,지투지바이오,KOSDAQ,,,false,false,false,false,2026-07-28
388050,지투파워,KOSDAQ,,,false,false,false,false,2026-07-28
018120,진로발효,KOSDAQ,,,false,false,false,false,2026-07-28
109820,진매트릭스,KOSDAQ,,,false,false,false,false,2026-07-28
086060,진바이오텍,KOSDAQ,,,false,false,false,false,2026-07-28
036890,진성티이씨,KOSDAQ,,,false,false,false,false,2026-07-28
363250,진시스템,KOSDAQ,,,false,false,false,false,2026-07-28
007370,진양제약,KOSDAQ,,,false,false,false,false,2026-07-28
285800,진영,KOSDAQ,,,false,false,false,false,2026-07-28
085660,차바이오텍,KOSDAQ,,,false,false,false,false,2026-07-28
351870,차이커뮤니케이션,KOSDAQ,,,false,false,false,false,2026-07-28
094850,참좋은여행,KOSDAQ,,,false,false,false,false,2026-07-28
004650,창해에탄올,KOSDAQ,,,false,false,false,false,2026-07-28
0011T0,채비,KOSDAQ,,,false,false,false,false,2026-07-28
278280,천보,KOSDAQ,,,false,false,false,false,2026-07-28
362320,청담글로벌,KOSDAQ,,,false,false,false,false,2026-07-28
013720,청보,KOSDAQ,,,false,false,false,false,2026-07-28
066360,체리부로,KOSDAQ,,,false,false,false,false,2026-07-28
047820,초록뱀미디어,KOSDAQ,,,false,false,false,false,2026-07-28
094360,칩스앤미디어,KOSDAQ,,,false,false,false,false,2026-07-28
0082N0,카나프테라퓨틱스,KOSDAQ,,,false,false,false,false,2026-07-28
016920,카스,KOSDAQ,,,false,false,false,false,2026-07-28
284620,카이노스메드,KOSDAQ,,,false,false,false,false,2026-07-28
293490,카카오게임즈,KOSDAQ,,,false,false,false,false,2026-07-28
140430,카티스,KOSDAQ,,,false,false,false,false,2026-07-28
042000,카페24,KOSDAQ,,,false,false,false,false,2026-07-28
313760,캐리,KOSDAQ,,,false,false,false,false,2026-07-28
071850,캐스텍코리아,KOSDAQ,,,false,false,false,false,2026-07-28
198080,캐프,KOSDAQ,,,false,false,false,false,2026-07-28
210120,캔버스엔,KOSDAQ,,,false,false,false,false,2026-07-28
050110,캠시스,KOSDAQ,,,false,false,false,false,2026-07-28
452300,캡스톤파트너스,KOSDAQ,,,false,false,false,false,2026-07-28
451760,컨텍,KOSDAQ,,,false,false,false,false,2026-07-28
900310,컬러레이,KOSDAQ,,,false,false,false,false,2026-07-28
078340,컴투스,KOSDAQ,,,false,false,false,false,2026-07-28
063080,컴투스홀딩스,KOSDAQ,,,false,false,false,false,2026-07-28
307930,컴퍼니케이,KOSDAQ,,,false,false,false,false,2026-07-28
079190,케스피온,KOSDAQ,,,false,false,false,false,2026-07-28
263700,케어랩스,KOSDAQ,,,false,false,false,false,2026-07-28
214370,케어젠,KOSDAQ,,,false,false,false,false,2026-07-28
221980,케이디켐,KOSDAQ,,,false,false,false,false,2026-07-28
038530,케이바이오랩스,KOSDAQ,,,false,false,false,false,2026-07-28
192250,케이사인,KOSDAQ,,,false,false,false,false,2026-07-28
431190,케이쓰리아이,KOSDAQ,,,false,false,false,false,2026-07-28
115500,케이씨에스,KOSDAQ,,,false,false,false,false,2026-07-28
089150,케이씨티,KOSDAQ,,,false,false,false,false,2026-07-28
025880,케이씨피드,KOSDAQ,,,false,false,false,false,2026-07-28
093320,케이아이엔엑스,KOSDAQ,,,false,false,false,false,2026-07-28
093640,케이알엠,KOSDAQ,,,false,false,false,false,2026-07-28
073010,케이에스피,KOSDAQ,,,false,false,false,false,2026-07-28
105330,케이엔더블유,KOSDAQ,,,false,false,false,false,2026-07-28
053080,케이엔솔,KOSDAQ,,,false,false,false,false,2026-07-28
199430,케이엔알시스템,KOSDAQ,,,false,false,false,false,2026-07-28
432470,케이엔에스,KOSDAQ,,,false,false,false,false,2026-07-28
272110,케이엔제이,KOSDAQ,,,false,false,false,false,2026-07-28
039420,케이엘넷,KOSDAQ,,,false,false,false,false,2026-07-28
083550,케이엠,KOSDAQ,,,false,false,false,false,2026-07-28
032500,케이엠더블유,KOSDAQ,,,false,false,false,false,2026-07-28
225430,케이엠제약,KOSDAQ,,,false,false,false,false,2026-07-28
102370,케이옥션,KOSDAQ,,,false,false,false,false,2026-07-28
068100,케이웨더,KOSDAQ,,,false,false,false,false,2026-07-28
106080,케이이엠텍,KOSDAQ,,,false,false,false,false,2026-07-28
455180,케이지에이,KOSDAQ,,,false,false,false,false,2026-07-28
036030,케이티알파,KOSDAQ,,,false,false,false,false,2026-07-28
064820,케이프,KOSDAQ,,,false,false,false,false,2026-07-28
024880,케이피에프,KOSDAQ,,,false,false,false,false,2026-07-28
042040,케이피엠테크,KOSDAQ,,,false,false,false,false,2026-07-28
054410,케이피티유,KOSDAQ,,,false,false,false,false,2026-07-28
288180,케이피항공산업,KOSDAQ,,,false,false,false,false,2026-07-28
258610,케일럼,KOSDAQ,,,false,false,false,false,2026-07-28
274090,켄코아에어로스페이스,KOSDAQ,,,false,false,false,false,2026-07-28
089010,켐트로닉스,KOSDAQ,,,false,false,false,false,2026-07-28
220260,켐트로스,KOSDAQ,,,false,false,false,false,2026-07-28
052400,코나아이,KOSDAQ,,,false,false,false,false,2026-07-28
402030,코난테크놀로지,KOSDAQ,,,false,false,false,false,2026-07-28
391710,코닉오토메이션,KOSDAQ,,,false,false,false,false,2026-07-28
046070,코다코,KOSDAQ,,,false,false,false,false,2026-07-28
047770,코데즈컴바인,KOSDAQ,,,false,false,false,false,2026-07-28
080530,코디,KOSDAQ,,,false,false,false,false,2026-07-28
104540,코렌텍,KOSDAQ,,,false,false,false,false,2026-07-28
027050,코리아나,KOSDAQ,,,false,false,false,false,2026-07-28
190650,코리아에셋투자증권,KOSDAQ,,,false,false,false,false,2026-07-28
123410,코리아에프티,KOSDAQ,,,false,false,false,false,2026-07-28
036690,코맥스,KOSDAQ,,,false,false,false,false,2026-07-28
049430,코메론,KOSDAQ,,,false,false,false,false,2026-07-28
183300,코미코,KOSDAQ,,,false,false,false,false,2026-07-28
041960,코미팜,KOSDAQ,,,false,false,false,false,2026-07-28
089890,코세스,KOSDAQ,,,false,false,false,false,2026-07-28
360350,코셈,KOSDAQ,,,false,false,false,false,2026-07-28
082660,코스나인,KOSDAQ,,,false,false,false,false,2026-07-28
043710,코스리거글로벌,KOSDAQ,,,false,false,false,false,2026-07-28
222040,코스맥스엔비티,KOSDAQ,,,false,false,false,false,2026-07-28
241710,코스메카코리아,KOSDAQ,,,false,false,false,false,2026-07-28
439960,코스모로보틱스,KOSDAQ,,,false,false,false,false,2026-07-28
355150,코스텍시스,KOSDAQ,,,false,false,false,false,2026-07-28
166480,코아스템켐온,KOSDAQ,,,false,false,false,false,2026-07-28
045970,코아시아,KOSDAQ,,,false,false,false,false,2026-07-28
196450,코아시아씨엠,KOSDAQ,,,false,false,false,false,2026-07-28
384470,코어라인소프트,KOSDAQ,,,false,false,false,false,2026-07-28
102940,코오롱생명과학,KOSDAQ,,,false,false,false,false,2026-07-28
950160,코오롱티슈진,KOSDAQ,,,false,false,false,false,2026-07-28
056360,코위버,KOSDAQ,,,false,false,false,false,2026-07-28
282880,코윈테크,KOSDAQ,,,false,false,false,false,2026-07-28
121850,코이즈,KOSDAQ,,,false,false,false,false,2026-07-28
448710,코츠테크놀로지,KOSDAQ,,,false,false,false,false,2026-07-28
126730,코칩,KOSDAQ,,,false,false,false,false,2026-07-28
015710,코콤,KOSDAQ,,,false,false,false,false,2026-07-28
052330,코텍,KOSDAQ,,,false,false,false,false,2026-07-28
322780,코퍼스코리아,KOSDAQ,,,false,false,false,false,2026-07-28
215380,콜마바이오텍,KOSDAQ,,,false,false,false,false,2026-07-28
200130,콜마비앤에이치,KOSDAQ,,,false,false,false,false,2026-07-28
294570,쿠콘,KOSDAQ,,,false,false,false,false,2026-07-28
464490,쿼드메디슨,KOSDAQ,,,false,false,false,false,2026-07-28
317690,퀀타매트릭스,KOSDAQ,,,false,false,false,false,2026-07-28
432720,퀄리타스반도체,KOSDAQ,,,false,false,false,false,2026-07-28
365270,큐라클,KOSDAQ,,,false,false,false,false,2026-07-28
348080,큐라티스,KOSDAQ,,,false,false,false,false,2026-07-28
060280,큐렉소,KOSDAQ,,,false,false,false,false,2026-07-28
372320,큐로셀,KOSDAQ,,,false,false,false,false,2026-07-28
051780,큐로홀딩스,KOSDAQ,,,false,false,false,false,2026-07-28
115180,큐리언트,KOSDAQ,,,false,false,false,false,2026-07-28
494120,큐리오시스,KOSDAQ,,,false,false,false,false,2026-07-28
445680,큐리옥스바이오시스템즈,KOSDAQ,,,false,false,false,false,2026-07-28
182360,큐브엔터,KOSDAQ,,,false,false,false,false,2026-07-28
405100,큐알티,KOSDAQ,,,false,false,false,false,2026-07-28
066310,큐에스아이,KOSDAQ,,,false,false,false,false,2026-07-28
377460,큐에이드,KOSDAQ,,,false,false,false,false,2026-07-28
016600,큐캐피탈,KOSDAQ,,,false,false,false,false,2026-07-28
355390,크라우드웍스,KOSDAQ,,,false,false,false,false,2026-07-28
096240,크레버스,KOSDAQ,,,false,false,false,false,2026-07-28
040350,크레오에스지,KOSDAQ,,,false,false,false,false,2026-07-28
110790,크리스에프앤씨,KOSDAQ,,,false,false,false,false,2026-07-28
900250,크리스탈신소재,KOSDAQ,,,false,false,false,false,2026-07-28
045520,크린앤사이언스,KOSDAQ,,,false,false,false,false,2026-07-28
214150,클래시스,KOSDAQ,,,false,false,false,false,2026-07-28
466100,클로봇,KOSDAQ,,,false,false,false,false,2026-07-28
237880,클리오,KOSDAQ,,,false,false,false,false,2026-07-28
139670,키네마스터,KOSDAQ,,,false,false,false,false,2026-07-28
475430,키스트론,KOSDAQ,,,false,false,false,false,2026-07-28
487720,키움제10호스팩,KOSDAQ,,,false,true,false,false,2026-07-28
489480,키움제11호스팩,KOSDAQ,,,false,true,false,false,2026-07-28
466690,키움히어로제1호스팩,KOSDAQ,,,false,true,false,false,2026-07-28
0131D0,키움히어로제2호스팩,KOSDAQ,,,false,true,false,false,2026-07-28
054780,키이스트,KOSDAQ,,,false,false,false,false,2026-07-28
256940,킵스파마,KOSDAQ,,,false,false,false,false,2026-07-28
219130,타이거일렉,KOSDAQ,,,false,false,false,false,2026-07-28
336680,탑런토탈솔루션,KOSDAQ,,,false,false,false,false,2026-07-28
360070,탑머티리얼,KOSDAQ,,,false,false,false,false,2026-07-28
065130,탑엔지니어링,KOSDAQ,,,false,false,false,false,2026-07-28
134580,탑코미디어,KOSDAQ,,,false,false,false,false,2026-07-28
023160,태광,KOSDAQ,,,false,false,false,false,2026-07-28
323280,태성,KOSDAQ,,,false,false,false,false,2026-07-28
053620,태양,KOSDAQ,,,false,false,false,false,2026-07-28
044490,태웅,KOSDAQ,,,false,false,false,false,2026-07-28
124560,태웅로직스,KOSDAQ,,,false,false,false,false,2026-07-28
191420,테고사이언스,KOSDAQ,,,false,false,false,false,2026-07-28
950250,테라뷰,KOSDAQ,,,false,false,false,false,2026-07-28
073640,테라사이언스,KOSDAQ,,,false,false,false,false,2026-07-28
066700,테라젠이텍스,KOSDAQ,,,false,false,false,false,2026-07-28
095610,테스,KOSDAQ,,,false,false,false,false,2026-07-28
064520,테크엘,KOSDAQ,,,false,false,false,false,2026-07-28
089030,테크윙,KOSDAQ,,,false,false,false,false,2026-07-28
054450,텔레칩스,KOSDAQ,,,false,false,false,false,2026-07-28
200230,텔콘RF제약,KOSDAQ,,,false,false,false,false,2026-07-28
393210,토마토시스템,KOSDAQ,,,false,false,false,false,2026-07-28
475960,토모큐브,KOSDAQ,,,false,false,false,false,2026-07-28
215480,토박스코리아,KOSDAQ,,,false,false,false,false,2026-07-28
051360,토비스,KOSDAQ,,,false,false,false,false,2026-07-28
045340,토탈소프트,KOSDAQ,,,false,false,false,false,2026-07-28
108230,톱텍,KOSDAQ,,,false,false,false,false,2026-07-28
079970,투비소프트,KOSDAQ,,,false,false,false,false,2026-07-28
199800,툴젠,KOSDAQ,,,false,false,false,false,2026-07-28
417790,트루엔,KOSDAQ,,,false,false,false,false,2026-07-28
290090,트윔,KOSDAQ,,,false,false,false,false,2026-07-28
026150,특수건설,KOSDAQ,,,false,false,false,false,2026-07-28
464280,티디에스팜,KOSDAQ,,,false,false,false,false,2026-07-28
117730,티로보틱스,KOSDAQ,,,false,false,false,false,2026-07-28
033830,티비씨,KOSDAQ,,,false,false,false,false,2026-07-28
057680,티사이언티픽,KOSDAQ,,,false,false,false,false,2026-07-28
204610,티쓰리,KOSDAQ,,,false,false,false,false,2026-07-28
125020,티씨머티리얼즈,KOSDAQ,,,false,false,false,false,2026-07-28
064760,티씨케이,KOSDAQ,,,false,false,false,false,2026-07-28
246710,티앤알바이오팹,KOSDAQ,,,false,false,false,false,2026-07-28
340570,티앤엘,KOSDAQ,,,false,false,false,false,2026-07-28
043220,티에스넥스젠,KOSDAQ,,,false,false,false,false,2026-07-28
277880,티에스아이,KOSDAQ,,,false,false,false,false,2026-07-28
131290,티에스이,KOSDAQ,,,false,false,false,false,2026-07-28
425420,티에프이,KOSDAQ,,,false,false,false,false,2026-07-28
484810,티엑스알로보틱스,KOSDAQ,,,false,false,false,false,2026-07-28
131100,티엔엔터테인먼트,KOSDAQ,,,false,false,false,false,2026-07-28
356860,티엘비,KOSDAQ,,,false,false,false,false,2026-07-28
321550,티움바이오,KOSDAQ,,,false,false,false,false,2026-07-28
425040,티이엠씨,KOSDAQ,,,false,false,false,false,2026-07-28
241790,티이엠씨씨엔에스,KOSDAQ,,,false,false,false,false,2026-07-28
022220,티케이지애강,KOSDAQ,,,false,false,false,false,2026-07-28
104480,티케이케미칼,KOSDAQ,,,false,false,false,false,2026-07-28
081150,티플랙스,KOSDAQ,,,false,false,false,false,2026-07-28
130740,티피씨글로벌,KOSDAQ,,,false,false,false,false,2026-07-28
084730,팅크웨어,KOSDAQ,,,false,false,false,false,2026-07-28
440110,파두,KOSDAQ,,,false,false,false,false,2026-07-28
290560,파라택시스이더리움,KOSDAQ,,,false,false,false,false,2026-07-28
288330,파라택시스코리아,KOSDAQ,,,false,false,false,false,2026-07-28
033540,파라텍,KOSDAQ,,,false,false,false,false,2026-07-28
388870,파로스아이바이오,KOSDAQ,,,false,false,false,false,2026-07-28
043200,파루,KOSDAQ,,,false,false,false,false,2026-07-28
214450,파마리서치,KOSDAQ,,,false,false,false,false,2026-07-28
177830,파버나인,KOSDAQ,,,false,false,false,false,2026-07-28
037070,파세코,KOSDAQ,,,false,false,false,false,2026-07-28
150900,파수AI,KOSDAQ,,,false,false,false,false,2026-07-28
037030,파워넷,KOSDAQ,,,false,false,false,false,2026-07-28
047310,파워로직스,KOSDAQ,,,false,false,false,false,2026-07-28
368770,파이버프로,KOSDAQ,,,false,false,false,false,2026-07-28
170790,파이오링크,KOSDAQ,,,false,false,false,false,2026-07-28
900100,파이온엑스,KOSDAQ,,,false,false,false,false,2026-07-28
049120,파인디앤씨,KOSDAQ,,,false,false,false,false,2026-07-28
038950,파인디지털,KOSDAQ,,,false,false,false,false,2026-07-28
387570,파인메딕스,KOSDAQ,,,false,false,false,false,2026-07-28
441270,파인엠텍,KOSDAQ,,,false,false,false,false,2026-07-28
106240,파인테크닉스,KOSDAQ,,,false,false,false,false,2026-07-28
131760,파인텍,KOSDAQ,,,false,false,false,false,2026-07-28
065690,파커스,KOSDAQ,,,false,false,false,false,2026-07-28
140860,파크시스템스,KOSDAQ,,,false,false,false,false,2026-07-28
091700,파트론,KOSDAQ,,,false,false,false,false,2026-07-28
032800,판타지오,KOSDAQ,,,false,false,false,false,2026-07-28
318010,팜스빌,KOSDAQ,,,false,false,false,false,2026-07-28
027710,팜스토리,KOSDAQ,,,false,false,false,false,2026-07-28
225590,패션플랫폼,KOSDAQ,,,false,false,false,false,2026-07-28
054300,팬스타엔터프라이즈,KOSDAQ,,,false,false,false,false,2026-07-28
068050,팬엔터테인먼트,KOSDAQ,,,false,false,false,false,2026-07-28
222110,팬젠,KOSDAQ,,,false,false,false,false,2026-07-28
271830,팸텍,KOSDAQ,,,false,false,false,false,2026-07-28
263750,펄어비스,KOSDAQ,,,false,false,false,false,2026-07-28
251970,펌텍코리아,KOSDAQ,,,false,false,false,false,2026-07-28
187660,페니트리움바이오,KOSDAQ,,,false,false,false,false,2026-07-28
0015S0,페스카로,KOSDAQ,,,false,false,false,false,2026-07-28
168360,펨트론,KOSDAQ,,,false,false,false,false,2026-07-28
087010,펩트론,KOSDAQ,,,false,false,false,false,2026-07-28
064800,포니링크,KOSDAQ,,,false,false,false,false,2026-07-28
119500,포메탈,KOSDAQ,,,false,false,false,false,2026-07-28
389140,포바이포,KOSDAQ,,,false,false,false,false,2026-07-28
105760,포스뱅크,KOSDAQ,,,false,false,false,false,2026-07-28
009520,포스코엠텍,KOSDAQ,,,false,false,false,false,2026-07-28
189690,포시에스,KOSDAQ,,,false,false,false,false,2026-07-28
318020,포인트모바일,KOSDAQ,,,false,false,false,false,2026-07-28
256630,포인트엔지니어링,KOSDAQ,,,false,false,false,false,2026-07-28
331380,포커스에이아이,KOSDAQ,,,false,false,false,false,2026-07-28
208710,포톤,KOSDAQ,,,false,false,false,false,2026-07-28
472850,폰드그룹,KOSDAQ,,,false,false,false,false,2026-07-28
039980,폴라리스AI,KOSDAQ,,,false,false,false,false,2026-07-28
041910,폴라리스AI파마,KOSDAQ,,,false,false,false,false,2026-07-28
234100,폴라리스세원,KOSDAQ,,,false,false,false,false,2026-07-28
041020,폴라리스오피스,KOSDAQ,,,false,false,false,false,2026-07-28
114630,폴라리스우노,KOSDAQ,,,false,false,false,false,2026-07-28
487580,폴레드,KOSDAQ,,,false,false,false,false,2026-07-28
290720,푸드나무,KOSDAQ,,,false,false,false,false,2026-07-28
005670,푸드웰,KOSDAQ,,,false,false,false,false,2026-07-28
094940,푸른로보틱스,KOSDAQ,,,false,false,false,false,2026-07-28
007330,푸른저축은행,KOSDAQ,,,false,false,false,false,2026-07-28
093380,풍강,KOSDAQ,,,false,false,false,false,2026-07-28
023900,풍국주정,KOSDAQ,,,false,false,false,false,2026-07-28
371950,풍원정밀,KOSDAQ,,,false,false,false,false,2026-07-28
298060,풍전약품,KOSDAQ,,,false,false,false,false,2026-07-28
370090,퓨런티어,KOSDAQ,,,false,false,false,false,2026-07-28
445180,퓨릿,KOSDAQ,,,false,false,false,false,2026-07-28
220100,퓨쳐켐,KOSDAQ,,,false,false,false,false,2026-07-28
035200,프럼파스트,KOSDAQ,,,false,false,false,false,2026-07-28
334970,프레스티지바이오로직스,KOSDAQ,,,false,false,false,false,2026-07-28
321260,프로이천,KOSDAQ,,,false,false,false,false,2026-07-28
053610,프로텍,KOSDAQ,,,false,false,false,false,2026-07-28
468530,프로티나,KOSDAQ,,,false,false,false,false,2026-07-28
303360,프로티아,KOSDAQ,,,false,false,false,false,2026-07-28
377220,프롬바이오,KOSDAQ,,,false,false,false,false,2026-07-28
335810,프리시젼바이오,KOSDAQ,,,false,false,false,false,2026-07-28
053160,프리엠스,KOSDAQ,,,false,false,false,false,2026-07-28
405000,플라즈맵,KOSDAQ,,,false,false,false,false,2026-07-28
041590,플래스크,KOSDAQ,,,false,false,false,false,2026-07-28
367000,플래티어,KOSDAQ,,,false,false,false,false,2026-07-28
075130,플랜티넷,KOSDAQ,,,false,false,false,false,2026-07-28
237820,플레이디,KOSDAQ,,,false,false,false,false,2026-07-28
023770,플레이위드,KOSDAQ,,,false,false,false,false,2026-07-28
019570,플루토스,KOSDAQ,,,false,false,false,false,2026-07-28
300080,플리토,KOSDAQ,,,false,false,false,false,2026-07-28
033790,피노,KOSDAQ,,,false,false,false,false,2026-07-28
032580,피델릭스,KOSDAQ,,,false,false,false,false,2026-07-28
0117P0,피스피스스튜디오,KOSDAQ,,,false,false,false,false,2026-07-28
051380,피씨디렉트,KOSDAQ,,,false,false,false,false,2026-07-28
241820,피씨엘,KOSDAQ,,,false,false,false,false,2026-07-28
452450,피아이이,KOSDAQ,,,false,false,false,false,2026-07-28
237750,피앤씨테크,KOSDAQ,,,false,false,false,false,2026-07-28
460940,피앤에스로보틱스,KOSDAQ,,,false,false,false,false,2026-07-28
319660,피에스케이,KOSDAQ,,,false,false,false,false,2026-07-28
031980,피에스케이홀딩스,KOSDAQ,,,false,false,false,false,2026-07-28
002230,피에스텍,KOSDAQ,,,false,false,false,false,2026-07-28
043370,피에이치에이,KOSDAQ,,,false,false,false,false,2026-07-28
239890,피엔에이치테크,KOSDAQ,,,false,false,false,false,2026-07-28
347740,피엔케이피부임상연구센타,KOSDAQ,,,false,false,false,false,2026-07-28
137400,피엔티,KOSDAQ,,,false,false,false,false,2026-07-28
257370,피엔티엠에스,KOSDAQ,,,false,false,false,false,2026-07-28
147760,피엠티,KOSDAQ,,,false,false,false,false,2026-07-28
128660,피제이메탈,KOSDAQ,,,false,false,false,false,2026-07-28
006140,피제이전자,KOSDAQ,,,false,false,false,false,2026-07-28
376180,피코그램,KOSDAQ,,,false,false,false,false,2026-07-28
304840,피플바이오,KOSDAQ,,,false,false,false,false,2026-07-28
087600,픽셀플러스,KOSDAQ,,,false,false,false,false,2026-07-28
291810,핀텔,KOSDAQ,,,false,false,false,false,2026-07-28
378340,필에너지,KOSDAQ,,,false,false,false,false,2026-07-28
161580,필옵틱스,KOSDAQ,,,false,false,false,false,2026-07-28
347770,핌스,KOSDAQ,,,false,false,false,false,2026-07-28
163730,핑거,KOSDAQ,,,false,false,false,false,2026-07-28
417180,핑거스토리,KOSDAQ,,,false,false,false,false,2026-07-28
469880,하나30호스팩,KOSDAQ,,,false,true,false,false,2026-07-28
469900,하나31호스팩,KOSDAQ,,,false,true,false,false,2026-07-28
475240,하나32호스팩,KOSDAQ,,,false,true,false,false,2026-07-28
475250,하나33호스팩,KOSDAQ,,,false,true,false,false,2026-07-28
484130,하나34호스팩,KOSDAQ,,,false,true,false,false,2026-07-28
0041L0,하나35호스팩,KOSDAQ,,,false,true,false,false,2026-07-28
0101C0,하나36호스팩,KOSDAQ,,,false,true,false,false,2026-07-28
299030,하나기술,KOSDAQ,,,false,false,false,false,2026-07-28
067310,하나마이크론,KOSDAQ,,,false,false,false,false,2026-07-28
166090,하나머티리얼즈,KOSDAQ,,,false,false,false,false,2026-07-28
136480,하림,KOSDAQ,,,false,false,false,false,2026-07-28
003380,하림지주,KOSDAQ,,,false,false,false,false,2026-07-28
450330,하스,KOSDAQ,,,false,false,false,false,2026-07-28
101670,하이드로리튬,KOSDAQ,,,false,false,false,false,2026-07-28
365590,하이딥,KOSDAQ,,,false,false,false,false,2026-07-28
149980,하이로닉,KOSDAQ,,,false,false,false,false,2026-07-28
013030,하이록코리아,KOSDAQ,,,false,false,false,false,2026-07-28
126700,하이비젼시스템,KOSDAQ,,,false,false,false,false,2026-07-28
160190,하이젠알앤엠,KOSDAQ,,,false,false,false,false,2026-07-28
221840,하이즈항공,KOSDAQ,,,false,false,false,false,2026-07-28
106190,하이텍팜,KOSDAQ,,,false,false,false,false,2026-07-28
065650,하이퍼코퍼레이션,KOSDAQ,,,false,false,false,false,2026-07-28
066130,하츠,KOSDAQ,,,false,false,false,false,2026-07-28
004590,한국가구,KOSDAQ,,,false,false,false,false,2026-07-28
039340,한국경제TV,KOSDAQ,,,false,false,false,false,2026-07-28
034950,한국기업평가,KOSDAQ,,,false,false,false,false,2026-07-28
222980,한국맥널티,KOSDAQ,,,false,false,false,false,2026-07-28
256840,한국비엔씨,KOSDAQ,,,false,false,false,false,2026-07-28
219750,한국비티비,KOSDAQ,,,false,false,false,false,2026-07-28
025550,한국선재,KOSDAQ,,,false,false,false,false,2026-07-28
017890,한국알콜,KOSDAQ,,,false,false,false,false,2026-07-28
080720,한국유니온제약,KOSDAQ,,,false,false,false,false,2026-07-28
041460,한국전자인증,KOSDAQ,,,false,false,false,false,2026-07-28
101680,한국정밀기계,KOSDAQ,,,false,false,false,false,2026-07-28
039740,한국정보공학,KOSDAQ,,,false,false,false,false,2026-07-28
053300,한국정보인증,KOSDAQ,,,false,false,false,false,2026-07-28
025770,한국정보통신,KOSDAQ,,,false,false,false,false,2026-07-28
479880,한국제15호스팩,KOSDAQ,,,false,true,false,false,2026-07-28
0164H0,한국제16호스팩,KOSDAQ,,,false,true,false,false,2026-07-28
062970,한국첨단소재,KOSDAQ,,,false,false,false,false,2026-07-28
023760,한국캐피탈,KOSDAQ,,,false,false,false,false,2026-07-28
054040,한국컴퓨터,KOSDAQ,,,false,false,false,false,2026-07-28
021650,한국큐빅,KOSDAQ,,,false,false,false,false,2026-07-28
032300,한국파마,KOSDAQ,,,false,false,false,false,2026-07-28
037230,한국팩키지,KOSDAQ,,,false,false,false,false,2026-07-28
448900,한국피아이엠,KOSDAQ,,,false,false,false,false,2026-07-28
052600,한네트,KOSDAQ,,,false,false,false,false,2026-07-28
256150,한독크린텍,KOSDAQ,,,false,false,false,false,2026-07-28
092460,한라IMS,KOSDAQ,,,false,false,false,false,2026-07-28
125490,한라캐스트,KOSDAQ,,,false,false,false,false,2026-07-28
452190,한빛레이저,KOSDAQ,,,false,false,false,false,2026-07-28
047080,한빛소프트,KOSDAQ,,,false,false,false,false,2026-07-28
452280,한선엔지니어링,KOSDAQ,,,false,false,false,false,2026-07-28
066980,한성크린텍,KOSDAQ,,,false,false,false,false,2026-07-28
114810,한솔아이원스,KOSDAQ,,,false,false,false,false,2026-07-28
042520,한스바이오메드,KOSDAQ,,,false,false,false,false,2026-07-28
430690,한싹,KOSDAQ,,,false,false,false,false,2026-07-28
078350,한양디지텍,KOSDAQ,,,false,false,false,false,2026-07-28
045100,한양이엔지,KOSDAQ,,,false,false,false,false,2026-07-28
320000,한울반도체,KOSDAQ,,,false,false,false,false,2026-07-28
091440,한울소재과학,KOSDAQ,,,false,false,false,false,2026-07-28
276730,한울앤제주,KOSDAQ,,,false,false,false,false,2026-07-28
024740,한일단조,KOSDAQ,,,false,false,false,false,2026-07-28
005860,한일사료,KOSDAQ,,,false,false,false,false,2026-07-28
007770,한일화학,KOSDAQ,,,false,false,false,false,2026-07-28
198940,한주라이트메탈,KOSDAQ,,,false,false,false,false,2026-07-28
058450,한주에이알티,KOSDAQ,,,false,false,false,false,2026-07-28
107640,한중엔시에스,KOSDAQ,,,false,false,false,false,2026-07-28
079170,한창산업,KOSDAQ,,,false,false,false,false,2026-07-28
030520,한컴,KOSDAQ,,,false,false,false,false,2026-07-28
054920,한컴위드,KOSDAQ,,,false,false,false,false,2026-07-28
457370,한켐,KOSDAQ,,,false,false,false,false,2026-07-28
002680,한탑,KOSDAQ,,,false,false,false,false,2026-07-28
098070,한텍,KOSDAQ,,,false,false,false,false,2026-07-28
408470,한패스,KOSDAQ,,,false,false,false,false,2026-07-28
498390,한화플러스제5호스팩,KOSDAQ,,,false,true,false,false,2026-07-28
034810,해성산업,KOSDAQ,,,false,false,false,false,2026-07-28
03481K,해성산업1우,KOSDAQ,,,false,false,false,false,2026-07-28
059270,해성에어로보틱스,KOSDAQ,,,false,false,false,false,2026-07-28
076610,해성옵틱스,KOSDAQ,,,false,false,false,false,2026-07-28
220180,핸디소프트,KOSDAQ,,,false,false,false,false,2026-07-28
900270,헝셩그룹,KOSDAQ,,,false,false,false,false,2026-07-28
214180,헥토이노베이션,KOSDAQ,,,false,false,false,false,2026-07-28
234340,헥토파이낸셜,KOSDAQ,,,false,false,false,false,2026-07-28
084990,헬릭스미스,KOSDAQ,,,false,false,false,false,2026-07-28
170030,현대공업,KOSDAQ,,,false,false,false,false,2026-07-28
319400,현대무벡스,KOSDAQ,,,false,false,false,false,2026-07-28
048410,현대바이오,KOSDAQ,,,false,false,false,false,2026-07-28
052260,현대바이오랜드,KOSDAQ,,,false,false,false,false,2026-07-28
016790,현대사료,KOSDAQ,,,false,false,false,false,2026-07-28
041440,현대에버다임,KOSDAQ,,,false,false,false,false,2026-07-28
039010,현대에이치티,KOSDAQ,,,false,false,false,false,2026-07-28
090850,현대이지웰,KOSDAQ,,,false,false,false,false,2026-07-28
460930,현대힘스,KOSDAQ,,,false,false,false,false,2026-07-28
092300,현우산업,KOSDAQ,,,false,false,false,false,2026-07-28
011080,형지I&C,KOSDAQ,,,false,false,false,false,2026-07-28
308100,형지글로벌,KOSDAQ,,,false,false,false,false,2026-07-28
064240,홈캐스트,KOSDAQ,,,false,false,false,false,2026-07-28
039610,화성밸브,KOSDAQ,,,false,false,false,false,2026-07-28
126640,화신정공,KOSDAQ,,,false,false,false,false,2026-07-28
127980,화인써키트,KOSDAQ,,,false,false,false,false,2026-07-28
061250,화일약품,KOSDAQ,,,false,false,false,false,2026-07-28
097870,효성오앤비,KOSDAQ,,,false,false,false,false,2026-07-28
290270,휴네시온,KOSDAQ,,,false,false,false,false,2026-07-28
353190,휴럼,KOSDAQ,,,false,false,false,false,2026-07-28
090710,휴림로봇,KOSDAQ,,,false,false,false,false,2026-07-28
078590,휴림에이텍,KOSDAQ,,,false,false,false,false,2026-07-28
205470,휴마시스,KOSDAQ,,,false,false,false,false,2026-07-28
115160,휴맥스,KOSDAQ,,,false,false,false,false,2026-07-28
028080,휴맥스홀딩스,KOSDAQ,,,false,false,false,false,2026-07-28
200670,휴메딕스,KOSDAQ,,,false,false,false,false,2026-07-28
065510,휴비츠,KOSDAQ,,,false,false,false,false,2026-07-28
263920,휴엠앤씨,KOSDAQ,,,false,false,false,false,2026-07-28
243070,휴온스,KOSDAQ,,,false,false,false,false,2026-07-28
084110,휴온스글로벌,KOSDAQ,,,false,false,false,false,2026-07-28
145020,휴젤,KOSDAQ,,,false,false,false,false,2026-07-28
024060,흥구석유,KOSDAQ,,,false,false,false,false,2026-07-28
010240,흥국,KOSDAQ,,,false,false,false,false,2026-07-28
189980,흥국에프엔비,KOSDAQ,,,false,false,false,false,2026-07-28
037440,희림,KOSDAQ,,,false,false,false,false,2026-07-28
238490,힘스,KOSDAQ,,,false,false,false,false,2026-07-28
